sample_id,raw_data_file,processed_data_directory,mass_spec_configuration_name,chromat_configuration_name,instrument_used,processing_institution_workflow,processing_institution_generation,instrument_analysis_end_date,instrument_instance_specifier,raw_data_url,associated_studies
nmdc:procsm-11-0dkt6k22,/Volumes/LaCie/nmdc_data/singer_11_46aje659/raw/20220203_JGI-AK-TH_ES_504603_EcoPod_final_IDX_C18_USDAY59443_NEG_MSMS_43_A-C-4_1_Rg80to1200-CE102040-root-F12-S1_Run23.raw,/Volumes/LaCie/nmdc_data/singer_11_46aje659/processed_20251031/20220203_JGI-AK-TH_ES_504603_EcoPod_final_IDX_C18_USDAY59443_NEG_MSMS_43_A-C-4_1_Rg80to1200-CE102040-root-F12-S1_Run23.corems,"JGI/LBNL Standard Metabolomics Method, negative @10,20,40CE",JGI/LBNL Metabolomics Standard LC Method - Nonpolar C18,Thermo Orbitrap ID-X,NMDC,JGI,2022-02-03T21:35:48Z,FSN30184,https://massive.ucsd.edu/ProteoSAFe/DownloadResultFile?file=f.MSV000094782%2F%2Fraw%2F20220203_JGI-AK-TH_ES_504603_EcoPod_final_IDX_C18_USDAY59443_RENAMED%2Frawdata%2F20220203_JGI-AK-TH_ES_504603_EcoPod_final_IDX_C18_USDAY59443_NEG_MSMS_43_A-C-4_1_Rg80to1200-CE102040-root-F12-S1_Run23.raw&forceDownload=true,['nmdc:sty-11-46aje659']
nmdc:procsm-11-bxjgq664,/Volumes/LaCie/nmdc_data/singer_11_46aje659/raw/20220203_JGI-AK-TH_ES_504603_EcoPod_final_IDX_C18_USDAY59443_NEG_MSMS_70_B-D-7_1_Rg80to1200-CE102040-root-E22-S1_Run91.raw,/Volumes/LaCie/nmdc_data/singer_11_46aje659/processed_20251031/20220203_JGI-AK-TH_ES_504603_EcoPod_final_IDX_C18_USDAY59443_NEG_MSMS_70_B-D-7_1_Rg80to1200-CE102040-root-E22-S1_Run91.corems,"JGI/LBNL Standard Metabolomics Method, negative @10,20,40CE",JGI/LBNL Metabolomics Standard LC Method - Nonpolar C18,Thermo Orbitrap ID-X,NMDC,JGI,2022-02-04T11:51:09Z,FSN30184,https://massive.ucsd.edu/ProteoSAFe/DownloadResultFile?file=f.MSV000094782%2F%2Fraw%2F20220203_JGI-AK-TH_ES_504603_EcoPod_final_IDX_C18_USDAY59443_RENAMED%2Frawdata%2F20220203_JGI-AK-TH_ES_504603_EcoPod_final_IDX_C18_USDAY59443_NEG_MSMS_70_B-D-7_1_Rg80to1200-CE102040-root-E22-S1_Run91.raw&forceDownload=true,['nmdc:sty-11-46aje659']
nmdc:procsm-11-5mnkj364,/Volumes/LaCie/nmdc_data/singer_11_46aje659/raw/20220203_JGI-AK-TH_ES_504603_EcoPod_final_IDX_C18_USDAY59443_NEG_MSMS_39_B-D-3_3_Rg80to1200-CE102040-root-D15-S1_Run188.raw,/Volumes/LaCie/nmdc_data/singer_11_46aje659/processed_20251031/20220203_JGI-AK-TH_ES_504603_EcoPod_final_IDX_C18_USDAY59443_NEG_MSMS_39_B-D-3_3_Rg80to1200-CE102040-root-D15-S1_Run188.corems,"JGI/LBNL Standard Metabolomics Method, negative @10,20,40CE",JGI/LBNL Metabolomics Standard LC Method - Nonpolar C18,Thermo Orbitrap ID-X,NMDC,JGI,2022-02-05T08:04:11Z,FSN30184,https://massive.ucsd.edu/ProteoSAFe/DownloadResultFile?file=f.MSV000094782%2F%2Fraw%2F20220203_JGI-AK-TH_ES_504603_EcoPod_final_IDX_C18_USDAY59443_RENAMED%2Frawdata%2F20220203_JGI-AK-TH_ES_504603_EcoPod_final_IDX_C18_USDAY59443_NEG_MSMS_39_B-D-3_3_Rg80to1200-CE102040-root-D15-S1_Run188.raw&forceDownload=true,['nmdc:sty-11-46aje659']
nmdc:procsm-11-a4wv8r70,/Volumes/LaCie/nmdc_data/singer_11_46aje659/raw/20220203_JGI-AK-TH_ES_504603_EcoPod_final_IDX_C18_USDAY59443_NEG_MSMS_40_A-D-3_5_Rg80to1200-CE102040-root-F11-S1_Run247.raw,/Volumes/LaCie/nmdc_data/singer_11_46aje659/processed_20251031/20220203_JGI-AK-TH_ES_504603_EcoPod_final_IDX_C18_USDAY59443_NEG_MSMS_40_A-D-3_5_Rg80to1200-CE102040-root-F11-S1_Run247.corems,"JGI/LBNL Standard Metabolomics Method, negative @10,20,40CE",JGI/LBNL Metabolomics Standard LC Method - Nonpolar C18,Thermo Orbitrap ID-X,NMDC,JGI,2022-02-07T11:22:12Z,FSN30184,https://massive.ucsd.edu/ProteoSAFe/DownloadResultFile?file=f.MSV000094782%2F%2Fraw%2F20220203_JGI-AK-TH_ES_504603_EcoPod_final_IDX_C18_USDAY59443_RENAMED%2Frawdata%2F20220203_JGI-AK-TH_ES_504603_EcoPod_final_IDX_C18_USDAY59443_NEG_MSMS_40_A-D-3_5_Rg80to1200-CE102040-root-F11-S1_Run247.raw&forceDownload=true,['nmdc:sty-11-46aje659']
nmdc:procsm-11-5mgztq29,/Volumes/LaCie/nmdc_data/singer_11_46aje659/raw/20220203_JGI-AK-TH_ES_504603_EcoPod_final_IDX_C18_USDAY59443_NEG_MSMS_21_A-D-2_2_Rg80to1200-CE102040-root-H4-S1_Run97.raw,/Volumes/LaCie/nmdc_data/singer_11_46aje659/processed_20251031/20220203_JGI-AK-TH_ES_504603_EcoPod_final_IDX_C18_USDAY59443_NEG_MSMS_21_A-D-2_2_Rg80to1200-CE102040-root-H4-S1_Run97.corems,"JGI/LBNL Standard Metabolomics Method, negative @10,20,40CE",JGI/LBNL Metabolomics Standard LC Method - Nonpolar C18,Thermo Orbitrap ID-X,NMDC,JGI,2022-02-04T13:06:34Z,FSN30184,https://massive.ucsd.edu/ProteoSAFe/DownloadResultFile?file=f.MSV000094782%2F%2Fraw%2F20220203_JGI-AK-TH_ES_504603_EcoPod_final_IDX_C18_USDAY59443_RENAMED%2Frawdata%2F20220203_JGI-AK-TH_ES_504603_EcoPod_final_IDX_C18_USDAY59443_NEG_MSMS_21_A-D-2_2_Rg80to1200-CE102040-root-H4-S1_Run97.raw&forceDownload=true,['nmdc:sty-11-46aje659']
nmdc:procsm-11-r8jkbh86,/Volumes/LaCie/nmdc_data/singer_11_46aje659/raw/20220203_JGI-AK-TH_ES_504603_EcoPod_final_IDX_C18_USDAY59443_NEG_MSMS_78_B-C-7_3_Rg80to1200-CE102040-root-J25-S1_Run167.raw,/Volumes/LaCie/nmdc_data/singer_11_46aje659/processed_20251031/20220203_JGI-AK-TH_ES_504603_EcoPod_final_IDX_C18_USDAY59443_NEG_MSMS_78_B-C-7_3_Rg80to1200-CE102040-root-J25-S1_Run167.corems,"JGI/LBNL Standard Metabolomics Method, negative @10,20,40CE",JGI/LBNL Metabolomics Standard LC Method - Nonpolar C18,Thermo Orbitrap ID-X,NMDC,JGI,2022-02-05T03:41:35Z,FSN30184,https://massive.ucsd.edu/ProteoSAFe/DownloadResultFile?file=f.MSV000094782%2F%2Fraw%2F20220203_JGI-AK-TH_ES_504603_EcoPod_final_IDX_C18_USDAY59443_RENAMED%2Frawdata%2F20220203_JGI-AK-TH_ES_504603_EcoPod_final_IDX_C18_USDAY59443_NEG_MSMS_78_B-C-7_3_Rg80to1200-CE102040-root-J25-S1_Run167.raw&forceDownload=true,['nmdc:sty-11-46aje659']
nmdc:procsm-11-15gf1f53,/Volumes/LaCie/nmdc_data/singer_11_46aje659/raw/20220203_JGI-AK-TH_ES_504603_EcoPod_final_IDX_C18_USDAY59443_NEG_MSMS_24_B-D-2_3_Rg80to1200-CE102040-root-I4-S1_Run217.raw,/Volumes/LaCie/nmdc_data/singer_11_46aje659/processed_20251031/20220203_JGI-AK-TH_ES_504603_EcoPod_final_IDX_C18_USDAY59443_NEG_MSMS_24_B-D-2_3_Rg80to1200-CE102040-root-I4-S1_Run217.corems,"JGI/LBNL Standard Metabolomics Method, negative @10,20,40CE",JGI/LBNL Metabolomics Standard LC Method - Nonpolar C18,Thermo Orbitrap ID-X,NMDC,JGI,2022-02-05T14:06:47Z,FSN30184,https://massive.ucsd.edu/ProteoSAFe/DownloadResultFile?file=f.MSV000094782%2F%2Fraw%2F20220203_JGI-AK-TH_ES_504603_EcoPod_final_IDX_C18_USDAY59443_RENAMED%2Frawdata%2F20220203_JGI-AK-TH_ES_504603_EcoPod_final_IDX_C18_USDAY59443_NEG_MSMS_24_B-D-2_3_Rg80to1200-CE102040-root-I4-S1_Run217.raw&forceDownload=true,['nmdc:sty-11-46aje659']
nmdc:procsm-11-an2rv683,/Volumes/LaCie/nmdc_data/singer_11_46aje659/raw/20220203_JGI-AK-TH_ES_504603_EcoPod_final_IDX_C18_USDAY59443_NEG_MSMS_22_B-D-2_2_Rg80to1200-CE102040-root-H4-S1_Run120.raw,/Volumes/LaCie/nmdc_data/singer_11_46aje659/processed_20251031/20220203_JGI-AK-TH_ES_504603_EcoPod_final_IDX_C18_USDAY59443_NEG_MSMS_22_B-D-2_2_Rg80to1200-CE102040-root-H4-S1_Run120.corems,"JGI/LBNL Standard Metabolomics Method, negative @10,20,40CE",JGI/LBNL Metabolomics Standard LC Method - Nonpolar C18,Thermo Orbitrap ID-X,NMDC,JGI,2022-02-04T17:53:52Z,FSN30184,https://massive.ucsd.edu/ProteoSAFe/DownloadResultFile?file=f.MSV000094782%2F%2Fraw%2F20220203_JGI-AK-TH_ES_504603_EcoPod_final_IDX_C18_USDAY59443_RENAMED%2Frawdata%2F20220203_JGI-AK-TH_ES_504603_EcoPod_final_IDX_C18_USDAY59443_NEG_MSMS_22_B-D-2_2_Rg80to1200-CE102040-root-H4-S1_Run120.raw&forceDownload=true,['nmdc:sty-11-46aje659']
nmdc:procsm-11-nyczat92,/Volumes/LaCie/nmdc_data/singer_11_46aje659/raw/20220203_JGI-AK-TH_ES_504603_EcoPod_final_IDX_C18_USDAY59443_NEG_MSMS_31_A-D-3_1_Rg80to1200-CE102040-root-I13-S1_Run59.raw,/Volumes/LaCie/nmdc_data/singer_11_46aje659/processed_20251031/20220203_JGI-AK-TH_ES_504603_EcoPod_final_IDX_C18_USDAY59443_NEG_MSMS_31_A-D-3_1_Rg80to1200-CE102040-root-I13-S1_Run59.corems,"JGI/LBNL Standard Metabolomics Method, negative @10,20,40CE",JGI/LBNL Metabolomics Standard LC Method - Nonpolar C18,Thermo Orbitrap ID-X,NMDC,JGI,2022-02-04T05:08:02Z,FSN30184,https://massive.ucsd.edu/ProteoSAFe/DownloadResultFile?file=f.MSV000094782%2F%2Fraw%2F20220203_JGI-AK-TH_ES_504603_EcoPod_final_IDX_C18_USDAY59443_RENAMED%2Frawdata%2F20220203_JGI-AK-TH_ES_504603_EcoPod_final_IDX_C18_USDAY59443_NEG_MSMS_31_A-D-3_1_Rg80to1200-CE102040-root-I13-S1_Run59.raw&forceDownload=true,['nmdc:sty-11-46aje659']
nmdc:procsm-11-b7fgrg75,/Volumes/LaCie/nmdc_data/singer_11_46aje659/raw/20220203_JGI-AK-TH_ES_504603_EcoPod_final_IDX_C18_USDAY59443_NEG_MSMS_7_B-C-0_2_Rg80to1200-CE102040-root-I5-S1_Run144.raw,/Volumes/LaCie/nmdc_data/singer_11_46aje659/processed_20251031/20220203_JGI-AK-TH_ES_504603_EcoPod_final_IDX_C18_USDAY59443_NEG_MSMS_7_B-C-0_2_Rg80to1200-CE102040-root-I5-S1_Run144.corems,"JGI/LBNL Standard Metabolomics Method, negative @10,20,40CE",JGI/LBNL Metabolomics Standard LC Method - Nonpolar C18,Thermo Orbitrap ID-X,NMDC,JGI,2022-02-04T22:53:48Z,FSN30184,https://massive.ucsd.edu/ProteoSAFe/DownloadResultFile?file=f.MSV000094782%2F%2Fraw%2F20220203_JGI-AK-TH_ES_504603_EcoPod_final_IDX_C18_USDAY59443_RENAMED%2Frawdata%2F20220203_JGI-AK-TH_ES_504603_EcoPod_final_IDX_C18_USDAY59443_NEG_MSMS_7_B-C-0_2_Rg80to1200-CE102040-root-I5-S1_Run144.raw&forceDownload=true,['nmdc:sty-11-46aje659']
nmdc:procsm-11-nwgdhr72,/Volumes/LaCie/nmdc_data/singer_11_46aje659/raw/20220203_JGI-AK-TH_ES_504603_EcoPod_final_IDX_C18_USDAY59443_NEG_MSMS_61_A-D-5_1_Rg80to1200-CE102040-root-F22-S1_Run20.raw,/Volumes/LaCie/nmdc_data/singer_11_46aje659/processed_20251031/20220203_JGI-AK-TH_ES_504603_EcoPod_final_IDX_C18_USDAY59443_NEG_MSMS_61_A-D-5_1_Rg80to1200-CE102040-root-F22-S1_Run20.corems,"JGI/LBNL Standard Metabolomics Method, negative @10,20,40CE",JGI/LBNL Metabolomics Standard LC Method - Nonpolar C18,Thermo Orbitrap ID-X,NMDC,JGI,2022-02-03T20:57:50Z,FSN30184,https://massive.ucsd.edu/ProteoSAFe/DownloadResultFile?file=f.MSV000094782%2F%2Fraw%2F20220203_JGI-AK-TH_ES_504603_EcoPod_final_IDX_C18_USDAY59443_RENAMED%2Frawdata%2F20220203_JGI-AK-TH_ES_504603_EcoPod_final_IDX_C18_USDAY59443_NEG_MSMS_61_A-D-5_1_Rg80to1200-CE102040-root-F22-S1_Run20.raw&forceDownload=true,['nmdc:sty-11-46aje659']
nmdc:procsm-11-3e9d4479,/Volumes/LaCie/nmdc_data/singer_11_46aje659/raw/20220203_JGI-AK-TH_ES_504603_EcoPod_final_IDX_C18_USDAY59443_NEG_MSMS_68_A-D-5_3_Rg80to1200-CE102040-root-A25-S1_Run185.raw,/Volumes/LaCie/nmdc_data/singer_11_46aje659/processed_20251031/20220203_JGI-AK-TH_ES_504603_EcoPod_final_IDX_C18_USDAY59443_NEG_MSMS_68_A-D-5_3_Rg80to1200-CE102040-root-A25-S1_Run185.corems,"JGI/LBNL Standard Metabolomics Method, negative @10,20,40CE",JGI/LBNL Metabolomics Standard LC Method - Nonpolar C18,Thermo Orbitrap ID-X,NMDC,JGI,2022-02-05T07:26:15Z,FSN30184,https://massive.ucsd.edu/ProteoSAFe/DownloadResultFile?file=f.MSV000094782%2F%2Fraw%2F20220203_JGI-AK-TH_ES_504603_EcoPod_final_IDX_C18_USDAY59443_RENAMED%2Frawdata%2F20220203_JGI-AK-TH_ES_504603_EcoPod_final_IDX_C18_USDAY59443_NEG_MSMS_68_A-D-5_3_Rg80to1200-CE102040-root-A25-S1_Run185.raw&forceDownload=true,['nmdc:sty-11-46aje659']
nmdc:procsm-11-zvj5wy92,/Volumes/LaCie/nmdc_data/singer_11_46aje659/raw/20220203_JGI-AK-TH_ES_504603_EcoPod_final_IDX_C18_USDAY59443_NEG_MSMS_38_A-D-3_4_Rg80to1200-CE102040-root-D15-S1_Run220.raw,/Volumes/LaCie/nmdc_data/singer_11_46aje659/processed_20251031/20220203_JGI-AK-TH_ES_504603_EcoPod_final_IDX_C18_USDAY59443_NEG_MSMS_38_A-D-3_4_Rg80to1200-CE102040-root-D15-S1_Run220.corems,"JGI/LBNL Standard Metabolomics Method, negative @10,20,40CE",JGI/LBNL Metabolomics Standard LC Method - Nonpolar C18,Thermo Orbitrap ID-X,NMDC,JGI,2022-02-05T14:44:08Z,FSN30184,https://massive.ucsd.edu/ProteoSAFe/DownloadResultFile?file=f.MSV000094782%2F%2Fraw%2F20220203_JGI-AK-TH_ES_504603_EcoPod_final_IDX_C18_USDAY59443_RENAMED%2Frawdata%2F20220203_JGI-AK-TH_ES_504603_EcoPod_final_IDX_C18_USDAY59443_NEG_MSMS_38_A-D-3_4_Rg80to1200-CE102040-root-D15-S1_Run220.raw&forceDownload=true,['nmdc:sty-11-46aje659']
nmdc:procsm-11-28c8st41,/Volumes/LaCie/nmdc_data/singer_11_46aje659/raw/20220203_JGI-AK-TH_ES_504603_EcoPod_final_IDX_C18_USDAY59443_NEG_MSMS_36_A-C-3_1_Rg80to1200-CE102040-root-I12-S1_Run88.raw,/Volumes/LaCie/nmdc_data/singer_11_46aje659/processed_20251031/20220203_JGI-AK-TH_ES_504603_EcoPod_final_IDX_C18_USDAY59443_NEG_MSMS_36_A-C-3_1_Rg80to1200-CE102040-root-I12-S1_Run88.corems,"JGI/LBNL Standard Metabolomics Method, negative @10,20,40CE",JGI/LBNL Metabolomics Standard LC Method - Nonpolar C18,Thermo Orbitrap ID-X,NMDC,JGI,2022-02-04T11:13:30Z,FSN30184,https://massive.ucsd.edu/ProteoSAFe/DownloadResultFile?file=f.MSV000094782%2F%2Fraw%2F20220203_JGI-AK-TH_ES_504603_EcoPod_final_IDX_C18_USDAY59443_RENAMED%2Frawdata%2F20220203_JGI-AK-TH_ES_504603_EcoPod_final_IDX_C18_USDAY59443_NEG_MSMS_36_A-C-3_1_Rg80to1200-CE102040-root-I12-S1_Run88.raw&forceDownload=true,['nmdc:sty-11-46aje659']
nmdc:procsm-11-9armxr22,/Volumes/LaCie/nmdc_data/singer_11_46aje659/raw/20220203_JGI-AK-TH_ES_504603_EcoPod_final_IDX_C18_USDAY59443_NEG_MSMS_49_B-C-4_3_Rg80to1200-CE102040-root-C11-S1_Run197.raw,/Volumes/LaCie/nmdc_data/singer_11_46aje659/processed_20251031/20220203_JGI-AK-TH_ES_504603_EcoPod_final_IDX_C18_USDAY59443_NEG_MSMS_49_B-C-4_3_Rg80to1200-CE102040-root-C11-S1_Run197.corems,"JGI/LBNL Standard Metabolomics Method, negative @10,20,40CE",JGI/LBNL Metabolomics Standard LC Method - Nonpolar C18,Thermo Orbitrap ID-X,NMDC,JGI,2022-02-05T09:56:33Z,FSN30184,https://massive.ucsd.edu/ProteoSAFe/DownloadResultFile?file=f.MSV000094782%2F%2Fraw%2F20220203_JGI-AK-TH_ES_504603_EcoPod_final_IDX_C18_USDAY59443_RENAMED%2Frawdata%2F20220203_JGI-AK-TH_ES_504603_EcoPod_final_IDX_C18_USDAY59443_NEG_MSMS_49_B-C-4_3_Rg80to1200-CE102040-root-C11-S1_Run197.raw&forceDownload=true,['nmdc:sty-11-46aje659']
nmdc:procsm-11-mfah9n08,/Volumes/LaCie/nmdc_data/singer_11_46aje659/raw/20220203_JGI-AK-TH_ES_504603_EcoPod_final_IDX_C18_USDAY59443_NEG_MSMS_73_B-C-7_1_Rg80to1200-CE102040-root-C24-S1_Run73.raw,/Volumes/LaCie/nmdc_data/singer_11_46aje659/processed_20251031/20220203_JGI-AK-TH_ES_504603_EcoPod_final_IDX_C18_USDAY59443_NEG_MSMS_73_B-C-7_1_Rg80to1200-CE102040-root-C24-S1_Run73.corems,"JGI/LBNL Standard Metabolomics Method, negative @10,20,40CE",JGI/LBNL Metabolomics Standard LC Method - Nonpolar C18,Thermo Orbitrap ID-X,NMDC,JGI,2022-02-04T08:04:10Z,FSN30184,https://massive.ucsd.edu/ProteoSAFe/DownloadResultFile?file=f.MSV000094782%2F%2Fraw%2F20220203_JGI-AK-TH_ES_504603_EcoPod_final_IDX_C18_USDAY59443_RENAMED%2Frawdata%2F20220203_JGI-AK-TH_ES_504603_EcoPod_final_IDX_C18_USDAY59443_NEG_MSMS_73_B-C-7_1_Rg80to1200-CE102040-root-C24-S1_Run73.raw&forceDownload=true,['nmdc:sty-11-46aje659']
nmdc:procsm-11-35pmpv49,/Volumes/LaCie/nmdc_data/singer_11_46aje659/raw/20220203_JGI-AK-TH_ES_504603_EcoPod_final_IDX_C18_USDAY59443_NEG_MSMS_56_B-D-4_7_Rg80to1200-CE102040-root-A15-S1_Run267.raw,/Volumes/LaCie/nmdc_data/singer_11_46aje659/processed_20251031/20220203_JGI-AK-TH_ES_504603_EcoPod_final_IDX_C18_USDAY59443_NEG_MSMS_56_B-D-4_7_Rg80to1200-CE102040-root-A15-S1_Run267.corems,"JGI/LBNL Standard Metabolomics Method, negative @10,20,40CE",JGI/LBNL Metabolomics Standard LC Method - Nonpolar C18,Thermo Orbitrap ID-X,NMDC,JGI,2022-02-07T15:32:18Z,FSN30184,https://massive.ucsd.edu/ProteoSAFe/DownloadResultFile?file=f.MSV000094782%2F%2Fraw%2F20220203_JGI-AK-TH_ES_504603_EcoPod_final_IDX_C18_USDAY59443_RENAMED%2Frawdata%2F20220203_JGI-AK-TH_ES_504603_EcoPod_final_IDX_C18_USDAY59443_NEG_MSMS_56_B-D-4_7_Rg80to1200-CE102040-root-A15-S1_Run267.raw&forceDownload=true,['nmdc:sty-11-46aje659']
nmdc:procsm-11-ycp8es87,/Volumes/LaCie/nmdc_data/singer_11_46aje659/raw/20220203_JGI-AK-TH_ES_504603_EcoPod_final_IDX_C18_USDAY59443_NEG_MSMS_32_B-D-3_1_Rg80to1200-CE102040-root-I13-S1_Run32.raw,/Volumes/LaCie/nmdc_data/singer_11_46aje659/processed_20251031/20220203_JGI-AK-TH_ES_504603_EcoPod_final_IDX_C18_USDAY59443_NEG_MSMS_32_B-D-3_1_Rg80to1200-CE102040-root-I13-S1_Run32.corems,"JGI/LBNL Standard Metabolomics Method, negative @10,20,40CE",JGI/LBNL Metabolomics Standard LC Method - Nonpolar C18,Thermo Orbitrap ID-X,NMDC,JGI,2022-02-03T23:28:54Z,FSN30184,https://massive.ucsd.edu/ProteoSAFe/DownloadResultFile?file=f.MSV000094782%2F%2Fraw%2F20220203_JGI-AK-TH_ES_504603_EcoPod_final_IDX_C18_USDAY59443_RENAMED%2Frawdata%2F20220203_JGI-AK-TH_ES_504603_EcoPod_final_IDX_C18_USDAY59443_NEG_MSMS_32_B-D-3_1_Rg80to1200-CE102040-root-I13-S1_Run32.raw&forceDownload=true,['nmdc:sty-11-46aje659']
nmdc:procsm-11-ncbdr751,/Volumes/LaCie/nmdc_data/singer_11_46aje659/raw/20220203_JGI-AK-TH_ES_504603_EcoPod_final_IDX_C18_USDAY59443_NEG_MSMS_13_A-C-2_1_Rg80to1200-CE102040-root-G5-S1_Run64.raw,/Volumes/LaCie/nmdc_data/singer_11_46aje659/processed_20251031/20220203_JGI-AK-TH_ES_504603_EcoPod_final_IDX_C18_USDAY59443_NEG_MSMS_13_A-C-2_1_Rg80to1200-CE102040-root-G5-S1_Run64.corems,"JGI/LBNL Standard Metabolomics Method, negative @10,20,40CE",JGI/LBNL Metabolomics Standard LC Method - Nonpolar C18,Thermo Orbitrap ID-X,NMDC,JGI,2022-02-04T06:10:38Z,FSN30184,https://massive.ucsd.edu/ProteoSAFe/DownloadResultFile?file=f.MSV000094782%2F%2Fraw%2F20220203_JGI-AK-TH_ES_504603_EcoPod_final_IDX_C18_USDAY59443_RENAMED%2Frawdata%2F20220203_JGI-AK-TH_ES_504603_EcoPod_final_IDX_C18_USDAY59443_NEG_MSMS_13_A-C-2_1_Rg80to1200-CE102040-root-G5-S1_Run64.raw&forceDownload=true,['nmdc:sty-11-46aje659']
nmdc:procsm-11-qqeajf95,/Volumes/LaCie/nmdc_data/singer_11_46aje659/raw/20220203_JGI-AK-TH_ES_504603_EcoPod_final_IDX_C18_USDAY59443_NEG_MSMS_17_A-C-2_3_Rg80to1200-CE102040-root-G2-S1_Run173.raw,/Volumes/LaCie/nmdc_data/singer_11_46aje659/processed_20251031/20220203_JGI-AK-TH_ES_504603_EcoPod_final_IDX_C18_USDAY59443_NEG_MSMS_17_A-C-2_3_Rg80to1200-CE102040-root-G2-S1_Run173.corems,"JGI/LBNL Standard Metabolomics Method, negative @10,20,40CE",JGI/LBNL Metabolomics Standard LC Method - Nonpolar C18,Thermo Orbitrap ID-X,NMDC,JGI,2022-02-05T04:56:34Z,FSN30184,https://massive.ucsd.edu/ProteoSAFe/DownloadResultFile?file=f.MSV000094782%2F%2Fraw%2F20220203_JGI-AK-TH_ES_504603_EcoPod_final_IDX_C18_USDAY59443_RENAMED%2Frawdata%2F20220203_JGI-AK-TH_ES_504603_EcoPod_final_IDX_C18_USDAY59443_NEG_MSMS_17_A-C-2_3_Rg80to1200-CE102040-root-G2-S1_Run173.raw&forceDownload=true,['nmdc:sty-11-46aje659']
nmdc:procsm-11-prgh2x54,/Volumes/LaCie/nmdc_data/singer_11_46aje659/raw/20220203_JGI-AK-TH_ES_504603_EcoPod_final_IDX_C18_USDAY59443_NEG_MSMS_4_A-C-0_1_Rg80to1200-CE102040-root-D2-S1_Run26.raw,/Volumes/LaCie/nmdc_data/singer_11_46aje659/processed_20251031/20220203_JGI-AK-TH_ES_504603_EcoPod_final_IDX_C18_USDAY59443_NEG_MSMS_4_A-C-0_1_Rg80to1200-CE102040-root-D2-S1_Run26.corems,"JGI/LBNL Standard Metabolomics Method, negative @10,20,40CE",JGI/LBNL Metabolomics Standard LC Method - Nonpolar C18,Thermo Orbitrap ID-X,NMDC,JGI,2022-02-03T22:13:31Z,FSN30184,https://massive.ucsd.edu/ProteoSAFe/DownloadResultFile?file=f.MSV000094782%2F%2Fraw%2F20220203_JGI-AK-TH_ES_504603_EcoPod_final_IDX_C18_USDAY59443_RENAMED%2Frawdata%2F20220203_JGI-AK-TH_ES_504603_EcoPod_final_IDX_C18_USDAY59443_NEG_MSMS_4_A-C-0_1_Rg80to1200-CE102040-root-D2-S1_Run26.raw&forceDownload=true,['nmdc:sty-11-46aje659']
nmdc:procsm-11-7rgx2y54,/Volumes/LaCie/nmdc_data/singer_11_46aje659/raw/20220203_JGI-AK-TH_ES_504603_EcoPod_final_IDX_C18_USDAY59443_NEG_MSMS_37_B-C-3_1_Rg80to1200-CE102040-root-I12-S1_Run79.raw,/Volumes/LaCie/nmdc_data/singer_11_46aje659/processed_20251031/20220203_JGI-AK-TH_ES_504603_EcoPod_final_IDX_C18_USDAY59443_NEG_MSMS_37_B-C-3_1_Rg80to1200-CE102040-root-I12-S1_Run79.corems,"JGI/LBNL Standard Metabolomics Method, negative @10,20,40CE",JGI/LBNL Metabolomics Standard LC Method - Nonpolar C18,Thermo Orbitrap ID-X,NMDC,JGI,2022-02-04T09:19:52Z,FSN30184,https://massive.ucsd.edu/ProteoSAFe/DownloadResultFile?file=f.MSV000094782%2F%2Fraw%2F20220203_JGI-AK-TH_ES_504603_EcoPod_final_IDX_C18_USDAY59443_RENAMED%2Frawdata%2F20220203_JGI-AK-TH_ES_504603_EcoPod_final_IDX_C18_USDAY59443_NEG_MSMS_37_B-C-3_1_Rg80to1200-CE102040-root-I12-S1_Run79.raw&forceDownload=true,['nmdc:sty-11-46aje659']
nmdc:procsm-11-46044f04,/Volumes/LaCie/nmdc_data/singer_11_46aje659/raw/20220203_JGI-AK-TH_ES_504603_EcoPod_final_IDX_C18_USDAY59443_NEG_MSMS_10_A-C-0_4_Rg80to1200-CE102040-root-J4-S1_Run223.raw,/Volumes/LaCie/nmdc_data/singer_11_46aje659/processed_20251031/20220203_JGI-AK-TH_ES_504603_EcoPod_final_IDX_C18_USDAY59443_NEG_MSMS_10_A-C-0_4_Rg80to1200-CE102040-root-J4-S1_Run223.corems,"JGI/LBNL Standard Metabolomics Method, negative @10,20,40CE",JGI/LBNL Metabolomics Standard LC Method - Nonpolar C18,Thermo Orbitrap ID-X,NMDC,JGI,2022-02-05T15:21:46Z,FSN30184,https://massive.ucsd.edu/ProteoSAFe/DownloadResultFile?file=f.MSV000094782%2F%2Fraw%2F20220203_JGI-AK-TH_ES_504603_EcoPod_final_IDX_C18_USDAY59443_RENAMED%2Frawdata%2F20220203_JGI-AK-TH_ES_504603_EcoPod_final_IDX_C18_USDAY59443_NEG_MSMS_10_A-C-0_4_Rg80to1200-CE102040-root-J4-S1_Run223.raw&forceDownload=true,['nmdc:sty-11-46aje659']
nmdc:procsm-11-vpkary77,/Volumes/LaCie/nmdc_data/singer_11_46aje659/raw/20220203_JGI-AK-TH_ES_504603_EcoPod_final_IDX_C18_USDAY59443_NEG_MSMS_63_A-D-5_2_Rg80to1200-CE102040-root-H24-S1_Run111.raw,/Volumes/LaCie/nmdc_data/singer_11_46aje659/processed_20251031/20220203_JGI-AK-TH_ES_504603_EcoPod_final_IDX_C18_USDAY59443_NEG_MSMS_63_A-D-5_2_Rg80to1200-CE102040-root-H24-S1_Run111.corems,"JGI/LBNL Standard Metabolomics Method, negative @10,20,40CE",JGI/LBNL Metabolomics Standard LC Method - Nonpolar C18,Thermo Orbitrap ID-X,NMDC,JGI,2022-02-04T16:01:13Z,FSN30184,https://massive.ucsd.edu/ProteoSAFe/DownloadResultFile?file=f.MSV000094782%2F%2Fraw%2F20220203_JGI-AK-TH_ES_504603_EcoPod_final_IDX_C18_USDAY59443_RENAMED%2Frawdata%2F20220203_JGI-AK-TH_ES_504603_EcoPod_final_IDX_C18_USDAY59443_NEG_MSMS_63_A-D-5_2_Rg80to1200-CE102040-root-H24-S1_Run111.raw&forceDownload=true,['nmdc:sty-11-46aje659']
nmdc:procsm-11-48t7pf31,/Volumes/LaCie/nmdc_data/singer_11_46aje659/raw/20220203_JGI-AK-TH_ES_504603_EcoPod_final_IDX_C18_USDAY59443_NEG_MSMS_15_A-C-2_2_Rg80to1200-CE102040-root-F2-S1_Run141.raw,/Volumes/LaCie/nmdc_data/singer_11_46aje659/processed_20251031/20220203_JGI-AK-TH_ES_504603_EcoPod_final_IDX_C18_USDAY59443_NEG_MSMS_15_A-C-2_2_Rg80to1200-CE102040-root-F2-S1_Run141.corems,"JGI/LBNL Standard Metabolomics Method, negative @10,20,40CE",JGI/LBNL Metabolomics Standard LC Method - Nonpolar C18,Thermo Orbitrap ID-X,NMDC,JGI,2022-02-04T22:16:14Z,FSN30184,https://massive.ucsd.edu/ProteoSAFe/DownloadResultFile?file=f.MSV000094782%2F%2Fraw%2F20220203_JGI-AK-TH_ES_504603_EcoPod_final_IDX_C18_USDAY59443_RENAMED%2Frawdata%2F20220203_JGI-AK-TH_ES_504603_EcoPod_final_IDX_C18_USDAY59443_NEG_MSMS_15_A-C-2_2_Rg80to1200-CE102040-root-F2-S1_Run141.raw&forceDownload=true,['nmdc:sty-11-46aje659']
nmdc:procsm-11-xx563506,/Volumes/LaCie/nmdc_data/singer_11_46aje659/raw/20220203_JGI-AK-TH_ES_504603_EcoPod_final_IDX_C18_USDAY59443_NEG_MSMS_77_A-C-7_2_Rg80to1200-CE102040-root-J25-S1_Run103.raw,/Volumes/LaCie/nmdc_data/singer_11_46aje659/processed_20251031/20220203_JGI-AK-TH_ES_504603_EcoPod_final_IDX_C18_USDAY59443_NEG_MSMS_77_A-C-7_2_Rg80to1200-CE102040-root-J25-S1_Run103.corems,"JGI/LBNL Standard Metabolomics Method, negative @10,20,40CE",JGI/LBNL Metabolomics Standard LC Method - Nonpolar C18,Thermo Orbitrap ID-X,NMDC,JGI,2022-02-04T14:21:33Z,FSN30184,https://massive.ucsd.edu/ProteoSAFe/DownloadResultFile?file=f.MSV000094782%2F%2Fraw%2F20220203_JGI-AK-TH_ES_504603_EcoPod_final_IDX_C18_USDAY59443_RENAMED%2Frawdata%2F20220203_JGI-AK-TH_ES_504603_EcoPod_final_IDX_C18_USDAY59443_NEG_MSMS_77_A-C-7_2_Rg80to1200-CE102040-root-J25-S1_Run103.raw&forceDownload=true,['nmdc:sty-11-46aje659']
nmdc:procsm-11-ggdx0m21,/Volumes/LaCie/nmdc_data/singer_11_46aje659/raw/20220203_JGI-AK-TH_ES_504603_EcoPod_final_IDX_C18_USDAY59443_NEG_MSMS_48_A-C-4_2_Rg80to1200-CE102040-root-C11-S1_Run100.raw,/Volumes/LaCie/nmdc_data/singer_11_46aje659/processed_20251031/20220203_JGI-AK-TH_ES_504603_EcoPod_final_IDX_C18_USDAY59443_NEG_MSMS_48_A-C-4_2_Rg80to1200-CE102040-root-C11-S1_Run100.corems,"JGI/LBNL Standard Metabolomics Method, negative @10,20,40CE",JGI/LBNL Metabolomics Standard LC Method - Nonpolar C18,Thermo Orbitrap ID-X,NMDC,JGI,2022-02-04T13:43:54Z,FSN30184,https://massive.ucsd.edu/ProteoSAFe/DownloadResultFile?file=f.MSV000094782%2F%2Fraw%2F20220203_JGI-AK-TH_ES_504603_EcoPod_final_IDX_C18_USDAY59443_RENAMED%2Frawdata%2F20220203_JGI-AK-TH_ES_504603_EcoPod_final_IDX_C18_USDAY59443_NEG_MSMS_48_A-C-4_2_Rg80to1200-CE102040-root-C11-S1_Run100.raw&forceDownload=true,['nmdc:sty-11-46aje659']
nmdc:procsm-11-njdpag07,/Volumes/LaCie/nmdc_data/singer_11_46aje659/raw/20220203_JGI-AK-TH_ES_504603_EcoPod_final_IDX_C18_USDAY59443_NEG_MSMS_80_B-D-7_3_Rg80to1200-CE102040-root-C22-S1_Run200.raw,/Volumes/LaCie/nmdc_data/singer_11_46aje659/processed_20251031/20220203_JGI-AK-TH_ES_504603_EcoPod_final_IDX_C18_USDAY59443_NEG_MSMS_80_B-D-7_3_Rg80to1200-CE102040-root-C22-S1_Run200.corems,"JGI/LBNL Standard Metabolomics Method, negative @10,20,40CE",JGI/LBNL Metabolomics Standard LC Method - Nonpolar C18,Thermo Orbitrap ID-X,NMDC,JGI,2022-02-05T10:34:12Z,FSN30184,https://massive.ucsd.edu/ProteoSAFe/DownloadResultFile?file=f.MSV000094782%2F%2Fraw%2F20220203_JGI-AK-TH_ES_504603_EcoPod_final_IDX_C18_USDAY59443_RENAMED%2Frawdata%2F20220203_JGI-AK-TH_ES_504603_EcoPod_final_IDX_C18_USDAY59443_NEG_MSMS_80_B-D-7_3_Rg80to1200-CE102040-root-C22-S1_Run200.raw&forceDownload=true,['nmdc:sty-11-46aje659']
nmdc:procsm-11-8rwfm853,/Volumes/LaCie/nmdc_data/singer_11_46aje659/raw/20220203_JGI-AK-TH_ES_504603_EcoPod_final_IDX_C18_USDAY59443_NEG_MSMS_58_B-C-4_8_Rg80to1200-CE102040-root-I14-S1_Run270.raw,/Volumes/LaCie/nmdc_data/singer_11_46aje659/processed_20251031/20220203_JGI-AK-TH_ES_504603_EcoPod_final_IDX_C18_USDAY59443_NEG_MSMS_58_B-C-4_8_Rg80to1200-CE102040-root-I14-S1_Run270.corems,"JGI/LBNL Standard Metabolomics Method, negative @10,20,40CE",JGI/LBNL Metabolomics Standard LC Method - Nonpolar C18,Thermo Orbitrap ID-X,NMDC,JGI,2022-02-07T16:09:39Z,FSN30184,https://massive.ucsd.edu/ProteoSAFe/DownloadResultFile?file=f.MSV000094782%2F%2Fraw%2F20220203_JGI-AK-TH_ES_504603_EcoPod_final_IDX_C18_USDAY59443_RENAMED%2Frawdata%2F20220203_JGI-AK-TH_ES_504603_EcoPod_final_IDX_C18_USDAY59443_NEG_MSMS_58_B-C-4_8_Rg80to1200-CE102040-root-I14-S1_Run270.raw&forceDownload=true,['nmdc:sty-11-46aje659']
nmdc:procsm-11-syea3302,/Volumes/LaCie/nmdc_data/singer_11_46aje659/raw/20220203_JGI-AK-TH_ES_504603_EcoPod_final_IDX_C18_USDAY59443_NEG_MSMS_69_B-D-5_3_Rg80to1200-CE102040-root-A25-S1_Run205.raw,/Volumes/LaCie/nmdc_data/singer_11_46aje659/processed_20251031/20220203_JGI-AK-TH_ES_504603_EcoPod_final_IDX_C18_USDAY59443_NEG_MSMS_69_B-D-5_3_Rg80to1200-CE102040-root-A25-S1_Run205.corems,"JGI/LBNL Standard Metabolomics Method, negative @10,20,40CE",JGI/LBNL Metabolomics Standard LC Method - Nonpolar C18,Thermo Orbitrap ID-X,NMDC,JGI,2022-02-05T11:36:31Z,FSN30184,https://massive.ucsd.edu/ProteoSAFe/DownloadResultFile?file=f.MSV000094782%2F%2Fraw%2F20220203_JGI-AK-TH_ES_504603_EcoPod_final_IDX_C18_USDAY59443_RENAMED%2Frawdata%2F20220203_JGI-AK-TH_ES_504603_EcoPod_final_IDX_C18_USDAY59443_NEG_MSMS_69_B-D-5_3_Rg80to1200-CE102040-root-A25-S1_Run205.raw&forceDownload=true,['nmdc:sty-11-46aje659']
nmdc:procsm-11-4cp9d231,/Volumes/LaCie/nmdc_data/singer_11_46aje659/raw/20220203_JGI-AK-TH_ES_504603_EcoPod_final_IDX_C18_USDAY59443_NEG_MSMS_65_A-C-5_1_Rg80to1200-CE102040-root-G24-S1_Run76.raw,/Volumes/LaCie/nmdc_data/singer_11_46aje659/processed_20251031/20220203_JGI-AK-TH_ES_504603_EcoPod_final_IDX_C18_USDAY59443_NEG_MSMS_65_A-C-5_1_Rg80to1200-CE102040-root-G24-S1_Run76.corems,"JGI/LBNL Standard Metabolomics Method, negative @10,20,40CE",JGI/LBNL Metabolomics Standard LC Method - Nonpolar C18,Thermo Orbitrap ID-X,NMDC,JGI,2022-02-04T08:41:43Z,FSN30184,https://massive.ucsd.edu/ProteoSAFe/DownloadResultFile?file=f.MSV000094782%2F%2Fraw%2F20220203_JGI-AK-TH_ES_504603_EcoPod_final_IDX_C18_USDAY59443_RENAMED%2Frawdata%2F20220203_JGI-AK-TH_ES_504603_EcoPod_final_IDX_C18_USDAY59443_NEG_MSMS_65_A-C-5_1_Rg80to1200-CE102040-root-G24-S1_Run76.raw&forceDownload=true,['nmdc:sty-11-46aje659']
nmdc:procsm-11-nmawez57,/Volumes/LaCie/nmdc_data/singer_11_46aje659/raw/20220203_JGI-AK-TH_ES_504603_EcoPod_final_IDX_C18_USDAY59443_NEG_MSMS_64_B-D-5_2_Rg80to1200-CE102040-root-H24-S1_Run147.raw,/Volumes/LaCie/nmdc_data/singer_11_46aje659/processed_20251031/20220203_JGI-AK-TH_ES_504603_EcoPod_final_IDX_C18_USDAY59443_NEG_MSMS_64_B-D-5_2_Rg80to1200-CE102040-root-H24-S1_Run147.corems,"JGI/LBNL Standard Metabolomics Method, negative @10,20,40CE",JGI/LBNL Metabolomics Standard LC Method - Nonpolar C18,Thermo Orbitrap ID-X,NMDC,JGI,2022-02-04T23:31:37Z,FSN30184,https://massive.ucsd.edu/ProteoSAFe/DownloadResultFile?file=f.MSV000094782%2F%2Fraw%2F20220203_JGI-AK-TH_ES_504603_EcoPod_final_IDX_C18_USDAY59443_RENAMED%2Frawdata%2F20220203_JGI-AK-TH_ES_504603_EcoPod_final_IDX_C18_USDAY59443_NEG_MSMS_64_B-D-5_2_Rg80to1200-CE102040-root-H24-S1_Run147.raw&forceDownload=true,['nmdc:sty-11-46aje659']
nmdc:procsm-11-qqv6r623,/Volumes/LaCie/nmdc_data/singer_11_46aje659/raw/20220203_JGI-AK-TH_ES_504603_EcoPod_final_IDX_C18_USDAY59443_NEG_MSMS_52_B-D-4_5_Rg80to1200-CE102040-root-C13-S1_Run241.raw,/Volumes/LaCie/nmdc_data/singer_11_46aje659/processed_20251031/20220203_JGI-AK-TH_ES_504603_EcoPod_final_IDX_C18_USDAY59443_NEG_MSMS_52_B-D-4_5_Rg80to1200-CE102040-root-C13-S1_Run241.corems,"JGI/LBNL Standard Metabolomics Method, negative @10,20,40CE",JGI/LBNL Metabolomics Standard LC Method - Nonpolar C18,Thermo Orbitrap ID-X,NMDC,JGI,2022-02-05T19:07:07Z,FSN30184,https://massive.ucsd.edu/ProteoSAFe/DownloadResultFile?file=f.MSV000094782%2F%2Fraw%2F20220203_JGI-AK-TH_ES_504603_EcoPod_final_IDX_C18_USDAY59443_RENAMED%2Frawdata%2F20220203_JGI-AK-TH_ES_504603_EcoPod_final_IDX_C18_USDAY59443_NEG_MSMS_52_B-D-4_5_Rg80to1200-CE102040-root-C13-S1_Run241.raw&forceDownload=true,['nmdc:sty-11-46aje659']
nmdc:procsm-11-k8mw5t31,/Volumes/LaCie/nmdc_data/singer_11_46aje659/raw/20220203_JGI-AK-TH_ES_504603_EcoPod_final_IDX_C18_USDAY59443_NEG_MSMS_67_B-C-5_1_Rg80to1200-CE102040-root-I22-S1_Run47.raw,/Volumes/LaCie/nmdc_data/singer_11_46aje659/processed_20251031/20220203_JGI-AK-TH_ES_504603_EcoPod_final_IDX_C18_USDAY59443_NEG_MSMS_67_B-C-5_1_Rg80to1200-CE102040-root-I22-S1_Run47.corems,"JGI/LBNL Standard Metabolomics Method, negative @10,20,40CE",JGI/LBNL Metabolomics Standard LC Method - Nonpolar C18,Thermo Orbitrap ID-X,NMDC,JGI,2022-02-04T02:37:15Z,FSN30184,https://massive.ucsd.edu/ProteoSAFe/DownloadResultFile?file=f.MSV000094782%2F%2Fraw%2F20220203_JGI-AK-TH_ES_504603_EcoPod_final_IDX_C18_USDAY59443_RENAMED%2Frawdata%2F20220203_JGI-AK-TH_ES_504603_EcoPod_final_IDX_C18_USDAY59443_NEG_MSMS_67_B-C-5_1_Rg80to1200-CE102040-root-I22-S1_Run47.raw&forceDownload=true,['nmdc:sty-11-46aje659']
nmdc:procsm-11-gwvq9535,/Volumes/LaCie/nmdc_data/singer_11_46aje659/raw/20220203_JGI-AK-TH_ES_504603_EcoPod_final_IDX_C18_USDAY59443_NEG_MSMS_6_A-C-0_2_Rg80to1200-CE102040-root-I5-S1_Run129.raw,/Volumes/LaCie/nmdc_data/singer_11_46aje659/processed_20251031/20220203_JGI-AK-TH_ES_504603_EcoPod_final_IDX_C18_USDAY59443_NEG_MSMS_6_A-C-0_2_Rg80to1200-CE102040-root-I5-S1_Run129.corems,"JGI/LBNL Standard Metabolomics Method, negative @10,20,40CE",JGI/LBNL Metabolomics Standard LC Method - Nonpolar C18,Thermo Orbitrap ID-X,NMDC,JGI,2022-02-04T19:46:18Z,FSN30184,https://massive.ucsd.edu/ProteoSAFe/DownloadResultFile?file=f.MSV000094782%2F%2Fraw%2F20220203_JGI-AK-TH_ES_504603_EcoPod_final_IDX_C18_USDAY59443_RENAMED%2Frawdata%2F20220203_JGI-AK-TH_ES_504603_EcoPod_final_IDX_C18_USDAY59443_NEG_MSMS_6_A-C-0_2_Rg80to1200-CE102040-root-I5-S1_Run129.raw&forceDownload=true,['nmdc:sty-11-46aje659']
nmdc:procsm-11-qcvtpq32,/Volumes/LaCie/nmdc_data/singer_11_46aje659/raw/20220203_JGI-AK-TH_ES_504603_EcoPod_final_IDX_C18_USDAY59443_NEG_MSMS_2_A-D-0_2_Rg80to1200-CE102040-root-G3-S1_Run123.raw,/Volumes/LaCie/nmdc_data/singer_11_46aje659/processed_20251031/20220203_JGI-AK-TH_ES_504603_EcoPod_final_IDX_C18_USDAY59443_NEG_MSMS_2_A-D-0_2_Rg80to1200-CE102040-root-G3-S1_Run123.corems,"JGI/LBNL Standard Metabolomics Method, negative @10,20,40CE",JGI/LBNL Metabolomics Standard LC Method - Nonpolar C18,Thermo Orbitrap ID-X,NMDC,JGI,2022-02-04T18:31:13Z,FSN30184,https://massive.ucsd.edu/ProteoSAFe/DownloadResultFile?file=f.MSV000094782%2F%2Fraw%2F20220203_JGI-AK-TH_ES_504603_EcoPod_final_IDX_C18_USDAY59443_RENAMED%2Frawdata%2F20220203_JGI-AK-TH_ES_504603_EcoPod_final_IDX_C18_USDAY59443_NEG_MSMS_2_A-D-0_2_Rg80to1200-CE102040-root-G3-S1_Run123.raw&forceDownload=true,['nmdc:sty-11-46aje659']
nmdc:procsm-11-w2h7sj82,/Volumes/LaCie/nmdc_data/singer_11_46aje659/raw/20220203_JGI-AK-TH_ES_504603_EcoPod_final_IDX_C18_USDAY59443_NEG_MSMS_23_A-D-2_3_Rg80to1200-CE102040-root-I4-S1_Run191.raw,/Volumes/LaCie/nmdc_data/singer_11_46aje659/processed_20251031/20220203_JGI-AK-TH_ES_504603_EcoPod_final_IDX_C18_USDAY59443_NEG_MSMS_23_A-D-2_3_Rg80to1200-CE102040-root-I4-S1_Run191.corems,"JGI/LBNL Standard Metabolomics Method, negative @10,20,40CE",JGI/LBNL Metabolomics Standard LC Method - Nonpolar C18,Thermo Orbitrap ID-X,NMDC,JGI,2022-02-05T08:41:50Z,FSN30184,https://massive.ucsd.edu/ProteoSAFe/DownloadResultFile?file=f.MSV000094782%2F%2Fraw%2F20220203_JGI-AK-TH_ES_504603_EcoPod_final_IDX_C18_USDAY59443_RENAMED%2Frawdata%2F20220203_JGI-AK-TH_ES_504603_EcoPod_final_IDX_C18_USDAY59443_NEG_MSMS_23_A-D-2_3_Rg80to1200-CE102040-root-I4-S1_Run191.raw&forceDownload=true,['nmdc:sty-11-46aje659']
nmdc:procsm-11-e1rjma86,/Volumes/LaCie/nmdc_data/singer_11_46aje659/raw/20220203_JGI-AK-TH_ES_504603_EcoPod_final_IDX_C18_USDAY59443_NEG_MSMS_79_A-D-7_3_Rg80to1200-CE102040-root-C22-S1_Run214.raw,/Volumes/LaCie/nmdc_data/singer_11_46aje659/processed_20251031/20220203_JGI-AK-TH_ES_504603_EcoPod_final_IDX_C18_USDAY59443_NEG_MSMS_79_A-D-7_3_Rg80to1200-CE102040-root-C22-S1_Run214.corems,"JGI/LBNL Standard Metabolomics Method, negative @10,20,40CE",JGI/LBNL Metabolomics Standard LC Method - Nonpolar C18,Thermo Orbitrap ID-X,NMDC,JGI,2022-02-05T13:29:09Z,FSN30184,https://massive.ucsd.edu/ProteoSAFe/DownloadResultFile?file=f.MSV000094782%2F%2Fraw%2F20220203_JGI-AK-TH_ES_504603_EcoPod_final_IDX_C18_USDAY59443_RENAMED%2Frawdata%2F20220203_JGI-AK-TH_ES_504603_EcoPod_final_IDX_C18_USDAY59443_NEG_MSMS_79_A-D-7_3_Rg80to1200-CE102040-root-C22-S1_Run214.raw&forceDownload=true,['nmdc:sty-11-46aje659']
nmdc:procsm-11-e1rjma86,/Volumes/LaCie/nmdc_data/singer_11_46aje659/raw/20220203_JGI-AK-TH_ES_504603_EcoPod_final_IDX_C18_USDAY59443_NEG_MSMS_74_A-D-7_2_Rg80to1200-CE102040-root-C22-S1_Run164.raw,/Volumes/LaCie/nmdc_data/singer_11_46aje659/processed_20251031/20220203_JGI-AK-TH_ES_504603_EcoPod_final_IDX_C18_USDAY59443_NEG_MSMS_74_A-D-7_2_Rg80to1200-CE102040-root-C22-S1_Run164.corems,"JGI/LBNL Standard Metabolomics Method, negative @10,20,40CE",JGI/LBNL Metabolomics Standard LC Method - Nonpolar C18,Thermo Orbitrap ID-X,NMDC,JGI,2022-02-05T03:04:15Z,FSN30184,https://massive.ucsd.edu/ProteoSAFe/DownloadResultFile?file=f.MSV000094782%2F%2Fraw%2F20220203_JGI-AK-TH_ES_504603_EcoPod_final_IDX_C18_USDAY59443_RENAMED%2Frawdata%2F20220203_JGI-AK-TH_ES_504603_EcoPod_final_IDX_C18_USDAY59443_NEG_MSMS_74_A-D-7_2_Rg80to1200-CE102040-root-C22-S1_Run164.raw&forceDownload=true,['nmdc:sty-11-46aje659']
nmdc:procsm-11-sj89zn30,/Volumes/LaCie/nmdc_data/singer_11_46aje659/raw/20220203_JGI-AK-TH_ES_504603_EcoPod_final_IDX_C18_USDAY59443_NEG_MSMS_33_A-D-3_2_Rg80to1200-CE102040-root-G11-S1_Run161.raw,/Volumes/LaCie/nmdc_data/singer_11_46aje659/processed_20251031/20220203_JGI-AK-TH_ES_504603_EcoPod_final_IDX_C18_USDAY59443_NEG_MSMS_33_A-D-3_2_Rg80to1200-CE102040-root-G11-S1_Run161.corems,"JGI/LBNL Standard Metabolomics Method, negative @10,20,40CE",JGI/LBNL Metabolomics Standard LC Method - Nonpolar C18,Thermo Orbitrap ID-X,NMDC,JGI,2022-02-05T02:26:36Z,FSN30184,https://massive.ucsd.edu/ProteoSAFe/DownloadResultFile?file=f.MSV000094782%2F%2Fraw%2F20220203_JGI-AK-TH_ES_504603_EcoPod_final_IDX_C18_USDAY59443_RENAMED%2Frawdata%2F20220203_JGI-AK-TH_ES_504603_EcoPod_final_IDX_C18_USDAY59443_NEG_MSMS_33_A-D-3_2_Rg80to1200-CE102040-root-G11-S1_Run161.raw&forceDownload=true,['nmdc:sty-11-46aje659']
nmdc:procsm-11-ysfnmr94,/Volumes/LaCie/nmdc_data/singer_11_46aje659/raw/20220203_JGI-AK-TH_ES_504603_EcoPod_final_IDX_C18_USDAY59443_NEG_MSMS_54_B-D-4_6_Rg80to1200-CE102040-root-E14-S1_Run261.raw,/Volumes/LaCie/nmdc_data/singer_11_46aje659/processed_20251031/20220203_JGI-AK-TH_ES_504603_EcoPod_final_IDX_C18_USDAY59443_NEG_MSMS_54_B-D-4_6_Rg80to1200-CE102040-root-E14-S1_Run261.corems,"JGI/LBNL Standard Metabolomics Method, negative @10,20,40CE",JGI/LBNL Metabolomics Standard LC Method - Nonpolar C18,Thermo Orbitrap ID-X,NMDC,JGI,2022-02-07T14:17:23Z,FSN30184,https://massive.ucsd.edu/ProteoSAFe/DownloadResultFile?file=f.MSV000094782%2F%2Fraw%2F20220203_JGI-AK-TH_ES_504603_EcoPod_final_IDX_C18_USDAY59443_RENAMED%2Frawdata%2F20220203_JGI-AK-TH_ES_504603_EcoPod_final_IDX_C18_USDAY59443_NEG_MSMS_54_B-D-4_6_Rg80to1200-CE102040-root-E14-S1_Run261.raw&forceDownload=true,['nmdc:sty-11-46aje659']
nmdc:procsm-11-n7z1w862,/Volumes/LaCie/nmdc_data/singer_11_46aje659/raw/20220203_JGI-AK-TH_ES_504603_EcoPod_final_IDX_C18_USDAY59443_NEG_MSMS_55_A-D-4_2_Rg80to1200-CE102040-root-A15-S1_Run153.raw,/Volumes/LaCie/nmdc_data/singer_11_46aje659/processed_20251031/20220203_JGI-AK-TH_ES_504603_EcoPod_final_IDX_C18_USDAY59443_NEG_MSMS_55_A-D-4_2_Rg80to1200-CE102040-root-A15-S1_Run153.corems,"JGI/LBNL Standard Metabolomics Method, negative @10,20,40CE",JGI/LBNL Metabolomics Standard LC Method - Nonpolar C18,Thermo Orbitrap ID-X,NMDC,JGI,2022-02-05T00:46:43Z,FSN30184,https://massive.ucsd.edu/ProteoSAFe/DownloadResultFile?file=f.MSV000094782%2F%2Fraw%2F20220203_JGI-AK-TH_ES_504603_EcoPod_final_IDX_C18_USDAY59443_RENAMED%2Frawdata%2F20220203_JGI-AK-TH_ES_504603_EcoPod_final_IDX_C18_USDAY59443_NEG_MSMS_55_A-D-4_2_Rg80to1200-CE102040-root-A15-S1_Run153.raw&forceDownload=true,['nmdc:sty-11-46aje659']
nmdc:procsm-11-xssg9q72,/Volumes/LaCie/nmdc_data/singer_11_46aje659/raw/20220203_JGI-AK-TH_ES_504603_EcoPod_final_IDX_C18_USDAY59443_NEG_MSMS_71_A-D-7_1_Rg80to1200-CE102040-root-E25-S1_Run85.raw,/Volumes/LaCie/nmdc_data/singer_11_46aje659/processed_20251031/20220203_JGI-AK-TH_ES_504603_EcoPod_final_IDX_C18_USDAY59443_NEG_MSMS_71_A-D-7_1_Rg80to1200-CE102040-root-E25-S1_Run85.corems,"JGI/LBNL Standard Metabolomics Method, negative @10,20,40CE",JGI/LBNL Metabolomics Standard LC Method - Nonpolar C18,Thermo Orbitrap ID-X,NMDC,JGI,2022-02-04T10:35:48Z,FSN30184,https://massive.ucsd.edu/ProteoSAFe/DownloadResultFile?file=f.MSV000094782%2F%2Fraw%2F20220203_JGI-AK-TH_ES_504603_EcoPod_final_IDX_C18_USDAY59443_RENAMED%2Frawdata%2F20220203_JGI-AK-TH_ES_504603_EcoPod_final_IDX_C18_USDAY59443_NEG_MSMS_71_A-D-7_1_Rg80to1200-CE102040-root-E25-S1_Run85.raw&forceDownload=true,['nmdc:sty-11-46aje659']
nmdc:procsm-11-rn08kp73,/Volumes/LaCie/nmdc_data/singer_11_46aje659/raw/20220203_JGI-AK-TH_ES_504603_EcoPod_final_IDX_C18_USDAY59443_NEG_MSMS_41_B-D-3_4_Rg80to1200-CE102040-root-F11-S1_Run235.raw,/Volumes/LaCie/nmdc_data/singer_11_46aje659/processed_20251031/20220203_JGI-AK-TH_ES_504603_EcoPod_final_IDX_C18_USDAY59443_NEG_MSMS_41_B-D-3_4_Rg80to1200-CE102040-root-F11-S1_Run235.corems,"JGI/LBNL Standard Metabolomics Method, negative @10,20,40CE",JGI/LBNL Metabolomics Standard LC Method - Nonpolar C18,Thermo Orbitrap ID-X,NMDC,JGI,2022-02-05T17:51:57Z,FSN30184,https://massive.ucsd.edu/ProteoSAFe/DownloadResultFile?file=f.MSV000094782%2F%2Fraw%2F20220203_JGI-AK-TH_ES_504603_EcoPod_final_IDX_C18_USDAY59443_RENAMED%2Frawdata%2F20220203_JGI-AK-TH_ES_504603_EcoPod_final_IDX_C18_USDAY59443_NEG_MSMS_41_B-D-3_4_Rg80to1200-CE102040-root-F11-S1_Run235.raw&forceDownload=true,['nmdc:sty-11-46aje659']
nmdc:procsm-11-xy5qem13,/Volumes/LaCie/nmdc_data/singer_11_46aje659/raw/20220203_JGI-AK-TH_ES_504603_EcoPod_final_IDX_C18_USDAY59443_NEG_MSMS_50_A-C-4_3_Rg80to1200-CE102040-root-J12-S1_Run179.raw,/Volumes/LaCie/nmdc_data/singer_11_46aje659/processed_20251031/20220203_JGI-AK-TH_ES_504603_EcoPod_final_IDX_C18_USDAY59443_NEG_MSMS_50_A-C-4_3_Rg80to1200-CE102040-root-J12-S1_Run179.corems,"JGI/LBNL Standard Metabolomics Method, negative @10,20,40CE",JGI/LBNL Metabolomics Standard LC Method - Nonpolar C18,Thermo Orbitrap ID-X,NMDC,JGI,2022-02-05T06:11:18Z,FSN30184,https://massive.ucsd.edu/ProteoSAFe/DownloadResultFile?file=f.MSV000094782%2F%2Fraw%2F20220203_JGI-AK-TH_ES_504603_EcoPod_final_IDX_C18_USDAY59443_RENAMED%2Frawdata%2F20220203_JGI-AK-TH_ES_504603_EcoPod_final_IDX_C18_USDAY59443_NEG_MSMS_50_A-C-4_3_Rg80to1200-CE102040-root-J12-S1_Run179.raw&forceDownload=true,['nmdc:sty-11-46aje659']
nmdc:procsm-11-b49v9675,/Volumes/LaCie/nmdc_data/singer_11_46aje659/raw/20220203_JGI-AK-TH_ES_504603_EcoPod_final_IDX_C18_USDAY59443_NEG_MSMS_45_A-D-4_1_Rg80to1200-CE102040-root-F14-S1_Run35.raw,/Volumes/LaCie/nmdc_data/singer_11_46aje659/processed_20251031/20220203_JGI-AK-TH_ES_504603_EcoPod_final_IDX_C18_USDAY59443_NEG_MSMS_45_A-D-4_1_Rg80to1200-CE102040-root-F14-S1_Run35.corems,"JGI/LBNL Standard Metabolomics Method, negative @10,20,40CE",JGI/LBNL Metabolomics Standard LC Method - Nonpolar C18,Thermo Orbitrap ID-X,NMDC,JGI,2022-02-04T00:06:45Z,FSN30184,https://massive.ucsd.edu/ProteoSAFe/DownloadResultFile?file=f.MSV000094782%2F%2Fraw%2F20220203_JGI-AK-TH_ES_504603_EcoPod_final_IDX_C18_USDAY59443_RENAMED%2Frawdata%2F20220203_JGI-AK-TH_ES_504603_EcoPod_final_IDX_C18_USDAY59443_NEG_MSMS_45_A-D-4_1_Rg80to1200-CE102040-root-F14-S1_Run35.raw&forceDownload=true,['nmdc:sty-11-46aje659']
nmdc:procsm-11-fgwdvd70,/Volumes/LaCie/nmdc_data/singer_11_46aje659/raw/20220203_JGI-AK-TH_ES_504603_EcoPod_final_IDX_C18_USDAY59443_NEG_MSMS_14_B-C-2_1_Rg80to1200-CE102040-root-G5-S1_Run38.raw,/Volumes/LaCie/nmdc_data/singer_11_46aje659/processed_20251031/20220203_JGI-AK-TH_ES_504603_EcoPod_final_IDX_C18_USDAY59443_NEG_MSMS_14_B-C-2_1_Rg80to1200-CE102040-root-G5-S1_Run38.corems,"JGI/LBNL Standard Metabolomics Method, negative @10,20,40CE",JGI/LBNL Metabolomics Standard LC Method - Nonpolar C18,Thermo Orbitrap ID-X,NMDC,JGI,2022-02-04T00:44:20Z,FSN30184,https://massive.ucsd.edu/ProteoSAFe/DownloadResultFile?file=f.MSV000094782%2F%2Fraw%2F20220203_JGI-AK-TH_ES_504603_EcoPod_final_IDX_C18_USDAY59443_RENAMED%2Frawdata%2F20220203_JGI-AK-TH_ES_504603_EcoPod_final_IDX_C18_USDAY59443_NEG_MSMS_14_B-C-2_1_Rg80to1200-CE102040-root-G5-S1_Run38.raw&forceDownload=true,['nmdc:sty-11-46aje659']
nmdc:procsm-11-fctgjn97,/Volumes/LaCie/nmdc_data/singer_11_46aje659/raw/20220203_JGI-AK-TH_ES_504603_EcoPod_final_IDX_C18_USDAY59443_NEG_MSMS_62_B-D-5_1_Rg80to1200-CE102040-root-F22-S1_Run53.raw,/Volumes/LaCie/nmdc_data/singer_11_46aje659/processed_20251031/20220203_JGI-AK-TH_ES_504603_EcoPod_final_IDX_C18_USDAY59443_NEG_MSMS_62_B-D-5_1_Rg80to1200-CE102040-root-F22-S1_Run53.corems,"JGI/LBNL Standard Metabolomics Method, negative @10,20,40CE",JGI/LBNL Metabolomics Standard LC Method - Nonpolar C18,Thermo Orbitrap ID-X,NMDC,JGI,2022-02-04T03:52:20Z,FSN30184,https://massive.ucsd.edu/ProteoSAFe/DownloadResultFile?file=f.MSV000094782%2F%2Fraw%2F20220203_JGI-AK-TH_ES_504603_EcoPod_final_IDX_C18_USDAY59443_RENAMED%2Frawdata%2F20220203_JGI-AK-TH_ES_504603_EcoPod_final_IDX_C18_USDAY59443_NEG_MSMS_62_B-D-5_1_Rg80to1200-CE102040-root-F22-S1_Run53.raw&forceDownload=true,['nmdc:sty-11-46aje659']
nmdc:procsm-11-c2mjaj97,/Volumes/LaCie/nmdc_data/singer_11_46aje659/raw/20220203_JGI-AK-TH_ES_504603_EcoPod_final_IDX_C18_USDAY59443_NEG_MSMS_46_A-D-4_2_Rg80to1200-CE102040-root-G13-S1_Run158.raw,/Volumes/LaCie/nmdc_data/singer_11_46aje659/processed_20251031/20220203_JGI-AK-TH_ES_504603_EcoPod_final_IDX_C18_USDAY59443_NEG_MSMS_46_A-D-4_2_Rg80to1200-CE102040-root-G13-S1_Run158.corems,"JGI/LBNL Standard Metabolomics Method, negative @10,20,40CE",JGI/LBNL Metabolomics Standard LC Method - Nonpolar C18,Thermo Orbitrap ID-X,NMDC,JGI,2022-02-05T01:49:15Z,FSN30184,https://massive.ucsd.edu/ProteoSAFe/DownloadResultFile?file=f.MSV000094782%2F%2Fraw%2F20220203_JGI-AK-TH_ES_504603_EcoPod_final_IDX_C18_USDAY59443_RENAMED%2Frawdata%2F20220203_JGI-AK-TH_ES_504603_EcoPod_final_IDX_C18_USDAY59443_NEG_MSMS_46_A-D-4_2_Rg80to1200-CE102040-root-G13-S1_Run158.raw&forceDownload=true,['nmdc:sty-11-46aje659']
nmdc:procsm-11-hk0xsv51,/Volumes/LaCie/nmdc_data/singer_11_46aje659/raw/20220203_JGI-AK-TH_ES_504603_EcoPod_final_IDX_C18_USDAY59443_NEG_MSMS_59_A-C-4_6_Rg80to1200-CE102040-root-E11-S1_Run255.raw,/Volumes/LaCie/nmdc_data/singer_11_46aje659/processed_20251031/20220203_JGI-AK-TH_ES_504603_EcoPod_final_IDX_C18_USDAY59443_NEG_MSMS_59_A-C-4_6_Rg80to1200-CE102040-root-E11-S1_Run255.corems,"JGI/LBNL Standard Metabolomics Method, negative @10,20,40CE",JGI/LBNL Metabolomics Standard LC Method - Nonpolar C18,Thermo Orbitrap ID-X,NMDC,JGI,2022-02-07T13:02:14Z,FSN30184,https://massive.ucsd.edu/ProteoSAFe/DownloadResultFile?file=f.MSV000094782%2F%2Fraw%2F20220203_JGI-AK-TH_ES_504603_EcoPod_final_IDX_C18_USDAY59443_RENAMED%2Frawdata%2F20220203_JGI-AK-TH_ES_504603_EcoPod_final_IDX_C18_USDAY59443_NEG_MSMS_59_A-C-4_6_Rg80to1200-CE102040-root-E11-S1_Run255.raw&forceDownload=true,['nmdc:sty-11-46aje659']
nmdc:procsm-11-xcm7pp55,/Volumes/LaCie/nmdc_data/singer_11_46aje659/raw/20220203_JGI-AK-TH_ES_504603_EcoPod_final_IDX_C18_USDAY59443_NEG_MSMS_28_B-C-2_5_Rg80to1200-CE102040-root-A4-S1_Run238.raw,/Volumes/LaCie/nmdc_data/singer_11_46aje659/processed_20251031/20220203_JGI-AK-TH_ES_504603_EcoPod_final_IDX_C18_USDAY59443_NEG_MSMS_28_B-C-2_5_Rg80to1200-CE102040-root-A4-S1_Run238.corems,"JGI/LBNL Standard Metabolomics Method, negative @10,20,40CE",JGI/LBNL Metabolomics Standard LC Method - Nonpolar C18,Thermo Orbitrap ID-X,NMDC,JGI,2022-02-05T18:29:36Z,FSN30184,https://massive.ucsd.edu/ProteoSAFe/DownloadResultFile?file=f.MSV000094782%2F%2Fraw%2F20220203_JGI-AK-TH_ES_504603_EcoPod_final_IDX_C18_USDAY59443_RENAMED%2Frawdata%2F20220203_JGI-AK-TH_ES_504603_EcoPod_final_IDX_C18_USDAY59443_NEG_MSMS_28_B-C-2_5_Rg80to1200-CE102040-root-A4-S1_Run238.raw&forceDownload=true,['nmdc:sty-11-46aje659']
nmdc:procsm-11-gkrzt032,/Volumes/LaCie/nmdc_data/singer_11_46aje659/raw/20220203_JGI-AK-TH_ES_504603_EcoPod_final_IDX_C18_USDAY59443_NEG_MSMS_3_B-D-0_1_Rg80to1200-CE102040-root-G3-S1_Run41.raw,/Volumes/LaCie/nmdc_data/singer_11_46aje659/processed_20251031/20220203_JGI-AK-TH_ES_504603_EcoPod_final_IDX_C18_USDAY59443_NEG_MSMS_3_B-D-0_1_Rg80to1200-CE102040-root-G3-S1_Run41.corems,"JGI/LBNL Standard Metabolomics Method, negative @10,20,40CE",JGI/LBNL Metabolomics Standard LC Method - Nonpolar C18,Thermo Orbitrap ID-X,NMDC,JGI,2022-02-04T01:21:51Z,FSN30184,https://massive.ucsd.edu/ProteoSAFe/DownloadResultFile?file=f.MSV000094782%2F%2Fraw%2F20220203_JGI-AK-TH_ES_504603_EcoPod_final_IDX_C18_USDAY59443_RENAMED%2Frawdata%2F20220203_JGI-AK-TH_ES_504603_EcoPod_final_IDX_C18_USDAY59443_NEG_MSMS_3_B-D-0_1_Rg80to1200-CE102040-root-G3-S1_Run41.raw&forceDownload=true,['nmdc:sty-11-46aje659']
nmdc:procsm-11-gv3qv439,/Volumes/LaCie/nmdc_data/singer_11_46aje659/raw/20220203_JGI-AK-TH_ES_504603_EcoPod_final_IDX_C18_USDAY59443_NEG_MSMS_76_B-C-7_2_Rg80to1200-CE102040-root-F21-S1_Run150.raw,/Volumes/LaCie/nmdc_data/singer_11_46aje659/processed_20251031/20220203_JGI-AK-TH_ES_504603_EcoPod_final_IDX_C18_USDAY59443_NEG_MSMS_76_B-C-7_2_Rg80to1200-CE102040-root-F21-S1_Run150.corems,"JGI/LBNL Standard Metabolomics Method, negative @10,20,40CE",JGI/LBNL Metabolomics Standard LC Method - Nonpolar C18,Thermo Orbitrap ID-X,NMDC,JGI,2022-02-05T00:09:10Z,FSN30184,https://massive.ucsd.edu/ProteoSAFe/DownloadResultFile?file=f.MSV000094782%2F%2Fraw%2F20220203_JGI-AK-TH_ES_504603_EcoPod_final_IDX_C18_USDAY59443_RENAMED%2Frawdata%2F20220203_JGI-AK-TH_ES_504603_EcoPod_final_IDX_C18_USDAY59443_NEG_MSMS_76_B-C-7_2_Rg80to1200-CE102040-root-F21-S1_Run150.raw&forceDownload=true,['nmdc:sty-11-46aje659']
nmdc:procsm-11-wga70q91,/Volumes/LaCie/nmdc_data/singer_11_46aje659/raw/20220203_JGI-AK-TH_ES_504603_EcoPod_final_IDX_C18_USDAY59443_NEG_MSMS_16_B-C-2_2_Rg80to1200-CE102040-root-F2-S1_Run132.raw,/Volumes/LaCie/nmdc_data/singer_11_46aje659/processed_20251031/20220203_JGI-AK-TH_ES_504603_EcoPod_final_IDX_C18_USDAY59443_NEG_MSMS_16_B-C-2_2_Rg80to1200-CE102040-root-F2-S1_Run132.corems,"JGI/LBNL Standard Metabolomics Method, negative @10,20,40CE",JGI/LBNL Metabolomics Standard LC Method - Nonpolar C18,Thermo Orbitrap ID-X,NMDC,JGI,2022-02-04T20:23:39Z,FSN30184,https://massive.ucsd.edu/ProteoSAFe/DownloadResultFile?file=f.MSV000094782%2F%2Fraw%2F20220203_JGI-AK-TH_ES_504603_EcoPod_final_IDX_C18_USDAY59443_RENAMED%2Frawdata%2F20220203_JGI-AK-TH_ES_504603_EcoPod_final_IDX_C18_USDAY59443_NEG_MSMS_16_B-C-2_2_Rg80to1200-CE102040-root-F2-S1_Run132.raw&forceDownload=true,['nmdc:sty-11-46aje659']
nmdc:procsm-11-5vxmxe89,/Volumes/LaCie/nmdc_data/singer_11_46aje659/raw/20220203_JGI-AK-TH_ES_504603_EcoPod_final_IDX_C18_USDAY59443_NEG_MSMS_57_A-C-4_5_Rg80to1200-CE102040-root-I14-S1_Run252.raw,/Volumes/LaCie/nmdc_data/singer_11_46aje659/processed_20251031/20220203_JGI-AK-TH_ES_504603_EcoPod_final_IDX_C18_USDAY59443_NEG_MSMS_57_A-C-4_5_Rg80to1200-CE102040-root-I14-S1_Run252.corems,"JGI/LBNL Standard Metabolomics Method, negative @10,20,40CE",JGI/LBNL Metabolomics Standard LC Method - Nonpolar C18,Thermo Orbitrap ID-X,NMDC,JGI,2022-02-07T12:24:43Z,FSN30184,https://massive.ucsd.edu/ProteoSAFe/DownloadResultFile?file=f.MSV000094782%2F%2Fraw%2F20220203_JGI-AK-TH_ES_504603_EcoPod_final_IDX_C18_USDAY59443_RENAMED%2Frawdata%2F20220203_JGI-AK-TH_ES_504603_EcoPod_final_IDX_C18_USDAY59443_NEG_MSMS_57_A-C-4_5_Rg80to1200-CE102040-root-I14-S1_Run252.raw&forceDownload=true,['nmdc:sty-11-46aje659']
nmdc:procsm-11-8hr6e469,/Volumes/LaCie/nmdc_data/singer_11_46aje659/raw/20220203_JGI-AK-TH_ES_504603_EcoPod_final_IDX_C18_USDAY59443_NEG_MSMS_25_B-C-2_4_Rg80to1200-CE102040-root-J2-S1_Run229.raw,/Volumes/LaCie/nmdc_data/singer_11_46aje659/processed_20251031/20220203_JGI-AK-TH_ES_504603_EcoPod_final_IDX_C18_USDAY59443_NEG_MSMS_25_B-C-2_4_Rg80to1200-CE102040-root-J2-S1_Run229.corems,"JGI/LBNL Standard Metabolomics Method, negative @10,20,40CE",JGI/LBNL Metabolomics Standard LC Method - Nonpolar C18,Thermo Orbitrap ID-X,NMDC,JGI,2022-02-05T16:36:56Z,FSN30184,https://massive.ucsd.edu/ProteoSAFe/DownloadResultFile?file=f.MSV000094782%2F%2Fraw%2F20220203_JGI-AK-TH_ES_504603_EcoPod_final_IDX_C18_USDAY59443_RENAMED%2Frawdata%2F20220203_JGI-AK-TH_ES_504603_EcoPod_final_IDX_C18_USDAY59443_NEG_MSMS_25_B-C-2_4_Rg80to1200-CE102040-root-J2-S1_Run229.raw&forceDownload=true,['nmdc:sty-11-46aje659']
nmdc:procsm-11-pfgza856,/Volumes/LaCie/nmdc_data/singer_11_46aje659/raw/20220203_JGI-AK-TH_ES_504603_EcoPod_final_IDX_C18_USDAY59443_NEG_MSMS_5_B-C-0_1_Rg80to1200-CE102040-root-D2-S1_Run56.raw,/Volumes/LaCie/nmdc_data/singer_11_46aje659/processed_20251031/20220203_JGI-AK-TH_ES_504603_EcoPod_final_IDX_C18_USDAY59443_NEG_MSMS_5_B-C-0_1_Rg80to1200-CE102040-root-D2-S1_Run56.corems,"JGI/LBNL Standard Metabolomics Method, negative @10,20,40CE",JGI/LBNL Metabolomics Standard LC Method - Nonpolar C18,Thermo Orbitrap ID-X,NMDC,JGI,2022-02-04T04:30:19Z,FSN30184,https://massive.ucsd.edu/ProteoSAFe/DownloadResultFile?file=f.MSV000094782%2F%2Fraw%2F20220203_JGI-AK-TH_ES_504603_EcoPod_final_IDX_C18_USDAY59443_RENAMED%2Frawdata%2F20220203_JGI-AK-TH_ES_504603_EcoPod_final_IDX_C18_USDAY59443_NEG_MSMS_5_B-C-0_1_Rg80to1200-CE102040-root-D2-S1_Run56.raw&forceDownload=true,['nmdc:sty-11-46aje659']
nmdc:procsm-11-9rsn9v21,/Volumes/LaCie/nmdc_data/singer_11_46aje659/raw/20220203_JGI-AK-TH_ES_504603_EcoPod_final_IDX_C18_USDAY59443_NEG_MSMS_44_B-C-4_1_Rg80to1200-CE102040-root-F12-S1_Run67.raw,/Volumes/LaCie/nmdc_data/singer_11_46aje659/processed_20251031/20220203_JGI-AK-TH_ES_504603_EcoPod_final_IDX_C18_USDAY59443_NEG_MSMS_44_B-C-4_1_Rg80to1200-CE102040-root-F12-S1_Run67.corems,"JGI/LBNL Standard Metabolomics Method, negative @10,20,40CE",JGI/LBNL Metabolomics Standard LC Method - Nonpolar C18,Thermo Orbitrap ID-X,NMDC,JGI,2022-02-04T06:48:21Z,FSN30184,https://massive.ucsd.edu/ProteoSAFe/DownloadResultFile?file=f.MSV000094782%2F%2Fraw%2F20220203_JGI-AK-TH_ES_504603_EcoPod_final_IDX_C18_USDAY59443_RENAMED%2Frawdata%2F20220203_JGI-AK-TH_ES_504603_EcoPod_final_IDX_C18_USDAY59443_NEG_MSMS_44_B-C-4_1_Rg80to1200-CE102040-root-F12-S1_Run67.raw&forceDownload=true,['nmdc:sty-11-46aje659']
nmdc:procsm-11-wbw26r26,/Volumes/LaCie/nmdc_data/singer_11_46aje659/raw/20220203_JGI-AK-TH_ES_504603_EcoPod_final_IDX_C18_USDAY59443_NEG_MSMS_60_B-C-4_9_Rg80to1200-CE102040-root-E11-S1_Run273.raw,/Volumes/LaCie/nmdc_data/singer_11_46aje659/processed_20251031/20220203_JGI-AK-TH_ES_504603_EcoPod_final_IDX_C18_USDAY59443_NEG_MSMS_60_B-C-4_9_Rg80to1200-CE102040-root-E11-S1_Run273.corems,"JGI/LBNL Standard Metabolomics Method, negative @10,20,40CE",JGI/LBNL Metabolomics Standard LC Method - Nonpolar C18,Thermo Orbitrap ID-X,NMDC,JGI,2022-02-07T16:47:00Z,FSN30184,https://massive.ucsd.edu/ProteoSAFe/DownloadResultFile?file=f.MSV000094782%2F%2Fraw%2F20220203_JGI-AK-TH_ES_504603_EcoPod_final_IDX_C18_USDAY59443_RENAMED%2Frawdata%2F20220203_JGI-AK-TH_ES_504603_EcoPod_final_IDX_C18_USDAY59443_NEG_MSMS_60_B-C-4_9_Rg80to1200-CE102040-root-E11-S1_Run273.raw&forceDownload=true,['nmdc:sty-11-46aje659']
nmdc:procsm-11-gbmdr546,/Volumes/LaCie/nmdc_data/singer_11_46aje659/raw/20220203_JGI-AK-TH_ES_504603_EcoPod_final_IDX_C18_USDAY59443_NEG_MSMS_72_B-D-7_2_Rg80to1200-CE102040-root-E25-S1_Run114.raw,/Volumes/LaCie/nmdc_data/singer_11_46aje659/processed_20251031/20220203_JGI-AK-TH_ES_504603_EcoPod_final_IDX_C18_USDAY59443_NEG_MSMS_72_B-D-7_2_Rg80to1200-CE102040-root-E25-S1_Run114.corems,"JGI/LBNL Standard Metabolomics Method, negative @10,20,40CE",JGI/LBNL Metabolomics Standard LC Method - Nonpolar C18,Thermo Orbitrap ID-X,NMDC,JGI,2022-02-04T16:38:33Z,FSN30184,https://massive.ucsd.edu/ProteoSAFe/DownloadResultFile?file=f.MSV000094782%2F%2Fraw%2F20220203_JGI-AK-TH_ES_504603_EcoPod_final_IDX_C18_USDAY59443_RENAMED%2Frawdata%2F20220203_JGI-AK-TH_ES_504603_EcoPod_final_IDX_C18_USDAY59443_NEG_MSMS_72_B-D-7_2_Rg80to1200-CE102040-root-E25-S1_Run114.raw&forceDownload=true,['nmdc:sty-11-46aje659']
nmdc:procsm-11-5s8yw710,/Volumes/LaCie/nmdc_data/singer_11_46aje659/raw/20220203_JGI-AK-TH_ES_504603_EcoPod_final_IDX_C18_USDAY59443_NEG_MSMS_53_A-D-4_1_Rg80to1200-CE102040-root-E14-S1_Run44.raw,/Volumes/LaCie/nmdc_data/singer_11_46aje659/processed_20251031/20220203_JGI-AK-TH_ES_504603_EcoPod_final_IDX_C18_USDAY59443_NEG_MSMS_53_A-D-4_1_Rg80to1200-CE102040-root-E14-S1_Run44.corems,"JGI/LBNL Standard Metabolomics Method, negative @10,20,40CE",JGI/LBNL Metabolomics Standard LC Method - Nonpolar C18,Thermo Orbitrap ID-X,NMDC,JGI,2022-02-04T01:59:25Z,FSN30184,https://massive.ucsd.edu/ProteoSAFe/DownloadResultFile?file=f.MSV000094782%2F%2Fraw%2F20220203_JGI-AK-TH_ES_504603_EcoPod_final_IDX_C18_USDAY59443_RENAMED%2Frawdata%2F20220203_JGI-AK-TH_ES_504603_EcoPod_final_IDX_C18_USDAY59443_NEG_MSMS_53_A-D-4_1_Rg80to1200-CE102040-root-E14-S1_Run44.raw&forceDownload=true,['nmdc:sty-11-46aje659']
nmdc:procsm-11-xf7c7r20,/Volumes/LaCie/nmdc_data/singer_11_46aje659/raw/20220203_JGI-AK-TH_ES_504603_EcoPod_final_IDX_C18_USDAY59443_NEG_MSMS_1_A-D-0_1_Rg80to1200-CE102040-root-I2-S1_Run29.raw,/Volumes/LaCie/nmdc_data/singer_11_46aje659/processed_20251031/20220203_JGI-AK-TH_ES_504603_EcoPod_final_IDX_C18_USDAY59443_NEG_MSMS_1_A-D-0_1_Rg80to1200-CE102040-root-I2-S1_Run29.corems,"JGI/LBNL Standard Metabolomics Method, negative @10,20,40CE",JGI/LBNL Metabolomics Standard LC Method - Nonpolar C18,Thermo Orbitrap ID-X,NMDC,JGI,2022-02-03T22:51:03Z,FSN30184,https://massive.ucsd.edu/ProteoSAFe/DownloadResultFile?file=f.MSV000094782%2F%2Fraw%2F20220203_JGI-AK-TH_ES_504603_EcoPod_final_IDX_C18_USDAY59443_RENAMED%2Frawdata%2F20220203_JGI-AK-TH_ES_504603_EcoPod_final_IDX_C18_USDAY59443_NEG_MSMS_1_A-D-0_1_Rg80to1200-CE102040-root-I2-S1_Run29.raw&forceDownload=true,['nmdc:sty-11-46aje659']
nmdc:procsm-11-zb39xb47,/Volumes/LaCie/nmdc_data/singer_11_46aje659/raw/20220203_JGI-AK-TH_ES_504603_EcoPod_final_IDX_C18_USDAY59443_NEG_MSMS_47_B-D-4_2_Rg80to1200-CE102040-root-G13-S1_Run138.raw,/Volumes/LaCie/nmdc_data/singer_11_46aje659/processed_20251031/20220203_JGI-AK-TH_ES_504603_EcoPod_final_IDX_C18_USDAY59443_NEG_MSMS_47_B-D-4_2_Rg80to1200-CE102040-root-G13-S1_Run138.corems,"JGI/LBNL Standard Metabolomics Method, negative @10,20,40CE",JGI/LBNL Metabolomics Standard LC Method - Nonpolar C18,Thermo Orbitrap ID-X,NMDC,JGI,2022-02-04T21:38:54Z,FSN30184,https://massive.ucsd.edu/ProteoSAFe/DownloadResultFile?file=f.MSV000094782%2F%2Fraw%2F20220203_JGI-AK-TH_ES_504603_EcoPod_final_IDX_C18_USDAY59443_RENAMED%2Frawdata%2F20220203_JGI-AK-TH_ES_504603_EcoPod_final_IDX_C18_USDAY59443_NEG_MSMS_47_B-D-4_2_Rg80to1200-CE102040-root-G13-S1_Run138.raw&forceDownload=true,['nmdc:sty-11-46aje659']
