nmdc_id,raw_file_name
nmdc:dgms-11-030f5238,769673_EMSL_49991_Brodie_182_Lipids_POS_09Aug19_Lola-WCSH417820.raw
nmdc:dgms-11-0bhen608,769703_EMSL_49991_Brodie_150_Lipids_Neg_12Aug19_Lola-WCSH417820.raw
nmdc:dgms-11-0xt70234,769755_EMSL_49991_Brodie_203_Lipids_Neg_12Aug19_Lola-WCSH417820.raw
nmdc:dgms-11-1pvnm306,769694_EMSL_49991_Brodie_117_Lipids_Neg_12Aug19_Lola-WCSH417820.raw
nmdc:dgms-11-205t8n90,769688_EMSL_49991_Brodie_115_Lipids_POS_09Aug19_Lola-WCSH417820.raw
nmdc:dgms-11-2qf1ak06,769682_EMSL_49991_Brodie_356_Lipids_POS_09Aug19_Lola-WCSH417820.raw
nmdc:dgms-11-34amv378,769647_EMSL_49991_Brodie_133_Lipids_POS_09Aug19_Lola-WCSH417820.raw
nmdc:dgms-11-3erksb14,769661_EMSL_49991_Brodie_181_Lipids_POS_09Aug19_Lola-WCSH417820.raw
nmdc:dgms-11-5s3pes95,769691_EMSL_49991_Brodie_184_Lipids_Neg_12Aug19_Lola-WCSH417820.raw
nmdc:dgms-11-69t95796,769763_EMSL_49991_Brodie_196_Lipids_Neg_12Aug19_Lola-WCSH417820.raw
nmdc:dgms-11-6nfh9p83,769693_EMSL_49991_Brodie_368_Lipids_POS_09Aug19_Lola-WCSH417820.raw
nmdc:dgms-11-6v743933,769684_EMSL_49991_Brodie_196_Lipids_POS_09Aug19_Lola-WCSH417820.raw
nmdc:dgms-11-6w1qak82,769651_EMSL_49991_Brodie_123_Lipids_POS_09Aug19_Lola-WCSH417820.raw
nmdc:dgms-11-7j39js15,769638_EMSL_49991_Brodie_120_Lipids_POS_09Aug19_Lola-WCSH417820.raw
nmdc:dgms-11-7nvvkp97,769668_EMSL_49991_Brodie_380_Lipids_POS_09Aug19_Lola-WCSH417820.raw
nmdc:dgms-11-7t1bp197,769760_EMSL_49991_Brodie_367_Lipids_Neg_12Aug19_Lola-WCSH417820.raw
nmdc:dgms-11-7t610222,769652_EMSL_49991_Brodie_158_Lipids_POS_09Aug19_Lola-WCSH417820.raw
nmdc:dgms-11-8dndzk78,771489_EMSL_49991_Brodie_119_Lipids_Neg_14Aug19_Lola-WCSH417820.raw
nmdc:dgms-11-8fm0pj51,769758_EMSL_49991_Brodie_357_Lipids_Neg_12Aug19_Lola-WCSH417820.raw
nmdc:dgms-11-8nbpwh73,769752_EMSL_49991_Brodie_356_Lipids_Neg_12Aug19_Lola-WCSH417820.raw
nmdc:dgms-11-8xb0hg90,771478_EMSL_49991_Brodie_185_Lipids_Neg_14Aug19_Lola-WCSH417820.raw
nmdc:dgms-11-8zbyjn30,769757_EMSL_49991_Brodie_198_Lipids_Neg_12Aug19_Lola-WCSH417820.raw
nmdc:dgms-11-9m1gep15,771490_EMSL_49991_Brodie_194_Lipids_Neg_14Aug19_Lola-WCSH417820.raw
nmdc:dgms-11-a5wkef23,769657_EMSL_49991_Brodie_122_Lipids_POS_09Aug19_Lola-WCSH417820.raw
nmdc:dgms-11-aks5h955,769699_EMSL_49991_Brodie_123_Lipids_Neg_12Aug19_Lola-WCSH417820.raw
nmdc:dgms-11-anzf4k38,769666_EMSL_49991_Brodie_122_Lipids_Neg_12Aug19_Lola-WCSH417820.raw
nmdc:dgms-11-b106nw81,769750_EMSL_49991_Brodie_369_Lipids_Neg_12Aug19_Lola-WCSH417820.raw
nmdc:dgms-11-b3y7r814,771473_EMSL_49991_Brodie_141_Lipids_Neg_14Aug19_Lola-WCSH417820.raw
nmdc:dgms-11-b4dm5f36,771482_EMSL_49991_Brodie_186_Lipids_Neg_14Aug19_Lola-WCSH417820.raw
nmdc:dgms-11-b8zzeq12,769658_EMSL_49991_Brodie_367_Lipids_POS_09Aug19_Lola-WCSH417820.raw
nmdc:dgms-11-c31hfd11,769656_EMSL_49991_Brodie_158_Lipids_Neg_12Aug19_Lola-WCSH417820.raw
nmdc:dgms-11-d4jast82,769655_EMSL_49991_Brodie_185_Lipids_POS_09Aug19_Lola-WCSH417820.raw
nmdc:dgms-11-dkpt8310,769648_EMSL_49991_Brodie_184_Lipids_POS_09Aug19_Lola-WCSH417820.raw
nmdc:dgms-11-dpw46n05,769670_EMSL_49991_Brodie_182_Lipids_Neg_12Aug19_Lola-WCSH417820.raw
nmdc:dgms-11-dye7nn89,769685_EMSL_49991_Brodie_120_Lipids_Neg_12Aug19_Lola-WCSH417820.raw
nmdc:dgms-11-e5ygk206,769701_EMSL_49991_Brodie_369_Lipids_POS_09Aug19_Lola-WCSH417820.raw
nmdc:dgms-11-e9fj4c16,771481_EMSL_49991_Brodie_152_Lipids_Neg_14Aug19_Lola-WCSH417820.raw
nmdc:dgms-11-en6tak40,769754_EMSL_49991_Brodie_379_Lipids_Neg_12Aug19_Lola-WCSH417820.raw
nmdc:dgms-11-etrp1939,769692_EMSL_49991_Brodie_143_Lipids_Neg_12Aug19_Lola-WCSH417820.raw
nmdc:dgms-11-etv0vv51,769695_EMSL_49991_Brodie_118_Lipids_Neg_12Aug19_Lola-WCSH417820.raw
nmdc:dgms-11-g1qmgs59,769700_EMSL_49991_Brodie_186_Lipids_POS_09Aug19_Lola-WCSH417820.raw
nmdc:dgms-11-g5yvh374,769702_EMSL_49991_Brodie_116_Lipids_Neg_12Aug19_Lola-WCSH417820.raw
nmdc:dgms-11-gb0s6f78,769746_EMSL_49991_Brodie_202_Lipids_Neg_12Aug19_Lola-WCSH417820.raw
nmdc:dgms-11-gktq4h05,769664_EMSL_49991_Brodie_116_Lipids_POS_09Aug19_Lola-WCSH417820.raw
nmdc:dgms-11-h49v6x39,769679_EMSL_49991_Brodie_198_Lipids_POS_09Aug19_Lola-WCSH417820.raw
nmdc:dgms-11-j2p32777,769759_EMSL_49991_Brodie_193_Lipids_Neg_12Aug19_Lola-WCSH417820.raw
nmdc:dgms-11-jfh4ec87,769636_EMSL_49991_Brodie_157_Lipids_POS_09Aug19_Lola-WCSH417820.raw
nmdc:dgms-11-jgveaj34,769676_EMSL_49991_Brodie_193_Lipids_POS_09Aug19_Lola-WCSH417820.raw
nmdc:dgms-11-jkead468,769659_EMSL_49991_Brodie_150_Lipids_POS_09Aug19_Lola-WCSH417820.raw
nmdc:dgms-11-jvns2w20,769749_EMSL_49991_Brodie_368_Lipids_Neg_12Aug19_Lola-WCSH417820.raw
nmdc:dgms-11-jzg7cc33,769640_EMSL_49991_Brodie_195_Lipids_POS_09Aug19_Lola-WCSH417820.raw
nmdc:dgms-11-k7fqpg54,769689_EMSL_49991_Brodie_379_Lipids_POS_09Aug19_Lola-WCSH417820.raw
nmdc:dgms-11-kr4b2k02,771484_EMSL_49991_Brodie_197_Lipids_Neg_14Aug19_Lola-WCSH417820.raw
nmdc:dgms-11-m81tgv22,769662_EMSL_49991_Brodie_115_Lipids_Neg_12Aug19_Lola-WCSH417820.raw
nmdc:dgms-11-mmb3h565,769680_EMSL_49991_Brodie_181_Lipids_Neg_12Aug19_Lola-WCSH417820.raw
nmdc:dgms-11-msa4v560,771470_EMSL_49991_Brodie_140_Lipids_Neg_14Aug19_Lola-WCSH417820.raw
nmdc:dgms-11-n0jgmf34,769697_EMSL_49991_Brodie_151_Lipids_Neg_12Aug19_Lola-WCSH417820.raw
nmdc:dgms-11-n4p5ww86,769681_EMSL_49991_Brodie_157_Lipids_Neg_12Aug19_Lola-WCSH417820.raw
nmdc:dgms-11-ne9ypn19,769663_EMSL_49991_Brodie_141_Lipids_POS_09Aug19_Lola-WCSH417820.raw
nmdc:dgms-11-ntevpt59,769645_EMSL_49991_Brodie_355_Lipids_POS_09Aug19_Lola-WCSH417820.raw
nmdc:dgms-11-q649g648,769675_EMSL_49991_Brodie_183_Lipids_Neg_12Aug19_Lola-WCSH417820.raw
nmdc:dgms-11-q7n0c189,769653_EMSL_49991_Brodie_121_Lipids_POS_09Aug19_Lola-WCSH417820.raw
nmdc:dgms-11-qa7mma94,769704_EMSL_49991_Brodie_133_Lipids_Neg_12Aug19_Lola-WCSH417820.raw
nmdc:dgms-11-qaza7505,769745_EMSL_49991_Brodie_204_Lipids_Neg_12Aug19_Lola-WCSH417820.raw
nmdc:dgms-11-rvd3a273,769650_EMSL_49991_Brodie_117_Lipids_POS_09Aug19_Lola-WCSH417820.raw
nmdc:dgms-11-rzz95k42,769761_EMSL_49991_Brodie_355_Lipids_Neg_12Aug19_Lola-WCSH417820.raw
nmdc:dgms-11-scv7cq08,769635_EMSL_49991_Brodie_152_Lipids_POS_09Aug19_Lola-WCSH417820.raw
nmdc:dgms-11-ss7e8s72,771493_EMSL_49991_Brodie_381_Lipids_Neg_14Aug19_Lola-WCSH417820.raw
nmdc:dgms-11-ssyx5e78,769654_EMSL_49991_Brodie_357_Lipids_POS_09Aug19_Lola-WCSH417820.raw
nmdc:dgms-11-tp9a3473,769660_EMSL_49991_Brodie_143_Lipids_POS_09Aug19_Lola-WCSH417820.raw
nmdc:dgms-11-txntxs03,769677_EMSL_49991_Brodie_144_Lipids_Neg_12Aug19_Lola-WCSH417820.raw
nmdc:dgms-11-v92jxc96,769756_EMSL_49991_Brodie_195_Lipids_Neg_12Aug19_Lola-WCSH417820.raw
nmdc:dgms-11-veqjnx14,769669_EMSL_49991_Brodie_381_Lipids_POS_09Aug19_Lola-WCSH417820.raw
nmdc:dgms-11-vrt40x12,769698_EMSL_49991_Brodie_151_Lipids_POS_09Aug19_Lola-WCSH417820.raw
nmdc:dgms-11-w9wn8744,769705_EMSL_49991_Brodie_203_Lipids_POS_09Aug19_Lola-WCSH417820.raw
nmdc:dgms-11-wy6gn874,769667_EMSL_49991_Brodie_121_Lipids_Neg_12Aug19_Lola-WCSH417820.raw
nmdc:dgms-11-x1gyf347,769706_EMSL_49991_Brodie_144_Lipids_POS_09Aug19_Lola-WCSH417820.raw
nmdc:dgms-11-x1y96q62,769690_EMSL_49991_Brodie_194_Lipids_POS_09Aug19_Lola-WCSH417820.raw
nmdc:dgms-11-x4y3n870,769696_EMSL_49991_Brodie_202_Lipids_POS_09Aug19_Lola-WCSH417820.raw
nmdc:dgms-11-x5mn1k35,769674_EMSL_49991_Brodie_183_Lipids_POS_09Aug19_Lola-WCSH417820.raw
nmdc:dgms-11-x7m43r24,769637_EMSL_49991_Brodie_119_Lipids_POS_09Aug19_Lola-WCSH417820.raw
nmdc:dgms-11-yfem9a25,769639_EMSL_49991_Brodie_140_Lipids_POS_09Aug19_Lola-WCSH417820.raw
nmdc:dgms-11-yqxmjp82,769672_EMSL_49991_Brodie_118_Lipids_POS_09Aug19_Lola-WCSH417820.raw
nmdc:dgms-11-yref2211,769683_EMSL_49991_Brodie_197_Lipids_POS_09Aug19_Lola-WCSH417820.raw
nmdc:dgms-11-zgnr1056,769671_EMSL_49991_Brodie_204_Lipids_POS_09Aug19_Lola-WCSH417820.raw
nmdc:dgms-11-zkwveh50,771476_EMSL_49991_Brodie_380_Lipids_Neg_14Aug19_Lola-WCSH417820.raw
nmdc:omprc-11-00383810,Brodie_185_H2O_14Mar19_R2_HESI_Neg.raw
nmdc:omprc-11-06nyq555,Brodie_145_r2_H2O_30Nov18_IATp1_1_01_37895.zip
nmdc:omprc-11-077nww93,Brodie_184_H2O_11Mar19_R1_HESI_Neg.raw
nmdc:omprc-11-082yx178,Brodie_380_H2O_18Mar19_R3_HESI_Neg.raw
nmdc:omprc-11-0axbav19,Brodie_134A_CHCl3_15Oct18_IAT_p1_1_01_35922.zip
nmdc:omprc-11-0axgtd43,Brodie_141_MeOH_R3_23Mar19_HESI_Neg.raw
nmdc:omprc-11-0azt4973,Brodie_157_H2O_11Mar19_R1_HESI_Neg.raw
nmdc:omprc-11-0bwn4t70,Brodie_141_w_r3_31Jan19_HESI_neg.raw
nmdc:omprc-11-0c11c271,Brodie_158_R2_CHCl3_03May19_Alder_Infuse_IATp05_144SA_1_01_43866.zip
nmdc:omprc-11-0k0g1p09,Brodie_181_MeOH_R1_19Mar19_HESI_Neg.raw
nmdc:omprc-11-0k9fs359,Brodie_119_MeOH_R2_21Mar19_HESI_Neg.raw
nmdc:omprc-11-0mbv7j82,Brodie_134B_MeOH_15Oct18_IAT_p1_1_01_35915.zip
nmdc:omprc-11-0p45x689,Brodie_121_R2_CHCl3_03May19_Alder_Infuse_IATp05_144SA_1_01_43864.zip
nmdc:omprc-11-0ryvfa98,Brodie_357_R3_CHCl3_03May19_Alder_Infuse_IATp05_144SA_1_01_43889.zip
nmdc:omprc-11-0sc76a11,Brodie_184_MeOH_R3_23Mar19_HESI_Neg.raw
nmdc:omprc-11-0v6ypn79,Brodie_356_R2_CHCl3_03May19_Alder_Infuse_IATp05_144SA_1_01_43849.zip
nmdc:omprc-11-0vatrd96,Brodie_145_H2O_2_IATp1_07Dec18_1_01_38237.zip
nmdc:omprc-11-0wjf8j30,Brodie_195_w_r2_29Jan19_HESI_neg.raw
nmdc:omprc-11-0wrpqj11,Brodie_122_w_r3_31Jan19_HESI_neg.raw
nmdc:omprc-11-0yt7eq64,Brodie_148_w_r1_25Jan19_HESI_neg.raw
nmdc:omprc-11-124z1p47,Brodie_151_w_r3_31Jan19_HESI_neg.raw
nmdc:omprc-11-12jf3456,Brodie_122_MeOH_R1_19Mar19_HESI_Neg.raw
nmdc:omprc-11-161k0w89,Brodie_141_H2O_14Mar19_R1_HESI_Neg.raw
nmdc:omprc-11-16rvwt69,Brodie_183_H2O_14Mar19_R1_HESI_Neg.raw
nmdc:omprc-11-18drfd48,Brodie_118_H2O_14Mar19_R1_HESI_Neg.raw
nmdc:omprc-11-1a2f1q56,Brodie_186_w_r3_31Jan19_HESI_neg.raw
nmdc:omprc-11-1caezz38,Brodie_144_R3_CHCl3_03May19_Alder_Infuse_IATp05_144SA_1_01_43894.zip
nmdc:omprc-11-1casqm27,Brodie_148_w_r2_29Jan19_HESI_neg.raw
nmdc:omprc-11-1d3dyz94,Brodie_195_R2_CHCl3_03May19_Alder_Infuse_IATp03_144SA_1_01_43943.zip
nmdc:omprc-11-1ej3c738,Brodie_152_R2_CHCl3_03May19_Alder_Infuse_IATp05_144SA_1_01_43826.zip
nmdc:omprc-11-1h43bm61,Brodie_355_MeOH_R3_23Mar19_HESI_Neg.raw
nmdc:omprc-11-1kdzwc90,Brodie_119_w_r3_31Jan19_HESI_neg.raw
nmdc:omprc-11-1qr9g902,Brodie_355_w_r1_25Jan19_HESI_neg.raw
nmdc:omprc-11-1sh30280,Brodie_115_MeOH_R1_19Mar19_HESI_Neg.raw
nmdc:omprc-11-1y35h291,Brodie_146_w_r2_29Jan19_HESI_neg.raw
nmdc:omprc-11-1ykjys54,Brodie_123_R3_CHCl3_03May19_Alder_Infuse_IATp05_144SA_1_01_43911.zip
nmdc:omprc-11-1z56yj81,Brodie_379_R2_CHCl3_03May19_Alder_Infuse_IATp05_144SA_1_01_43850.zip
nmdc:omprc-11-20me4m30,Brodie_116_R3_CHCl3_05May19_Alder_Infuse_IATp03_144SA_1_01_43920.zip
nmdc:omprc-11-25nc8t13,Brodie_120_w_r2_29Jan19_HESI_neg.raw
nmdc:omprc-11-27fz6s68,Brodie_379_H2O_18Mar19_R3_HESI_Neg.raw
nmdc:omprc-11-286vgj49,Brodie_357_MeOH_R3_23Mar19_HESI_Neg.raw
nmdc:omprc-11-28y8t995,Brodie_115_H2O_14Mar19_R2_HESI_Neg.raw
nmdc:omprc-11-2btzhy04,Brodie_197_R3_CHCl3_03May19_Alder_Infuse_IATp05_144SA_1_01_43880.zip
nmdc:omprc-11-2j94jz34,Brodie_198_H2O_12Mar19_R2_HESI_Neg.raw
nmdc:omprc-11-2jvdsa06,Brodie_194_R3_CHCl3_03May19_Alder_Infuse_IATp05_144SA_1_01_43906.zip
nmdc:omprc-11-2mstjy17,Brodie_203_R3_CHCl3_05May19_Alder_Infuse_IATp03_144SA_1_01_43925.zip
nmdc:omprc-11-2n7xhh34,Brodie_356_H2O_26Nov18_IATp1_1_01_37631.zip
nmdc:omprc-11-2njysg89,Brodie_119_H2O_14Mar19_R3_HESI_Neg.raw
nmdc:omprc-11-2s8azf10,Brodie_368_MeOH_R3_23Mar19_HESI_Neg.raw
nmdc:omprc-11-2wyw5284,Brodie_204_R2_CHCl3_05May19_Alder_Infuse_IATp03_144SA_1_01_43935.zip
nmdc:omprc-11-312t7h24,Brodie_134_r3_H2O_30Nov18_IATp1_1_01_37902.zip
nmdc:omprc-11-33v69k15,Brodie_134A_H2O_15Oct18_IAT_p1_1_01_35893.zip
nmdc:omprc-11-343k5431,Brodie_194_H2O_14Mar19_R1_HESI_Neg.raw
nmdc:omprc-11-34k87848,Brodie_194_w_r2_29Jan19_HESI_neg.raw
nmdc:omprc-11-35fkn204,Brodie_355_H2O_2_IATp1_07Dec18_1_01_38222.zip
nmdc:omprc-11-35pmt522,Brodie_181_H2O_14Mar19_R3_HESI_Neg.raw
nmdc:omprc-11-38m6nj47,Brodie_143_MeOH_R3_23Mar19_HESI_Neg.raw
nmdc:omprc-11-38r98d70,Brodie_123_MeOH_R1_19Mar19_HESI_Neg.raw
nmdc:omprc-11-39x7cc71,Brodie_197_H2O_11Mar19_R1_HESI_Neg.raw
nmdc:omprc-11-3akr7v07,Brodie_355_CHCl3_26Nov18_IATp1_1_01_37635.zip
nmdc:omprc-11-3b7s4033,Brodie_380_w_r1_25Jan19_HESI_neg.raw
nmdc:omprc-11-3bsf1j46,Brodie_381_MeOH_R2_21Mar19_HESI_Neg.raw
nmdc:omprc-11-3e2gtk65,Brodie_147A_H2O_15Oct18_IAT_p1_1_01_35897.zip
nmdc:omprc-11-3e3ry727,Brodie_355_MeOH_R1_19Mar19_HESI_Neg.raw
nmdc:omprc-11-3fb17r19,Brodie_356_r2_H2O_30Nov18_IATp1_1_01_37891.zip
nmdc:omprc-11-3h27b735,Brodie_185_H2O_14Mar19_R3_HESI_Neg.raw
nmdc:omprc-11-3hk0kn16,Brodie_357_H2O_3_12Dec18_IATp3_1_01_38494.zip
nmdc:omprc-11-3pf9c248,Brodie_202_MeOH_R3_23Mar19_HESI_Neg.raw
nmdc:omprc-11-3v5ey087,Brodie_381_MeOH_R1_19Mar19_HESI_Neg.raw
nmdc:omprc-11-3x68c186,Brodie_381_R3_CHCl3_03May19_Alder_Infuse_IATp05_144SA_1_01_43877.zip
nmdc:omprc-11-3x7fba45,Brodie_356_H2O_3_IATp1_07Dec18_1_01_38226.zip
nmdc:omprc-11-42tqgj54,Brodie_147_r3_H2O_30Nov18_IATp1_1_01_37906.zip
nmdc:omprc-11-42x05r33,Brodie_202_w_r1_25Jan19_HESI_neg.raw
nmdc:omprc-11-436vnt35,Brodie_202_H2O_R2_23Mar19_HESI_Neg.raw
nmdc:omprc-11-44gwjk25,Brodie_196_H2O_14Mar19_R1_HESI_Neg.raw
nmdc:omprc-11-46aay419,Brodie_135A_MeOH_15Oct18_IAT_p1_1_01_35911.zip
nmdc:omprc-11-46ewpf91,Brodie_184_w_r3_31Jan19_HESI_neg.raw
nmdc:omprc-11-4941qv53,Brodie_135_H2O_2_IATp1_07Dec18_1_01_38234.zip
nmdc:omprc-11-4972zs67,Brodie_196_H2O_14Mar19_R3_HESI_Neg.raw
nmdc:omprc-11-4bkm8h92,Brodie_202_R2_CHCl3_05May19_Alder_Infuse_IATp03_144SA_1_01_43937.zip
nmdc:omprc-11-4bwt4h87,Brodie_194_MeOH_R2_21Mar19_HESI_Neg.raw
nmdc:omprc-11-4fz9sa63,Brodie_115_H2O_R2_23Mar19_HESI_Neg.raw
nmdc:omprc-11-4j8hbc70,Brodie_145_H2O_3_IATp1_07Dec18_1_01_38238.zip
nmdc:omprc-11-4pb6gb10,Brodie_368_R3_CHCl3_03May19_Alder_Infuse_IATp05_144SA_1_01_43876.zip
nmdc:omprc-11-4qbmx486,Brodie_135_r3_H2O_30Nov18_IATp1_1_01_37903.zip
nmdc:omprc-11-4sxc2169,Brodie_147B_MeOH_15Oct18_IAT_p1_1_01_35919.zip
nmdc:omprc-11-4thk4020,Brodie_186_w_r1_25Jan19_HESI_neg.raw
nmdc:omprc-11-4v0j6k64,Brodie_202_R3_CHCl3_05May19_Alder_Infuse_IATp03_144SA_1_01_43924.zip
nmdc:omprc-11-4vvcg136,Brodie_369_w_r3_31Jan19_HESI_neg.raw
nmdc:omprc-11-4x7wvs50,Brodie_143_H2O_11Mar19_R2_HESI_Neg.raw
nmdc:omprc-11-4xdj3s30,Brodie_115_H2O_14Mar19_R1_HESI_Neg.raw
nmdc:omprc-11-4z41t420,Brodie_118_H2O_18Mar19_R2_HESI_Neg.raw
nmdc:omprc-11-4zqp7450,Brodie_198_w_r3_31Jan19_HESI_neg.raw
nmdc:omprc-11-51wk6490,Brodie_151_w_r2_29Jan19_HESI_neg.raw
nmdc:omprc-11-57m3d706,Brodie_146_H2O_3_IATp1_07Dec18_1_01_38241.zip
nmdc:omprc-11-58fh7q15,Brodie_184_w_r2_29Jan19_HESI_neg.raw
nmdc:omprc-11-58gp7n41,Brodie_158_w_r1_25Jan19_HESI_neg.raw
nmdc:omprc-11-59zfat15,Brodie_121_R3_CHCl3_03May19_Alder_Infuse_IATp05_144SA_1_01_43912.zip
nmdc:omprc-11-5bqn1x12,Brodie_193_MeOH_R1_19Mar19_HESI_Neg.raw
nmdc:omprc-11-5c8pk582,Brodie_157_MeOH_R1_19Mar19_HESI_Neg.raw
nmdc:omprc-11-5e7wsa78,Brodie_194_MeOH_R3_23Mar19_HESI_Neg.raw
nmdc:omprc-11-5etgxd36,Brodie_357_w_r2_29Jan19_HESI_neg.raw
nmdc:omprc-11-5ethx107,Brodie_203_H2O_11Mar19_R1_HESI_Neg.raw
nmdc:omprc-11-5evh3135,Brodie_369_R2_CHCl3_03May19_Alder_Infuse_IATp05_144SA_1_01_43865.zip
nmdc:omprc-11-5fe76w81,Brodie_196_MeOH_R3_23Mar19_HESI_Neg.raw
nmdc:omprc-11-5gfwth66,Brodie_158_H2O_18Mar19_R3_HESI_Neg.raw
nmdc:omprc-11-5j43x242,Brodie_184_R2_CHCl3_03May19_Alder_Infuse_IATp05_144SA_1_01_43840.zip
nmdc:omprc-11-5qgtqv91,Brodie_185_R3_CHCl3_03May19_Alder_Infuse_IATp05_144SA_1_01_43907.zip
nmdc:omprc-11-5qsrbn34,Brodie_355_r2_H2O_30Nov18_IATp1_1_01_37890.zip
nmdc:omprc-11-5rq7w608,Brodie_123_R2_CHCl3_03May19_Alder_Infuse_IATp05_144SA_1_01_43863.zip
nmdc:omprc-11-5t63rf59,Brodie_144_w_r1_01Feb19_HESI_neg.raw
nmdc:omprc-11-5y5txf92,Brodie_185_w_r1_01Feb19_HESI_neg.raw
nmdc:omprc-11-602yjb23,Brodie_157_R2_CHCl3_03May19_Alder_Infuse_IATp05_144SA_1_01_43824.zip
nmdc:omprc-11-61087f43,Brodie_356_CHCl3_26Nov18_IATp1_1_01_37636.zip
nmdc:omprc-11-614yjh95,Brodie_123_w_r1_25Jan19_HESI_neg.raw
nmdc:omprc-11-68xvhn46,Brodie_379_w_r1_25Jan19_HESI_neg.raw
nmdc:omprc-11-6d7j9d48,Brodie_357_MeOH_Only_26Nov18_IATp1_1_01_37624.zip
nmdc:omprc-11-6jkq5y32,Brodie_117_R3_CHCl3_05May19_Alder_Infuse_IATp03_144SA_1_01_43921.zip
nmdc:omprc-11-6ks2f736,Brodie_181_MeOH_R3_23Mar19_HESI_Neg.raw
nmdc:omprc-11-6p5wq151,Brodie_193_w_r2_29Jan19_HESI_neg.raw
nmdc:omprc-11-6trsgk72,Brodie_115_w_r2_29Jan19_HESI_neg.raw
nmdc:omprc-11-6v482z29,Brodie_355_H2O_3_IATp1_07Dec18_1_01_38223.zip
nmdc:omprc-11-6xc0h180,Brodie_195_H2O_11Mar19_R1_HESI_Neg.raw
nmdc:omprc-11-6z31xv09,Brodie_357_H2O_1_12Dec18_IATp3_1_01_38492.zip
nmdc:omprc-11-728s8471,Brodie_182_MeOH_R1_19Mar19_HESI_Neg.raw
nmdc:omprc-11-72km8517,Brodie_152_MeOH_R1_19Mar19_HESI_Neg.raw
nmdc:omprc-11-73x30h48,Brodie_117_MeOH_R1_19Mar19_HESI_Neg.raw
nmdc:omprc-11-747yj357,Brodie_356_H2O_1_IATp1_07Dec18_1_01_38224.zip
nmdc:omprc-11-77zzn373,Brodie_153_w_r2_29Jan19_HESI_neg.raw
nmdc:omprc-11-78a9fd24,Brodie_202_w_r3_31Jan19_HESI_neg.raw
nmdc:omprc-11-7e022y58,Brodie_120_H2O_11Mar19_R2_HESI_Neg.raw
nmdc:omprc-11-7fr5pn24,Brodie_202_w_r2_29Jan19_HESI_neg.raw
nmdc:omprc-11-7m8py655,Brodie_140_R2_CHCl3_03May19_Alder_Infuse_IATp05_144SA_1_01_43833.zip
nmdc:omprc-11-7nt1nt74,Brodie_134_H2O_1_12Dec18_IATp1_1_01_38495.zip
nmdc:omprc-11-7p5yh409,Brodie_150_H2O_11Mar19_R1_HESI_Neg.raw
nmdc:omprc-11-7rq3ex03,Brodie_204_MeOH_R2_21Mar19_HESI_Neg.raw
nmdc:omprc-11-7s9e4e04,Brodie_143_H2O_11Mar19_R1_HESI_Neg.raw
nmdc:omprc-11-7sv22v66,Brodie_193_w_r3_31Jan19_HESI_neg.raw
nmdc:omprc-11-7w84w224,Brodie_203_R2_CHCl3_03May19_Alder_Infuse_IATp05_144SA_1_01_43835.zip
nmdc:omprc-11-7xz6d915,Brodie_122_w_r2_29Jan19_HESI_neg.raw
nmdc:omprc-11-82wzvr47,Brodie_193_H2O_11Mar19_R1_HESI_Neg.raw
nmdc:omprc-11-84hxby95,Brodie_145_r3_H2O_30Nov18_IATp1_1_01_37904.zip
nmdc:omprc-11-878qkz47,Brodie_140_w_r1_25Jan19_HESI_neg.raw
nmdc:omprc-11-8g3bd870,Brodie_116_H2O_12Mar19_R3_HESI_Neg.raw
nmdc:omprc-11-8gw96985,Brodie_184_R3_CHCl3_03May19_Alder_Infuse_IATp05_144SA_1_01_43888.zip
nmdc:omprc-11-8h85tg22,Brodie_186_R3_CHCl3_03May19_Alder_Infuse_IATp05_144SA_1_01_43892.zip
nmdc:omprc-11-8hgz8f10,Brodie_203_w_r3_31Jan19_HESI_neg.raw
nmdc:omprc-11-8jc0tf63,Brodie_381_w_r2_29Jan19_HESI_neg.raw
nmdc:omprc-11-8k4ttj48,Brodie_140_w_r2_29Jan19_HESI_neg.raw
nmdc:omprc-11-8td2gq03,Brodie_203_MeOH_R2_21Mar19_HESI_Neg.raw
nmdc:omprc-11-8z05ax59,Brodie_355_R3_CHCl3_03May19_Alder_Infuse_IATp05_144SA_1_01_43891.zip
nmdc:omprc-11-91rda692,Brodie_183_w_r3_31Jan19_HESI_neg.raw
nmdc:omprc-11-937x4g02,Brodie_198_MeOH_R2_21Mar19_HESI_Neg.raw
nmdc:omprc-11-9502zr85,Brodie_204_MeOH_R3_23Mar19_HESI_Neg.raw
nmdc:omprc-11-95catj32,Brodie_152_H2O_11Mar19_R1_HESI_Neg.raw
nmdc:omprc-11-969vz067,Brodie_380_w_r3_31Jan19_HESI_neg.raw
nmdc:omprc-11-994pa532,Brodie_150_w_r1_25Jan19_HESI_neg.raw
nmdc:omprc-11-9cf36460,Brodie_197_H2O_R3_23Mar19_HESI_Neg.raw
nmdc:omprc-11-9deve776,Brodie_198_H2O_11Mar19_R1_HESI_Neg.raw
nmdc:omprc-11-9gdey850,Brodie_368_H2O_11Mar19_R1_HESI_Neg.raw
nmdc:omprc-11-9mv6dc61,Brodie_143_MeOH_R2_21Mar19_HESI_Neg.raw
nmdc:omprc-11-9r3d2m46,Brodie_356_MeOH_R2_21Mar19_HESI_Neg.raw
nmdc:omprc-11-9rn4yb09,Brodie_355_w_r3_31Jan19_HESI_neg.raw
nmdc:omprc-11-9szv3v28,Brodie_143_R2_CHCl3_03May19_Alder_Infuse_IATp05_144SA_1_01_43825.zip
nmdc:omprc-11-9te1p106,Brodie_357_w_r1_25Jan19_HESI_neg.raw
nmdc:omprc-11-9v4v5654,Brodie_147A_CHCl3_15Oct18_IAT_p1_1_01_35926.zip
nmdc:omprc-11-9vbm4g80,Brodie_158_w_r2_29Jan19_HESI_neg.raw
nmdc:omprc-11-9xfb9e80,Brodie_183_H2O_14Mar19_R3_HESI_Neg.raw
nmdc:omprc-11-9zp68h58,Brodie_355_w_r2_29Jan19_HESI_neg.raw
nmdc:omprc-11-a13hgp20,Brodie_141_w_r1_01Feb19_HESI_neg.raw
nmdc:omprc-11-a142hb16,Brodie_193_H2O_11Mar19_R2_HESI_Neg.raw
nmdc:omprc-11-a3exke19,Brodie_181_w_r2_29Jan19_HESI_neg.raw
nmdc:omprc-11-a3ya2591,Brodie_181_R2_CHCl3_03May19_Alder_Infuse_IATp05_144SA_1_01_43854.zip
nmdc:omprc-11-a4vc3f43,Brodie_118_R2_CHCl3_03May19_Alder_Infuse_IATp05_144SA_1_01_43852.zip
nmdc:omprc-11-a63r6p47,Brodie_147B_H2O_SPE_15Oct18_IAT_p05_1_01_35907.zip
nmdc:omprc-11-a7xwjj33,Brodie_181_R3_CHCl3_05May19_Alder_Infuse_IATp03_144SA_1_01_43928.zip
nmdc:omprc-11-a9bbzv19,Brodie_120_R2_CHCl3_05May19_Alder_Infuse_IATp03_144SA_1_01_43936.zip
nmdc:omprc-11-a9se5p84,Brodie_197_MeOH_R2_21Mar19_HESI_Neg.raw
nmdc:omprc-11-aa5ec902,Brodie_183_H2O_14Mar19_R2_HESI_Neg.raw
nmdc:omprc-11-abpk1108,Brodie_185_R2_CHCl3_03May19_Alder_Infuse_IATp05_144SA_1_01_43859.zip
nmdc:omprc-11-adby9129,Brodie_115_R2_CHCl3_05May19_Alder_Infuse_IATp03_144SA_1_01_43932.zip
nmdc:omprc-11-adhq0r51,Brodie_120_MeOH_R3_23Mar19_HESI_Neg.raw
nmdc:omprc-11-aeb6bv40,Brodie_195_w_r1_25Jan19_HESI_neg.raw
nmdc:omprc-11-afg13x21,Brodie_369_w_r2_29Jan19_HESI_neg.raw
nmdc:omprc-11-afkc4d02,Brodie_146_H2O_1_IATp1_07Dec18_1_01_38239.zip
nmdc:omprc-11-ahhz2j61,Brodie_193_R3_CHCl3_03May19_Alder_Infuse_IATp05_144SA_1_01_43882.zip
nmdc:omprc-11-ap02sp76,Brodie_117_w_r3_31Jan19_HESI_neg.raw
nmdc:omprc-11-aq1gz632,Brodie_198_MeOH_R1_19Mar19_HESI_Neg.raw
nmdc:omprc-11-aqbbcp54,Brodie_183_R2_CHCl3_03May19_Alder_Infuse_IATp03_144SA_1_01_43942.zip
nmdc:omprc-11-az8j2h74,Brodie_151_H2O_14Mar19_R1_HESI_Neg.raw
nmdc:omprc-11-b12myq79,Brodie_379_w_r2_29Jan19_HESI_neg.raw
nmdc:omprc-11-b2968x48,Brodie_143_w_r3_31Jan19_HESI_neg.raw
nmdc:omprc-11-b5rgp837,Brodie_355_H2O_26Nov18_IATp1_1_01_37630.zip
nmdc:omprc-11-bbjc2645,Brodie_198_MeOH_R3_23Mar19_HESI_Neg.raw
nmdc:omprc-11-bd7ws356,Brodie_116_R2_CHCl3_05May19_Alder_Infuse_IATp03_144SA_1_01_43933.zip
nmdc:omprc-11-bfgn9566,Brodie_367_MeOH_R3_23Mar19_HESI_Neg.raw
nmdc:omprc-11-bgs7jm50,Brodie_379_H2O_14Mar19_R1_HESI_Neg.raw
nmdc:omprc-11-bgtzcs75,Brodie_153_w_r3_31Jan19_HESI_neg.raw
nmdc:omprc-11-bjn35881,Brodie_368_R2_CHCl3_03May19_Alder_Infuse_IATp05_144SA_1_01_43828.zip
nmdc:omprc-11-bmtpjj33,Brodie_197_MeOH_R3_23Mar19_HESI_Neg.raw
nmdc:omprc-11-bnqywd37,Brodie_356_H2O_2_IATp1_07Dec18_1_01_38225.zip
nmdc:omprc-11-bpywr174,Brodie_367_w_r3_31Jan19_HESI_neg.raw
nmdc:omprc-11-brkhe637,Brodie_203_R2_CHCl3_05May19_Alder_Infuse_IATp03_144SA_1_01_43938.zip
nmdc:omprc-11-btar7a11,Brodie_115_w_r1_25Jan19_HESI_neg.raw
nmdc:omprc-11-btbzd907,Brodie_194_MeOH_R1_19Mar19_HESI_Neg.raw
nmdc:omprc-11-bv21g222,Brodie_146A_CHCl3_15Oct18_IAT_p1_1_01_35925.zip
nmdc:omprc-11-bxrwrv31,Brodie_183_MeOH_R3_23Mar19_HESI_Neg.raw
nmdc:omprc-11-by2e0665,Brodie_357_H2O_1_13Dec18_IATp15_1_01_38562.zip
nmdc:omprc-11-by3n3d34,Brodie_142_w_r2_29Jan19_HESI_neg.raw
nmdc:omprc-11-bzfjsv63,Brodie_148_w_r3_31Jan19_HESI_neg.raw
nmdc:omprc-11-c2cq8w84,Brodie_117_H2O_11Mar19_R2_HESI_Neg.raw
nmdc:omprc-11-c334q041,Brodie_193_H2O_12Mar19_R3_HESI_Neg.raw
nmdc:omprc-11-c47v1b47,Brodie_122_MeOH_R2_21Mar19_HESI_Neg.raw
nmdc:omprc-11-c6b4y620,Brodie_120_H2O_11Mar19_R1_HESI_Neg.raw
nmdc:omprc-11-ca7ds518,Brodie_115_MeOH_R2_21Mar19_HESI_Neg.raw
nmdc:omprc-11-cbz77g83,Brodie_150_w_r3_31Jan19_HESI_neg.raw
nmdc:omprc-11-ccnqd285,Brodie_356_MeOH_Only_26Nov18_IATp1_1_01_37623.zip
nmdc:omprc-11-cfmrh989,Brodie_184_MeOH_R2_21Mar19_HESI_Neg.raw
nmdc:omprc-11-chjyn459,Brodie_367_w_r1_25Jan19_HESI_neg.raw
nmdc:omprc-11-chm0dc48,Brodie_141_w_r2_29Jan19_HESI_neg.raw
nmdc:omprc-11-chmjxr22,Brodie_123_MeOH_R2_21Mar19_HESI_Neg.raw
nmdc:omprc-11-cn9p1983,Brodie_369_w_r1_25Jan19_HESI_neg.raw
nmdc:omprc-11-cpq9t457,Brodie_368_w_r2_29Jan19_HESI_neg.raw
nmdc:omprc-11-cq27eh51,Brodie_195_H2O_12Mar19_R2_HESI_Neg.raw
nmdc:omprc-11-ctn1ah51,Brodie_368_MeOH_R1_19Mar19_HESI_Neg.raw
nmdc:omprc-11-ctr64v46,Brodie_357_MeOH_R2_21Mar19_HESI_Neg.raw
nmdc:omprc-11-cyfnpp98,Brodie_146_r3_H2O_30Nov18_IATp1_1_01_37905.zip
nmdc:omprc-11-cysygs38,Brodie_203_R3_CHCl3_03May19_Alder_Infuse_IATp05_144SA_1_01_43883.zip
nmdc:omprc-11-d0eb2316,Brodie_150_R2_CHCl3_03May19_Alder_Infuse_IATp05_144SA_1_01_43838.zip
nmdc:omprc-11-d0eppv25,Brodie_134_H2O_2_12Dec18_IATp1_1_01_38496.zip
nmdc:omprc-11-d0hczv70,Brodie_204_w_r2_29Jan19_HESI_neg.raw
nmdc:omprc-11-d1bk0n36,Brodie_202_MeOH_R1_19Mar19_HESI_Neg.raw
nmdc:omprc-11-d2xj9545,Brodie_151_MeOH_R3_23Mar19_HESI_Neg.raw
nmdc:omprc-11-d5k47180,Brodie_380_R3_CHCl3_03May19_Alder_Infuse_IATp05_144SA_1_01_43899.zip
nmdc:omprc-11-d66vt991,Brodie_118_MeOH_R1_19Mar19_HESI_Neg.raw
nmdc:omprc-11-d6gaqm51,Brodie_146A_MeOH_15Oct18_IAT_p1_1_01_35913.zip
nmdc:omprc-11-d7jy0430,Brodie_379_H2O_14Mar19_R2_HESI_Neg.raw
nmdc:omprc-11-d7k4c925,Brodie_367_R2_CHCl3_03May19_Alder_Infuse_IATp05_144SA_1_01_43837.zip
nmdc:omprc-11-d8m91t62,Brodie_145A_H2O_15Oct18_IAT_p1_1_01_35895.zip
nmdc:omprc-11-d9epaf81,Brodie_380_H2O_18Mar19_R1_HESI_Neg.raw
nmdc:omprc-11-da0m7352,Brodie_139_w_r2_29Jan19_HESI_neg.raw
nmdc:omprc-11-db61jq89,Brodie_194_R2_CHCl3_03May19_Alder_Infuse_IATp05_144SA_1_01_43858.zip
nmdc:omprc-11-db9cx004,Brodie_158_R1_CHCl3_03May19_Alder_Infuse_IATp08_144SA_1_01_43818.zip
nmdc:omprc-11-dd1v8383,Brodie_181_H2O_18Mar19_R2_HESI_Neg.raw
nmdc:omprc-11-ddfgwy38,Brodie_181_H2O_14Mar19_R1_HESI_Neg.raw
nmdc:omprc-11-dgvmc543,Brodie_140_H2O_11Mar19_R2_HESI_Neg.raw
nmdc:omprc-11-dmeg6a90,Brodie_157_w_r1_25Jan19_HESI_neg.raw
nmdc:omprc-11-dn07kn75,Brodie_369_MeOH_R1_19Mar19_HESI_Neg.raw
nmdc:omprc-11-dx0dep18,Brodie_157_w_r3_31Jan19_HESI_neg.raw
nmdc:omprc-11-dyxrbk81,Brodie_147_r2_H2O_30Nov18_IATp1_1_01_37897.zip
nmdc:omprc-11-dz2zce09,Brodie_119_H2O_18Mar19_R2_HESI_Neg.raw
nmdc:omprc-11-dzd6ss74,Brodie_157_MeOH_R3_23Mar19_HESI_Neg.raw
nmdc:omprc-11-e00d9b89,Brodie_116_R2_CHCl3_03May19_Alder_Infuse_IATp05_144SA_1_01_43822.zip
nmdc:omprc-11-e1v0z392,Brodie_152_MeOH_R2_21Mar19_HESI_Neg.raw
nmdc:omprc-11-e3a4b128,Brodie_381_R2_CHCl3_03May19_Alder_Infuse_IATp05_144SA_1_01_43829.zip
nmdc:omprc-11-ea6hcf61,Brodie_141_MeOH_R1_19Mar19_HESI_Neg.raw
nmdc:omprc-11-ea925b39,Brodie_145_H2O_1_IATp1_07Dec18_1_01_38236.zip
nmdc:omprc-11-eatrbs73,Brodie_196_R2_CHCl3_03May19_Alder_Infuse_IATp05_144SA_1_01_43857.zip
nmdc:omprc-11-ebwjfr75,Brodie_150_MeOH_R1_19Mar19_HESI_Neg.raw
nmdc:omprc-11-eccqpa81,Brodie_142_w_r1_25Jan19_HESI_neg.raw
nmdc:omprc-11-eepr5m85,Brodie_144_R2_CHCl3_03May19_Alder_Infuse_IATp05_144SA_1_01_43846.zip
nmdc:omprc-11-ehz9st39,Brodie_204_R2_CHCl3_03May19_Alder_Infuse_IATp05_144SA_1_01_43831.zip
nmdc:omprc-11-emm5k305,Brodie_152_H2O_R3_23Mar19_HESI_Neg.raw
nmdc:omprc-11-endfv043,Brodie_141_H2O_14Mar19_R3_HESI_Neg.raw
nmdc:omprc-11-eny9af28,Brodie_144_H2O_11Mar19_R1_HESI_Neg.raw
nmdc:omprc-11-erzxnw58,Brodie_368_MeOH_R2_21Mar19_HESI_Neg.raw
nmdc:omprc-11-esmz1m96,Brodie_356_H2O_18Mar19_R2_HESI_Neg.raw
nmdc:omprc-11-ev20h209,Brodie_121_MeOH_R3_23Mar19_HESI_Neg.raw
nmdc:omprc-11-ev6k6v68,Brodie_182_MeOH_R3_23Mar19_HESI_Neg.raw
nmdc:omprc-11-ex2xjz39,Brodie_379_MeOH_R2_21Mar19_HESI_Neg.raw
nmdc:omprc-11-eykya571,Brodie_151_MeOH_R2_21Mar19_HESI_Neg.raw
nmdc:omprc-11-f1dwmd03,Brodie_196_H2O_14Mar19_R2_HESI_Neg.raw
nmdc:omprc-11-f1pcnb81,Brodie_380_R2_CHCl3_03May19_Alder_Infuse_IATp05_144SA_1_01_43851.zip
nmdc:omprc-11-f3a3hk51,Brodie_150_w_r2_29Jan19_HESI_neg.raw
nmdc:omprc-11-f4p6p742,Brodie_182_MeOH_R2_21Mar19_HESI_Neg.raw
nmdc:omprc-11-f61fz451,Brodie_357_w_r3_31Jan19_HESI_neg.raw
nmdc:omprc-11-f9czqx50,Brodie_158_MeOH_R3_23Mar19_HESI_Neg.raw
nmdc:omprc-11-fb439m57,Brodie_146_H2O_2_IATp1_07Dec18_1_01_38240.zip
nmdc:omprc-11-fbpp0f91,Brodie_116_H2O_12Mar19_R2_HESI_Neg.raw
nmdc:omprc-11-fj6qpn10,Brodie_186_H2O_12Mar19_R3_HESI_Neg.raw
nmdc:omprc-11-fjaf5x26,Brodie_379_MeOH_R3_23Mar19_HESI_Neg.raw
nmdc:omprc-11-fpwcvj12,Brodie_122_w_r1_01Feb19_HESI_neg.raw
nmdc:omprc-11-fsewae97,Brodie_121_MeOH_R1_19Mar19_HESI_Neg.raw
nmdc:omprc-11-fssms686,Brodie_186_H2O_12Mar19_R2_HESI_Neg.raw
nmdc:omprc-11-ftmbdh47,Brodie_135_r1_H2O_30Nov18_IATp1_1_01_37885.zip
nmdc:omprc-11-ftzqsg70,Brodie_157_H2O_12Mar19_R3_HESI_Neg.raw
nmdc:omprc-11-fxekz673,Brodie_355_H2O_11Mar19_R1_HESI_Neg-rr.raw
nmdc:omprc-11-fzpjf245,Brodie_140_R3_CHCl3_03May19_Alder_Infuse_IATp05_144SA_1_01_43881.zip
nmdc:omprc-11-g0pjdn65,Brodie_369_H2O_14Mar19_R2_HESI_Neg.raw
nmdc:omprc-11-g130vx84,Brodie_355_MeOH_Only_26Nov18_IATp1_1_01_37622.zip
nmdc:omprc-11-g2y50t17,Brodie_135A_CHCl3_15Oct18_IAT_p1_1_01_35923.zip
nmdc:omprc-11-g3w2mb54,Brodie_202_MeOH_R2_21Mar19_HESI_Neg.raw
nmdc:omprc-11-g4xcrx69,Brodie_144_H2O_12Mar19_R2_HESI_Neg.raw
nmdc:omprc-11-g5kv6k03,Brodie_369_MeOH_R3_23Mar19_HESI_Neg.raw
nmdc:omprc-11-g5nser40,Brodie_367_H2O_11Mar19_R1_HESI_Neg.raw
nmdc:omprc-11-g5pcw249,Brodie_379_w_r3_31Jan19_HESI_neg.raw
nmdc:omprc-11-g85gdb36,Brodie_143_R3_CHCl3_03May19_Alder_Infuse_IATp05_144SA_1_01_43873.zip
nmdc:omprc-11-g8nc3h65,Brodie_357_H2O_2_12Dec18_IATp3_1_01_38493.zip
nmdc:omprc-11-gf3z0496,Brodie_356_MeOH_R1_19Mar19_HESI_Neg.raw
nmdc:omprc-11-ggqqp936,Brodie_185_w_r2_29Jan19_HESI_neg.raw
nmdc:omprc-11-ghtcay44,Brodie_182_w_r1_25Jan19_HESI_neg.raw
nmdc:omprc-11-gp6h9e51,Brodie_380_H2O_18Mar19_R2_HESI_Neg.raw
nmdc:omprc-11-gtbev989,Brodie_204_R3_CHCl3_05May19_Alder_Infuse_IATp03_144SA_1_01_43922.zip
nmdc:omprc-11-gtc44797,Brodie_379_MeOH_R1_19Mar19_HESI_Neg.raw
nmdc:omprc-11-gtynxs32,Brodie_143_w_r2_29Jan19_HESI_neg.raw
nmdc:omprc-11-gwbgsq73,Brodie_117_w_r2_29Jan19_HESI_neg.raw
nmdc:omprc-11-gxjzcm36,Brodie_203_H2O_12Mar19_R3_HESI_Neg.raw
nmdc:omprc-11-h1pqwh46,Brodie_195_MeOH_R3_23Mar19_HESI_Neg.raw
nmdc:omprc-11-h274xn54,Brodie_356_MeOH_R3_23Mar19_HESI_Neg.raw
nmdc:omprc-11-h3dq5425,Brodie_357_H2O_11Mar19_R2_HESI_Neg.raw
nmdc:omprc-11-h47pa056,Brodie_135B_H2O_15Oct18_IAT_p1_1_01_35899.zip
nmdc:omprc-11-h5mxac55,Brodie_151_MeOH_R1_19Mar19_HESI_Neg.raw
nmdc:omprc-11-h5x3ht62,Brodie_152_w_r3_31Jan19_HESI_neg.raw
nmdc:omprc-11-h64paq80,Brodie_135B_CHCl3_15Oct18_IAT_p1_1_01_35928.zip
nmdc:omprc-11-h9n96q39,Brodie_356_R3_CHCl3_03May19_Alder_Infuse_IATp05_144SA_1_01_43897.zip
nmdc:omprc-11-haekyd17,Brodie_186_2_w_r2_29Jan19_HESI_neg.raw
nmdc:omprc-11-hdn9rw67,Brodie_369_H2O_18Mar19_R3_HESI_Neg.raw
nmdc:omprc-11-hgsbzd54,Brodie_144_MeOH_R2_21Mar19_HESI_Neg.raw
nmdc:omprc-11-hh1jah95,Brodie_116_w_r3_31Jan19_HESI_neg.raw
nmdc:omprc-11-hh9adz38,Brodie_194_H2O_14Mar19_R2_HESI_Neg.raw
nmdc:omprc-11-hjqwx103,Brodie_115_R2_CHCl3_03May19_Alder_Infuse_IATp05_144SA_1_01_43821.zip
nmdc:omprc-11-hpvrgr34,Brodie_140_MeOH_R3_23Mar19_HESI_Neg.raw
nmdc:omprc-11-hw0kpk75,Brodie_204_w_r1_25Jan19_HESI_neg.raw
nmdc:omprc-11-hxwtdj41,Brodie_139_w_r3_31Jan19_HESI_neg.raw
nmdc:omprc-11-j00knm96,Brodie_186_2_w_r3_31Jan19_HESI_neg.raw
nmdc:omprc-11-j08n2a21,Brodie_202_R2_CHCl3_03May19_Alder_Infuse_IATp05_144SA_1_01_43839.zip
nmdc:omprc-11-j3r5qn16,Brodie_380_MeOH_R1_19Mar19_HESI_Neg.raw
nmdc:omprc-11-j3yhxg66,Brodie_197_MeOH_R1_19Mar19_HESI_Neg.raw
nmdc:omprc-11-j6a07g15,Brodie_184_MeOH_R1_19Mar19_HESI_Neg.raw
nmdc:omprc-11-jby4m321,Brodie_185_H2O_14Mar19_R1_HESI_Neg.raw
nmdc:omprc-11-jg1t6z38,Brodie_193_MeOH_R2_21Mar19_HESI_Neg.raw
nmdc:omprc-11-jh7edf15,Brodie_368_H2O_R3_23Mar19_HESI_Neg.raw
nmdc:omprc-11-jhnx1b87,Brodie_195_R3_CHCl3_03May19_Alder_Infuse_IATp03_144SA_1_01_43930.zip
nmdc:omprc-11-jjwsd752,Brodie_157_R3_CHCl3_03May19_Alder_Infuse_IATp05_144SA_1_01_43872.zip
nmdc:omprc-11-jmqbpr32,Brodie_158_w_r3_31Jan19_HESI_neg.raw
nmdc:omprc-11-jnz6cf12,Brodie_115_MeOH_R3_23Mar19_HESI_Neg.raw
nmdc:omprc-11-jr74xy25,Brodie_204_w_r3_31Jan19_HESI_neg.raw
nmdc:omprc-11-jv019q80,Brodie_151_R3_CHCl3_03May19_Alder_Infuse_IATp05_144SA_1_01_43909.zip
nmdc:omprc-11-jy0p6085,Brodie_147B_H2O_15Oct18_IAT_p1_1_01_35902.zip
nmdc:omprc-11-jz0btn60,Brodie_196_MeOH_R2_21Mar19_HESI_Neg.raw
nmdc:omprc-11-k5st6g31,Brodie_123_H2O_14Mar19_R2_HESI_Neg.raw
nmdc:omprc-11-k65gfz32,Brodie_356_H2O_14Mar19_R3_HESI_Neg.raw
nmdc:omprc-11-ka9jae92,Brodie_147_r1_H2O_30Nov18_IATp1_1_01_37888.zip
nmdc:omprc-11-kderev77,Brodie_194_H2O_14Mar19_R3_HESI_Neg.raw
nmdc:omprc-11-khxbww22,Brodie_152_R3_CHCl3_03May19_Alder_Infuse_IATp05_144SA_1_01_43874.zip
nmdc:omprc-11-kjjc3z87,Brodie_381_w_r3_31Jan19_HESI_neg.raw
nmdc:omprc-11-kjv9rz13,Brodie_119_w_r1_25Jan19_HESI_neg.raw
nmdc:omprc-11-kpzxe492,Brodie_158_R3_CHCl3_03May19_Alder_Infuse_IATp05_144SA_1_01_43914.zip
nmdc:omprc-11-kr0xkg97,Brodie_368_w_r1_25Jan19_HESI_neg.raw
nmdc:omprc-11-kt3e7361,Brodie_118_MeOH_R3_23Mar19_HESI_Neg.raw
nmdc:omprc-11-kvkx2z37,Brodie_143_MeOH_R1_19Mar19_HESI_Neg.raw
nmdc:omprc-11-kvr4a093,Brodie_355_MeOH_Seq_26Nov18_IATp1_1_01_37625.zip
nmdc:omprc-11-kw5xe726,Brodie_145B_CHCl3_15Oct18_IAT_p1_1_01_35929.zip
nmdc:omprc-11-kyjcpq11,Brodie_134_H2O_3_12Dec18_IATp1_1_01_38497.zip
nmdc:omprc-11-m0jp5d17,Brodie_380_w_r2_29Jan19_HESI_neg.raw
nmdc:omprc-11-m1310w19,Brodie_152_w_r1_25Jan19_HESI_neg.raw
nmdc:omprc-11-m1fkzb64,Brodie_134_H2O_1_13Dec18_IATp15_1_01_38565.zip
nmdc:omprc-11-m1mm0e35,Brodie_146_r1_H2O_30Nov18_IATp1_1_01_37887.zip
nmdc:omprc-11-m2mxrf35,Brodie_120_w_r1_25Jan19_HESI_neg.raw
nmdc:omprc-11-m3ez4h22,Brodie_182_w_r3_31Jan19_HESI_neg.raw
nmdc:omprc-11-m5begt41,Brodie_367_MeOH_R1_19Mar19_HESI_Neg.raw
nmdc:omprc-11-m5gz3047,Brodie_120_w_r3_31Jan19_HESI_neg.raw
nmdc:omprc-11-m5j53d60,Brodie_202_H2O_11Mar19_R1_HESI_Neg.raw
nmdc:omprc-11-m74g0f96,Brodie_379_R3_CHCl3_03May19_Alder_Infuse_IATp05_144SA_1_01_43898.zip
nmdc:omprc-11-m7ygh689,Brodie_151_H2O_14Mar19_R2_HESI_Neg.raw
nmdc:omprc-11-mbn5e746,Brodie_146B_H2O_SPE_15Oct18_IAT_p05_1_01_35906.zip
nmdc:omprc-11-mbtk1e51,Brodie_123_H2O_14Mar19_R1_HESI_Neg.raw
nmdc:omprc-11-mct8r134,Brodie_144_H2O_12Mar19_R3_HESI_Neg.raw
nmdc:omprc-11-mdj3xf66,Brodie_196_MeOH_R1_19Mar19_HESI_Neg.raw
nmdc:omprc-11-mdnexj86,Brodie_135_r2_H2O_30Nov18_IATp1_1_01_37894.zip
nmdc:omprc-11-me5f5n76,Brodie_122_R2_CHCl3_03May19_Alder_Infuse_IATp05_144SA_1_01_43830.zip
nmdc:omprc-11-mhsmb555,Brodie_119_R3_CHCl3_05May19_Alder_Infuse_IATp03_144SA_1_01_43927.zip
nmdc:omprc-11-mjktpg77,Brodie_115_w_r3_31Jan19_HESI_neg.raw
nmdc:omprc-11-mp539973,Brodie_146B_H2O_15Oct18_IAT_p1_1_01_35901.zip
nmdc:omprc-11-mqctwg03,Brodie_369_MeOH_R2_21Mar19_HESI_Neg.raw
nmdc:omprc-11-mqep7w23,Brodie_198_R2_CHCl3_03May19_Alder_Infuse_IATp03_144SA_1_01_43944.zip
nmdc:omprc-11-mr66yh87,Brodie_119_MeOH_R3_23Mar19_HESI_Neg.raw
nmdc:omprc-11-mspjwp39,Brodie_182_w_r2_29Jan19_HESI_neg.raw
nmdc:omprc-11-mtg99038,Brodie_117_w_r1_25Jan19_HESI_neg.raw
nmdc:omprc-11-mtqnsh86,Brodie_356_w_r2_29Jan19_HESI_neg.raw
nmdc:omprc-11-mvh2ne14,Brodie_181_R2_CHCl3_05May19_Alder_Infuse_IATp03_144SA_1_01_43941.zip
nmdc:omprc-11-mvmr7d93,Brodie_115_R3_CHCl3_05May19_Alder_Infuse_IATp03_144SA_1_01_43919.zip
nmdc:omprc-11-mwm9yq73,Brodie_183_w_r1_01Feb19_HESI_neg.raw
nmdc:omprc-11-mym45c79,Brodie_357_r3_H2O_30Nov18_IATp1_1_01_37901.zip
nmdc:omprc-11-mzwxmy90,Brodie_158_MeOH_R2_21Mar19_HESI_Neg.raw
nmdc:omprc-11-n26eke64,Brodie_116_MeOH_R3_23Mar19_HESI_Neg.raw
nmdc:omprc-11-n27mxr96,Brodie_158_H2O_18Mar19_R2_HESI_Neg.raw
nmdc:omprc-11-n9ds4r41,Brodie_198_R3_CHCl3_03May19_Alder_Infuse_IATp03_144SA_1_01_43931.zip
nmdc:omprc-11-nbpfaq83,Brodie_120_H2O_12Mar19_R3_HESI_Neg.raw
nmdc:omprc-11-ndjpyr72,Brodie_117_H2O_11Mar19_R1_HESI_Neg.raw
nmdc:omprc-11-nekaa067,Brodie_182_R2_CHCl3_03May19_Alder_Infuse_IATp05_144SA_1_01_43827.zip
nmdc:omprc-11-nf8cam41,Brodie_184_H2O_12Mar19_R3_HESI_Neg.raw
nmdc:omprc-11-nm64fv56,Brodie_146A_H2O_15Oct18_IAT_p1_1_01_35896.zip
nmdc:omprc-11-nnr3c474,Brodie_198_w_r2_29Jan19_HESI_neg.raw
nmdc:omprc-11-np822k75,Brodie_355_r3_H2O_30Nov18_IATp1_1_01_37899.zip
nmdc:omprc-11-nr4wy934,Brodie_158_MeOH_R1_19Mar19_HESI_Neg.raw
nmdc:omprc-11-nrxpd620,Brodie_120_R3_CHCl3_05May19_Alder_Infuse_IATp03_144SA_1_01_43923.zip
nmdc:omprc-11-ns6p5d89,Brodie_116_H2O_11Mar19_R1_HESI_Neg.raw
nmdc:omprc-11-nyvkmp55,Brodie_121_w_r2_29Jan19_HESI_neg.raw
nmdc:omprc-11-p29fy802,Brodie_195_MeOH_R2_21Mar19_HESI_Neg.raw
nmdc:omprc-11-p2f9vf13,Brodie_369_H2O_14Mar19_R1_HESI_Neg.raw
nmdc:omprc-11-p38fqr69,Brodie_367_MeOH_R2_21Mar19_HESI_Neg.raw
nmdc:omprc-11-pangqf25,Brodie_357_H2O_2_13Dec18_IATp15_1_01_38563.zip
nmdc:omprc-11-pckmv931,Brodie_121_R1_CHCl3_03May19_Alder_Infuse_IATp08_144SA_1_01_43816.zip
nmdc:omprc-11-pm508t70,Brodie_183_MeOH_R2_21Mar19_HESI_Neg.raw
nmdc:omprc-11-pn3p9r73,Brodie_195_w_r3_31Jan19_HESI_neg.raw
nmdc:omprc-11-pv423k67,Brodie_147B_CHCl3_15Oct18_IAT_p1_1_01_35931.zip
nmdc:omprc-11-pwndsr65,Brodie_145A_CHCl3_15Oct18_IAT_p1_1_01_35924.zip
nmdc:omprc-11-pyndvw19,Brodie_198_w_r1_25Jan19_HESI_neg.raw
nmdc:omprc-11-q0ps1q22,Brodie_381_H2O_11Mar19_R2_HESI_Neg.raw
nmdc:omprc-11-q1jvg615,Brodie_145A_MeOH_15Oct18_IAT_p1_1_01_35912.zip
nmdc:omprc-11-q4kkvw92,Brodie_135A_H2O_15Oct18_IAT_p1_1_01_35894.zip
nmdc:omprc-11-q55a5c26,Brodie_118_H2O_14Mar19_R3_HESI_Neg.raw
nmdc:omprc-11-q562sw87,Brodie_356_MeOH_Seq_26Nov18_IATp1_1_01_37626.zip
nmdc:omprc-11-q5v8dt49,Brodie_122_H2O_11Mar19_R2_HESI_Neg.raw
nmdc:omprc-11-q6qtvf50,Brodie_381_H2O_R3_23Mar19_HESI_Neg.raw
nmdc:omprc-11-q79wr449,Brodie_121_MeOH_R2_21Mar19_HESI_Neg.raw
nmdc:omprc-11-qcbm2k35,Brodie_134B_H2O_SPE_15Oct18_IAT_p05_1_01_35903.zip
nmdc:omprc-11-qcf0ye42,Brodie_181_w_r1_25Jan19_HESI_neg.raw
nmdc:omprc-11-qd2a1p74,Brodie_123_H2O_14Mar19_R3_HESI_Neg.raw
nmdc:omprc-11-qds5kj22,Brodie_367_w_r2_29Jan19_HESI_neg.raw
nmdc:omprc-11-qg346k90,Brodie_141_R2_CHCl3_03May19_Alder_Infuse_IATp05_144SA_1_01_43862.zip
nmdc:omprc-11-qh2bk797,Brodie_355_H2O_12Mar19_R3_HESI_Neg-rr.raw
nmdc:omprc-11-qjpyk527,Brodie_150_R3_CHCl3_03May19_Alder_Infuse_IATp05_144SA_1_01_43886.zip
nmdc:omprc-11-qn9nhh12,Brodie_182_R3_CHCl3_03May19_Alder_Infuse_IATp05_144SA_1_01_43875.zip
nmdc:omprc-11-qtgrph13,Brodie_120_MeOH_R2_21Mar19_HESI_Neg.raw
nmdc:omprc-11-qvj0kw75,Brodie_195_H2O_12Mar19_R3_HESI_Neg.raw
nmdc:omprc-11-qxj5gy93,Brodie_119_R2_CHCl3_03May19_Alder_Infuse_IATp05_144SA_1_01_43853.zip
nmdc:omprc-11-qxtjyg27,Brodie_186_MeOH_R3_23Mar19_HESI_Neg.raw
nmdc:omprc-11-r0jhs134,Brodie_116_w_r1_01Feb19_HESI_neg.raw
nmdc:omprc-11-r0v46e46,Brodie_116_MeOH_R1_19Mar19_HESI_Neg.raw
nmdc:omprc-11-r2a2tf15,Brodie_186_w_r2_29Jan19_HESI_neg.raw
nmdc:omprc-11-r2ajas93,Brodie_117_H2O_12Mar19_R3_HESI_Neg.raw
nmdc:omprc-11-r39g8a97,Brodie_143_H2O_R3_23Mar19_HESI_Neg.raw
nmdc:omprc-11-r45e8023,Brodie_195_MeOH_R1_19Mar19_HESI_Neg.raw
nmdc:omprc-11-r5be0s52,Brodie_140_MeOH_R1_19Mar19_HESI_Neg.raw
nmdc:omprc-11-r66hap73,Brodie_203_MeOH_R3_23Mar19_HESI_Neg.raw
nmdc:omprc-11-r74bf408,Brodie_116_MeOH_R2_21Mar19_HESI_Neg.raw
nmdc:omprc-11-r8391161,Brodie_145B_MeOH_15Oct18_IAT_p1_1_01_35917.zip
nmdc:omprc-11-rb4y5x71,Brodie_157_MeOH_R2_21Mar19_HESI_Neg.raw
nmdc:omprc-11-rba9ca78,Brodie_158_H2O_18Mar19_R1_HESI_Neg.raw
nmdc:omprc-11-rbgfvf12,Brodie_185_MeOH_R3_23Mar19_HESI_Neg.raw
nmdc:omprc-11-rcjp7545,Brodie_117_R2_CHCl3_05May19_Alder_Infuse_IATp03_144SA_1_01_43934.zip
nmdc:omprc-11-rcrac005,Brodie_146_r2_H2O_30Nov18_IATp1_1_01_37896.zip
nmdc:omprc-11-rf56m648,Brodie_355_R2_CHCl3_03May19_Alder_Infuse_IATp05_144SA_1_01_43843.zip
nmdc:omprc-11-rfe54k59,Brodie_357_MeOH_Seq_26Nov18_IATp1_1_01_37627.zip
nmdc:omprc-11-rgnkm067,Brodie_367_R3_CHCl3_03May19_Alder_Infuse_IATp05_144SA_1_01_43885.zip
nmdc:omprc-11-rh3def95,Brodie_181_w_r3_31Jan19_HESI_neg.raw
nmdc:omprc-11-rjwysn24,Brodie_198_H2O_12Mar19_R3_HESI_Neg.raw
nmdc:omprc-11-rjydzz49,Brodie_357_H2O_26Nov18_IATp1_1_01_37632.zip
nmdc:omprc-11-rn8hzz02,Brodie_119_H2O_18Mar19_R1_HESI_Neg.raw
nmdc:omprc-11-rn9an303,Brodie_193_R2_CHCl3_03May19_Alder_Infuse_IATp05_144SA_1_01_43834.zip
nmdc:omprc-11-rpjztv09,Brodie_186_MeOH_R2_21Mar19_HESI_Neg.raw
nmdc:omprc-11-rsprhc80,Brodie_186_H2O_11Mar19_R1_HESI_Neg.raw
nmdc:omprc-11-rt8y9b75,Brodie_185_MeOH_R1_19Mar19_HESI_Neg.raw
nmdc:omprc-11-rww18t48,Brodie_141_MeOH_R2_21Mar19_HESI_Neg.raw
nmdc:omprc-11-rx0gfz57,Brodie_116_w_r2_29Jan19_HESI_neg.raw
nmdc:omprc-11-rxvzx162,Brodie_368_H2O_11Mar19_R2_HESI_Neg.raw
nmdc:omprc-11-rzg42j42,Brodie_204_MeOH_R1_19Mar19_HESI_Neg.raw
nmdc:omprc-11-s6s2k118,Brodie_144_w_r2_29Jan19_HESI_neg.raw
nmdc:omprc-11-s9xtq276,Brodie_356_H2O_14Mar19_R1_HESI_Neg.raw
nmdc:omprc-11-sb2mqn79,Brodie_355_MeOH_R2_21Mar19_HESI_Neg.raw
nmdc:omprc-11-sc4q9v39,Brodie_121_H2O_14Mar19_R2_HESI_Neg.raw
nmdc:omprc-11-scpbrd05,Brodie_117_MeOH_R3_23Mar19_HESI_Neg.raw
nmdc:omprc-11-sfd1ts81,Brodie_183_R3_CHCl3_03May19_Alder_Infuse_IATp03_144SA_1_01_43929.zip
nmdc:omprc-11-sm755a13,Brodie_121_H2O_14Mar19_R1_HESI_Neg.raw
nmdc:omprc-11-sp27gz10,Brodie_134A_MeOH_15Oct18_IAT_p1_1_01_35910.zip
nmdc:omprc-11-svh22m07,Brodie_118_R3_CHCl3_05May19_Alder_Infuse_IATp03_144SA_1_01_43926.zip
nmdc:omprc-11-sw4w8v07,Brodie_121_H2O_14Mar19_R3_HESI_Neg.raw
nmdc:omprc-11-sxzd0555,Brodie_203_MeOH_R1_19Mar19_HESI_Neg.raw
nmdc:omprc-11-t0jy1732,Brodie_146_w_r1_25Jan19_HESI_neg.raw
nmdc:omprc-11-t2317225,Brodie_184_w_r1_25Jan19_HESI_neg.raw
nmdc:omprc-11-t3087269,Brodie_115_H2O_14Mar19_R3_HESI_Neg.raw
nmdc:omprc-11-t57k0r11,Brodie_146B_MeOH_15Oct18_IAT_p1_1_01_35918.zip
nmdc:omprc-11-t5pj4d50,Brodie_357_CHCl3_26Nov18_IATp1_1_01_37637.zip
nmdc:omprc-11-t88ntb43,Brodie_357_H2O_3_IATp1_07Dec18_1_01_38229.zip
nmdc:omprc-11-t8jm8663,Brodie_141_H2O_14Mar19_R2_HESI_Neg.raw
nmdc:omprc-11-t9y1j113,Brodie_356_w_r3_31Jan19_HESI_neg.raw
nmdc:omprc-11-tbhrxm62,Brodie_141_R3_CHCl3_03May19_Alder_Infuse_IATp05_144SA_1_01_43910.zip
nmdc:omprc-11-td54q538,Brodie_140_w_r3_31Jan19_HESI_neg.raw
nmdc:omprc-11-tecnk371,Brodie_151_H2O_14Mar19_R3_HESI_Neg.raw
nmdc:omprc-11-tg0svb81,Brodie_197_w_r2_29Jan19_HESI_neg.raw
nmdc:omprc-11-tkt3s758,Brodie_121_w_r3_31Jan19_HESI_neg.raw
nmdc:omprc-11-tnkgcg20,Brodie_369_R1_CHCl3_03May19_Alder_Infuse_IATp08_144SA_1_01_43817.zip
nmdc:omprc-11-tnxsy138,Brodie_197_w_r3_31Jan19_HESI_neg.raw
nmdc:omprc-11-tp3j0g63,Brodie_117_MeOH_R2_21Mar19_HESI_Neg.raw
nmdc:omprc-11-tpjcgz70,Brodie_369_R3_CHCl3_03May19_Alder_Infuse_IATp05_144SA_1_01_43913.zip
nmdc:omprc-11-tt3qae70,Brodie_120_MeOH_R1_19Mar19_HESI_Neg.raw
nmdc:omprc-11-ttb3z992,Brodie_147_H2O_2_IATp1_07Dec18_1_01_38243.zip
nmdc:omprc-11-ttg5bk85,Brodie_146B_CHCl3_15Oct18_IAT_p1_1_01_35930.zip
nmdc:omprc-11-tvbsrp53,Brodie_135_H2O_1_IATp1_07Dec18_1_01_38233.zip
nmdc:omprc-11-tvtt9m13,Brodie_181_MeOH_R2_21Mar19_HESI_Neg.raw
nmdc:omprc-11-v0g8gg87,Brodie_118_w_r2_29Jan19_HESI_neg.raw
nmdc:omprc-11-v2bv1e89,Brodie_122_H2O_R3_23Mar19_HESI_Neg.raw
nmdc:omprc-11-v2p26r52,Brodie_134_H2O_3_IATp1_07Dec18_1_01_38232.zip
nmdc:omprc-11-v2s7wt02,Brodie_380_MeOH_R3_23Mar19_HESI_Neg.raw
nmdc:omprc-11-v66r1e39,Brodie_151_w_r1_25Jan19_HESI_neg.raw
nmdc:omprc-11-vf19sb33,Brodie_150_MeOH_R2_21Mar19_HESI_Neg.raw
nmdc:omprc-11-vkqbn854,Brodie_123_w_r2_29Jan19_HESI_neg.raw
nmdc:omprc-11-vzf0e332,Brodie_152_MeOH_R3_23Mar19_HESI_Neg.raw
nmdc:omprc-11-vzpgnm05,Brodie_186_R2_CHCl3_03May19_Alder_Infuse_IATp05_144SA_1_01_43844.zip
nmdc:omprc-11-vzs8vp08,Brodie_122_MeOH_R3_23Mar19_HESI_Neg.raw
nmdc:omprc-11-w059vd36,Brodie_144_MeOH_R3_23Mar19_HESI_Neg.raw
nmdc:omprc-11-w3t2ka20,Brodie_356_w_r1_25Jan19_HESI_neg.raw
nmdc:omprc-11-w41n1r73,Brodie_152_H2O_11Mar19_R2_HESI_Neg.raw
nmdc:omprc-11-w5gc0t85,Brodie_122_R3_CHCl3_03May19_Alder_Infuse_IATp05_144SA_1_01_43878.zip
nmdc:omprc-11-w686et39,Brodie_381_MeOH_R3_23Mar19_HESI_Neg.raw
nmdc:omprc-11-wbdcew17,Brodie_357_R2_CHCl3_03May19_Alder_Infuse_IATp05_144SA_1_01_43841.zip
nmdc:omprc-11-weefpt30,Brodie_135_H2O_3_IATp1_07Dec18_1_01_38235.zip
nmdc:omprc-11-whaqb374,Brodie_123_R1_CHCl3_03May19_Alder_Infuse_IATp08_144SA_1_01_43815.zip
nmdc:omprc-11-wmqtj834,Brodie_123_MeOH_R3_23Mar19_HESI_Neg.raw
nmdc:omprc-11-wnkw5n06,Brodie_119_w_r2_29Jan19_HESI_neg.raw
nmdc:omprc-11-wrvryq81,Brodie_150_H2O_11Mar19_R2_HESI_Neg.raw
nmdc:omprc-11-x0ab9397,Brodie_183_MeOH_R1_19Mar19_HESI_Neg.raw
nmdc:omprc-11-x0cyj831,Brodie_147_H2O_3_IATp1_07Dec18_1_01_38244.zip
nmdc:omprc-11-x2v1t879,Brodie_194_w_r3_31Jan19_HESI_neg.raw
nmdc:omprc-11-x33m3r78,Brodie_193_MeOH_R3_23Mar19_HESI_Neg.raw
nmdc:omprc-11-x3b7vp27,Brodie_157_H2O_12Mar19_R2_HESI_Neg.raw
nmdc:omprc-11-x4h2th90,Brodie_145B_H2O_15Oct18_IAT_p1_1_01_35900.zip
nmdc:omprc-11-x4w9sp19,Brodie_119_R2_CHCl3_05May19_Alder_Infuse_IATp03_144SA_1_01_43940.zip
nmdc:omprc-11-x962cw38,Brodie_118_R2_CHCl3_05May19_Alder_Infuse_IATp03_144SA_1_01_43939.zip
nmdc:omprc-11-xa10s074,Brodie_118_w_r3_31Jan19_HESI_neg.raw
nmdc:omprc-11-xbjdek61,Brodie_380_MeOH_R2_21Mar19_HESI_Neg.raw
nmdc:omprc-11-xcg0qc34,Brodie_118_MeOH_R2_21Mar19_HESI_Neg.raw
nmdc:omprc-11-xpccey56,Brodie_186_MeOH_R1_19Mar19_HESI_Neg.raw
nmdc:omprc-11-xs25v505,Brodie_123_w_r3_31Jan19_HESI_neg.raw
nmdc:omprc-11-xv1ekm53,Brodie_134B_CHCl3_15Oct18_IAT_p1_1_01_35927.zip
nmdc:omprc-11-xvjhfm93,Brodie_185_w_r3_31Jan19_HESI_neg.raw
nmdc:omprc-11-xwagap85,Brodie_117_R2_CHCl3_03May19_Alder_Infuse_IATp05_144SA_1_01_43823.zip
nmdc:omprc-11-xzd2zf78,Brodie_157_w_r2_29Jan19_HESI_neg.raw
nmdc:omprc-11-y1nwmq10,Brodie_146_w_r3_31Jan19_HESI_neg.raw
nmdc:omprc-11-y4zf9y48,Brodie_185_MeOH_R2_21Mar19_HESI_Neg.raw
nmdc:omprc-11-y57z5r36,Brodie_152_w_r2_29Jan19_HESI_neg.raw
nmdc:omprc-11-y9dxx320,Brodie_150_MeOH_R3_23Mar19_HESI_Neg.raw
nmdc:omprc-11-yba6vc27,Brodie_368_w_r3_31Jan19_HESI_neg.raw
nmdc:omprc-11-yd8r3q14,Brodie_183_R3_CHCl3_03May19_Alder_Infuse_IATp05_144SA_1_01_43908.zip
nmdc:omprc-11-ydm3fp05,Brodie_355_H2O_12Mar19_R2_HESI_Neg-rr.raw
nmdc:omprc-11-ygj24642,Brodie_151_R2_CHCl3_03May19_Alder_Infuse_IATp05_144SA_1_01_43861.zip
nmdc:omprc-11-ysdrmm94,Brodie_202_H2O_12Mar19_R3_HESI_Neg.raw
nmdc:omprc-11-yt12y346,Brodie_145B_H2O_SPE_15Oct18_IAT_p05_1_01_35905.zip
nmdc:omprc-11-yvw2jv44,Brodie_120_R2_CHCl3_03May19_Alder_Infuse_IATp05_144SA_1_01_43836.zip
nmdc:omprc-11-yw947n41,Brodie_135B_H2O_SPE_15Oct18_IAT_p05_1_01_35904.zip
nmdc:omprc-11-yww37322,Brodie_140_MeOH_R2_21Mar19_HESI_Neg.raw
nmdc:omprc-11-yy2h7b73,Brodie_196_R3_CHCl3_03May19_Alder_Infuse_IATp05_144SA_1_01_43905.zip
nmdc:omprc-11-z01fy363,Brodie_183_w_r2_29Jan19_HESI_neg.raw
nmdc:omprc-11-z2s2q036,Brodie_141_R1_CHCl3_03May19_Alder_Infuse_IATp08_144SA_1_01_43814.zip
nmdc:omprc-11-z7kqew07,Brodie_356_r3_H2O_30Nov18_IATp1_1_01_37900.zip
nmdc:omprc-11-z7qaw875,Brodie_203_w_r2_29Jan19_HESI_neg.raw
nmdc:omprc-11-zb0ftc71,Brodie_134B_H2O_15Oct18_IAT_p1_1_01_35898.zip
nmdc:omprc-11-zb5kt020,Brodie_357_MeOH_R1_19Mar19_HESI_Neg.raw
nmdc:omprc-11-zbm1t642,Brodie_145_r1_H2O_30Nov18_IATp1_1_01_37886.zip
nmdc:omprc-11-zcq9mn03,Brodie_197_R2_CHCl3_03May19_Alder_Infuse_IATp05_144SA_1_01_43832.zip
nmdc:omprc-11-zdc6ag76,Brodie_135B_MeOH_15Oct18_IAT_p1_1_01_35916.zip
nmdc:omprc-11-zhjanf82,Brodie_144_MeOH_R1_19Mar19_HESI_Neg.raw
nmdc:omprc-11-zns9hc70,Brodie_144_w_r3_31Jan19_HESI_neg.raw
nmdc:omprc-11-zsm7g281,Brodie_184_H2O_11Mar19_R2_HESI_Neg.raw
nmdc:omprc-11-zt2c3f72,Brodie_122_H2O_11Mar19_R1_HESI_Neg.raw
nmdc:omprc-11-zykm2w67,Brodie_140_H2O_11Mar19_R1_HESI_Neg.raw
