sample_id,biosample.associated_studies,raw_data_file,processed_data_directory,mass_spec_configuration_name,chromat_configuration_name,instrument_used,processing_institution_workflow,processing_institution_generation,instrument_analysis_end_date,instrument_instance_specifier,raw_data_url
nmdc:bsm-11-de1h1038,['nmdc:sty-11-46aje659'],/Volumes/LaCie/nmdc_data/singer_11_46aje659/raw/20220203_JGI-AK-TH_ES_504603_EcoPod_final_IDX_C18_USDAY59443_POS_MSMS_69_B-D-5_3_Rg80to1200-CE102040-root-A25-S1_Run204.raw,/Volumes/LaCie/nmdc_data/singer_11_46aje659/processed_20251031/20220203_JGI-AK-TH_ES_504603_EcoPod_final_IDX_C18_USDAY59443_POS_MSMS_69_B-D-5_3_Rg80to1200-CE102040-root-A25-S1_Run204.corems,"JGI/LBNL Standard Metabolomics Method, positive @10,20,40CE",JGI/LBNL Metabolomics Standard LC Method - Nonpolar C18,Q Exactive Orbitrap,NDMC,JGI,2022-02-05T11:24:03Z,FSN30184,https://massive.ucsd.edu/ProteoSAFe/DownloadResultFile?file=f.MSV000094782%2F%2Fraw%2F20220203_JGI-AK-TH_ES_504603_EcoPod_final_IDX_C18_USDAY59443_RENAMED%2Frawdata%2F20220203_JGI-AK-TH_ES_504603_EcoPod_final_IDX_C18_USDAY59443_POS_MSMS_69_B-D-5_3_Rg80to1200-CE102040-root-A25-S1_Run204.raw&forceDownload=true
nmdc:bsm-11-ag2qyq93,['nmdc:sty-11-46aje659'],/Volumes/LaCie/nmdc_data/singer_11_46aje659/raw/20220203_JGI-AK-TH_ES_504603_EcoPod_final_IDX_C18_USDAY59443_POS_MSMS_15_A-C-2_2_Rg80to1200-CE102040-root-F2-S1_Run140.raw,/Volumes/LaCie/nmdc_data/singer_11_46aje659/processed_20251031/20220203_JGI-AK-TH_ES_504603_EcoPod_final_IDX_C18_USDAY59443_POS_MSMS_15_A-C-2_2_Rg80to1200-CE102040-root-F2-S1_Run140.corems,"JGI/LBNL Standard Metabolomics Method, positive @10,20,40CE",JGI/LBNL Metabolomics Standard LC Method - Nonpolar C18,Q Exactive Orbitrap,NDMC,JGI,2022-02-04T22:03:48Z,FSN30184,https://massive.ucsd.edu/ProteoSAFe/DownloadResultFile?file=f.MSV000094782%2F%2Fraw%2F20220203_JGI-AK-TH_ES_504603_EcoPod_final_IDX_C18_USDAY59443_RENAMED%2Frawdata%2F20220203_JGI-AK-TH_ES_504603_EcoPod_final_IDX_C18_USDAY59443_POS_MSMS_15_A-C-2_2_Rg80to1200-CE102040-root-F2-S1_Run140.raw&forceDownload=true
nmdc:bsm-11-ww5h0770,['nmdc:sty-11-46aje659'],/Volumes/LaCie/nmdc_data/singer_11_46aje659/raw/20220203_JGI-AK-TH_ES_504603_EcoPod_final_IDX_C18_USDAY59443_POS_MSMS_72_B-D-7_2_Rg80to1200-CE102040-root-E25-S1_Run113.raw,/Volumes/LaCie/nmdc_data/singer_11_46aje659/processed_20251031/20220203_JGI-AK-TH_ES_504603_EcoPod_final_IDX_C18_USDAY59443_POS_MSMS_72_B-D-7_2_Rg80to1200-CE102040-root-E25-S1_Run113.corems,"JGI/LBNL Standard Metabolomics Method, positive @10,20,40CE",JGI/LBNL Metabolomics Standard LC Method - Nonpolar C18,Q Exactive Orbitrap,NDMC,JGI,2022-02-04T16:26:07Z,FSN30184,https://massive.ucsd.edu/ProteoSAFe/DownloadResultFile?file=f.MSV000094782%2F%2Fraw%2F20220203_JGI-AK-TH_ES_504603_EcoPod_final_IDX_C18_USDAY59443_RENAMED%2Frawdata%2F20220203_JGI-AK-TH_ES_504603_EcoPod_final_IDX_C18_USDAY59443_POS_MSMS_72_B-D-7_2_Rg80to1200-CE102040-root-E25-S1_Run113.raw&forceDownload=true
nmdc:bsm-11-rpmr0530,['nmdc:sty-11-46aje659'],/Volumes/LaCie/nmdc_data/singer_11_46aje659/raw/20220203_JGI-AK-TH_ES_504603_EcoPod_final_IDX_C18_USDAY59443_POS_MSMS_16_B-C-2_2_Rg80to1200-CE102040-root-F2-S1_Run131.raw,/Volumes/LaCie/nmdc_data/singer_11_46aje659/processed_20251031/20220203_JGI-AK-TH_ES_504603_EcoPod_final_IDX_C18_USDAY59443_POS_MSMS_16_B-C-2_2_Rg80to1200-CE102040-root-F2-S1_Run131.corems,"JGI/LBNL Standard Metabolomics Method, positive @10,20,40CE",JGI/LBNL Metabolomics Standard LC Method - Nonpolar C18,Q Exactive Orbitrap,NDMC,JGI,2022-02-04T20:11:13Z,FSN30184,https://massive.ucsd.edu/ProteoSAFe/DownloadResultFile?file=f.MSV000094782%2F%2Fraw%2F20220203_JGI-AK-TH_ES_504603_EcoPod_final_IDX_C18_USDAY59443_RENAMED%2Frawdata%2F20220203_JGI-AK-TH_ES_504603_EcoPod_final_IDX_C18_USDAY59443_POS_MSMS_16_B-C-2_2_Rg80to1200-CE102040-root-F2-S1_Run131.raw&forceDownload=true
nmdc:bsm-11-rqktre19,['nmdc:sty-11-46aje659'],/Volumes/LaCie/nmdc_data/singer_11_46aje659/raw/20220203_JGI-AK-TH_ES_504603_EcoPod_final_IDX_C18_USDAY59443_POS_MSMS_57_A-C-4_5_Rg80to1200-CE102040-root-I14-S1_Run251.raw,/Volumes/LaCie/nmdc_data/singer_11_46aje659/processed_20251031/20220203_JGI-AK-TH_ES_504603_EcoPod_final_IDX_C18_USDAY59443_POS_MSMS_57_A-C-4_5_Rg80to1200-CE102040-root-I14-S1_Run251.corems,"JGI/LBNL Standard Metabolomics Method, positive @10,20,40CE",JGI/LBNL Metabolomics Standard LC Method - Nonpolar C18,Q Exactive Orbitrap,NDMC,JGI,2022-02-07T12:12:17Z,FSN30184,https://massive.ucsd.edu/ProteoSAFe/DownloadResultFile?file=f.MSV000094782%2F%2Fraw%2F20220203_JGI-AK-TH_ES_504603_EcoPod_final_IDX_C18_USDAY59443_RENAMED%2Frawdata%2F20220203_JGI-AK-TH_ES_504603_EcoPod_final_IDX_C18_USDAY59443_POS_MSMS_57_A-C-4_5_Rg80to1200-CE102040-root-I14-S1_Run251.raw&forceDownload=true
nmdc:bsm-11-2d0mzn96,['nmdc:sty-11-46aje659'],/Volumes/LaCie/nmdc_data/singer_11_46aje659/raw/20220203_JGI-AK-TH_ES_504603_EcoPod_final_IDX_C18_USDAY59443_POS_MSMS_21_A-D-2_2_Rg80to1200-CE102040-root-H4-S1_Run96.raw,/Volumes/LaCie/nmdc_data/singer_11_46aje659/processed_20251031/20220203_JGI-AK-TH_ES_504603_EcoPod_final_IDX_C18_USDAY59443_POS_MSMS_21_A-D-2_2_Rg80to1200-CE102040-root-H4-S1_Run96.corems,"JGI/LBNL Standard Metabolomics Method, positive @10,20,40CE",JGI/LBNL Metabolomics Standard LC Method - Nonpolar C18,Q Exactive Orbitrap,NDMC,JGI,2022-02-04T12:54:08Z,FSN30184,https://massive.ucsd.edu/ProteoSAFe/DownloadResultFile?file=f.MSV000094782%2F%2Fraw%2F20220203_JGI-AK-TH_ES_504603_EcoPod_final_IDX_C18_USDAY59443_RENAMED%2Frawdata%2F20220203_JGI-AK-TH_ES_504603_EcoPod_final_IDX_C18_USDAY59443_POS_MSMS_21_A-D-2_2_Rg80to1200-CE102040-root-H4-S1_Run96.raw&forceDownload=true
nmdc:bsm-11-2v2sz563,['nmdc:sty-11-46aje659'],/Volumes/LaCie/nmdc_data/singer_11_46aje659/raw/20220203_JGI-AK-TH_ES_504603_EcoPod_final_IDX_C18_USDAY59443_POS_MSMS_24_B-D-2_3_Rg80to1200-CE102040-root-I4-S1_Run216.raw,/Volumes/LaCie/nmdc_data/singer_11_46aje659/processed_20251031/20220203_JGI-AK-TH_ES_504603_EcoPod_final_IDX_C18_USDAY59443_POS_MSMS_24_B-D-2_3_Rg80to1200-CE102040-root-I4-S1_Run216.corems,"JGI/LBNL Standard Metabolomics Method, positive @10,20,40CE",JGI/LBNL Metabolomics Standard LC Method - Nonpolar C18,Q Exactive Orbitrap,NDMC,JGI,2022-02-05T13:54:21Z,FSN30184,https://massive.ucsd.edu/ProteoSAFe/DownloadResultFile?file=f.MSV000094782%2F%2Fraw%2F20220203_JGI-AK-TH_ES_504603_EcoPod_final_IDX_C18_USDAY59443_RENAMED%2Frawdata%2F20220203_JGI-AK-TH_ES_504603_EcoPod_final_IDX_C18_USDAY59443_POS_MSMS_24_B-D-2_3_Rg80to1200-CE102040-root-I4-S1_Run216.raw&forceDownload=true
nmdc:bsm-11-mszxhy66,['nmdc:sty-11-46aje659'],/Volumes/LaCie/nmdc_data/singer_11_46aje659/raw/20220203_JGI-AK-TH_ES_504603_EcoPod_final_IDX_C18_USDAY59443_POS_MSMS_14_B-C-2_1_Rg80to1200-CE102040-root-G5-S1_Run37.raw,/Volumes/LaCie/nmdc_data/singer_11_46aje659/processed_20251031/20220203_JGI-AK-TH_ES_504603_EcoPod_final_IDX_C18_USDAY59443_POS_MSMS_14_B-C-2_1_Rg80to1200-CE102040-root-G5-S1_Run37.corems,"JGI/LBNL Standard Metabolomics Method, positive @10,20,40CE",JGI/LBNL Metabolomics Standard LC Method - Nonpolar C18,Q Exactive Orbitrap,NDMC,JGI,2022-02-04T00:31:47Z,FSN30184,https://massive.ucsd.edu/ProteoSAFe/DownloadResultFile?file=f.MSV000094782%2F%2Fraw%2F20220203_JGI-AK-TH_ES_504603_EcoPod_final_IDX_C18_USDAY59443_RENAMED%2Frawdata%2F20220203_JGI-AK-TH_ES_504603_EcoPod_final_IDX_C18_USDAY59443_POS_MSMS_14_B-C-2_1_Rg80to1200-CE102040-root-G5-S1_Run37.raw&forceDownload=true
nmdc:bsm-11-bny18d49,['nmdc:sty-11-46aje659'],/Volumes/LaCie/nmdc_data/singer_11_46aje659/raw/20220203_JGI-AK-TH_ES_504603_EcoPod_final_IDX_C18_USDAY59443_POS_MSMS_80_B-D-7_3_Rg80to1200-CE102040-root-C22-S1_Run199.raw,/Volumes/LaCie/nmdc_data/singer_11_46aje659/processed_20251031/20220203_JGI-AK-TH_ES_504603_EcoPod_final_IDX_C18_USDAY59443_POS_MSMS_80_B-D-7_3_Rg80to1200-CE102040-root-C22-S1_Run199.corems,"JGI/LBNL Standard Metabolomics Method, positive @10,20,40CE",JGI/LBNL Metabolomics Standard LC Method - Nonpolar C18,Q Exactive Orbitrap,NDMC,JGI,2022-02-05T10:21:44Z,FSN30184,https://massive.ucsd.edu/ProteoSAFe/DownloadResultFile?file=f.MSV000094782%2F%2Fraw%2F20220203_JGI-AK-TH_ES_504603_EcoPod_final_IDX_C18_USDAY59443_RENAMED%2Frawdata%2F20220203_JGI-AK-TH_ES_504603_EcoPod_final_IDX_C18_USDAY59443_POS_MSMS_80_B-D-7_3_Rg80to1200-CE102040-root-C22-S1_Run199.raw&forceDownload=true
nmdc:bsm-11-6s6nr025,['nmdc:sty-11-46aje659'],/Volumes/LaCie/nmdc_data/singer_11_46aje659/raw/20220203_JGI-AK-TH_ES_504603_EcoPod_final_IDX_C18_USDAY59443_POS_MSMS_73_B-C-7_1_Rg80to1200-CE102040-root-C24-S1_Run72.raw,/Volumes/LaCie/nmdc_data/singer_11_46aje659/processed_20251031/20220203_JGI-AK-TH_ES_504603_EcoPod_final_IDX_C18_USDAY59443_POS_MSMS_73_B-C-7_1_Rg80to1200-CE102040-root-C24-S1_Run72.corems,"JGI/LBNL Standard Metabolomics Method, positive @10,20,40CE",JGI/LBNL Metabolomics Standard LC Method - Nonpolar C18,Q Exactive Orbitrap,NDMC,JGI,2022-02-04T07:51:39Z,FSN30184,https://massive.ucsd.edu/ProteoSAFe/DownloadResultFile?file=f.MSV000094782%2F%2Fraw%2F20220203_JGI-AK-TH_ES_504603_EcoPod_final_IDX_C18_USDAY59443_RENAMED%2Frawdata%2F20220203_JGI-AK-TH_ES_504603_EcoPod_final_IDX_C18_USDAY59443_POS_MSMS_73_B-C-7_1_Rg80to1200-CE102040-root-C24-S1_Run72.raw&forceDownload=true
nmdc:bsm-11-5vz50b85,['nmdc:sty-11-46aje659'],/Volumes/LaCie/nmdc_data/singer_11_46aje659/raw/20220203_JGI-AK-TH_ES_504603_EcoPod_final_IDX_C18_USDAY59443_POS_MSMS_68_A-D-5_3_Rg80to1200-CE102040-root-A25-S1_Run184.raw,/Volumes/LaCie/nmdc_data/singer_11_46aje659/processed_20251031/20220203_JGI-AK-TH_ES_504603_EcoPod_final_IDX_C18_USDAY59443_POS_MSMS_68_A-D-5_3_Rg80to1200-CE102040-root-A25-S1_Run184.corems,"JGI/LBNL Standard Metabolomics Method, positive @10,20,40CE",JGI/LBNL Metabolomics Standard LC Method - Nonpolar C18,Q Exactive Orbitrap,NDMC,JGI,2022-02-05T07:13:49Z,FSN30184,https://massive.ucsd.edu/ProteoSAFe/DownloadResultFile?file=f.MSV000094782%2F%2Fraw%2F20220203_JGI-AK-TH_ES_504603_EcoPod_final_IDX_C18_USDAY59443_RENAMED%2Frawdata%2F20220203_JGI-AK-TH_ES_504603_EcoPod_final_IDX_C18_USDAY59443_POS_MSMS_68_A-D-5_3_Rg80to1200-CE102040-root-A25-S1_Run184.raw&forceDownload=true
nmdc:bsm-11-he69ja63,['nmdc:sty-11-46aje659'],/Volumes/LaCie/nmdc_data/singer_11_46aje659/raw/20220203_JGI-AK-TH_ES_504603_EcoPod_final_IDX_C18_USDAY59443_POS_MSMS_2_A-D-0_2_Rg80to1200-CE102040-root-G3-S1_Run122.raw,/Volumes/LaCie/nmdc_data/singer_11_46aje659/processed_20251031/20220203_JGI-AK-TH_ES_504603_EcoPod_final_IDX_C18_USDAY59443_POS_MSMS_2_A-D-0_2_Rg80to1200-CE102040-root-G3-S1_Run122.corems,"JGI/LBNL Standard Metabolomics Method, positive @10,20,40CE",JGI/LBNL Metabolomics Standard LC Method - Nonpolar C18,Q Exactive Orbitrap,NDMC,JGI,2022-02-04T18:18:47Z,FSN30184,https://massive.ucsd.edu/ProteoSAFe/DownloadResultFile?file=f.MSV000094782%2F%2Fraw%2F20220203_JGI-AK-TH_ES_504603_EcoPod_final_IDX_C18_USDAY59443_RENAMED%2Frawdata%2F20220203_JGI-AK-TH_ES_504603_EcoPod_final_IDX_C18_USDAY59443_POS_MSMS_2_A-D-0_2_Rg80to1200-CE102040-root-G3-S1_Run122.raw&forceDownload=true
nmdc:bsm-11-mncsfj85,['nmdc:sty-11-46aje659'],/Volumes/LaCie/nmdc_data/singer_11_46aje659/raw/20220203_JGI-AK-TH_ES_504603_EcoPod_final_IDX_C18_USDAY59443_POS_MSMS_45_A-D-4_1_Rg80to1200-CE102040-root-F14-S1_Run34.raw,/Volumes/LaCie/nmdc_data/singer_11_46aje659/processed_20251031/20220203_JGI-AK-TH_ES_504603_EcoPod_final_IDX_C18_USDAY59443_POS_MSMS_45_A-D-4_1_Rg80to1200-CE102040-root-F14-S1_Run34.corems,"JGI/LBNL Standard Metabolomics Method, positive @10,20,40CE",JGI/LBNL Metabolomics Standard LC Method - Nonpolar C18,Q Exactive Orbitrap,NDMC,JGI,2022-02-03T23:54:14Z,FSN30184,https://massive.ucsd.edu/ProteoSAFe/DownloadResultFile?file=f.MSV000094782%2F%2Fraw%2F20220203_JGI-AK-TH_ES_504603_EcoPod_final_IDX_C18_USDAY59443_RENAMED%2Frawdata%2F20220203_JGI-AK-TH_ES_504603_EcoPod_final_IDX_C18_USDAY59443_POS_MSMS_45_A-D-4_1_Rg80to1200-CE102040-root-F14-S1_Run34.raw&forceDownload=true
nmdc:bsm-11-8t538t71,['nmdc:sty-11-46aje659'],/Volumes/LaCie/nmdc_data/singer_11_46aje659/raw/20220203_JGI-AK-TH_ES_504603_EcoPod_final_IDX_C18_USDAY59443_POS_MSMS_4_A-C-0_1_Rg80to1200-CE102040-root-D2-S1_Run25.raw,/Volumes/LaCie/nmdc_data/singer_11_46aje659/processed_20251031/20220203_JGI-AK-TH_ES_504603_EcoPod_final_IDX_C18_USDAY59443_POS_MSMS_4_A-C-0_1_Rg80to1200-CE102040-root-D2-S1_Run25.corems,"JGI/LBNL Standard Metabolomics Method, positive @10,20,40CE",JGI/LBNL Metabolomics Standard LC Method - Nonpolar C18,Q Exactive Orbitrap,NDMC,JGI,2022-02-03T22:01:00Z,FSN30184,https://massive.ucsd.edu/ProteoSAFe/DownloadResultFile?file=f.MSV000094782%2F%2Fraw%2F20220203_JGI-AK-TH_ES_504603_EcoPod_final_IDX_C18_USDAY59443_RENAMED%2Frawdata%2F20220203_JGI-AK-TH_ES_504603_EcoPod_final_IDX_C18_USDAY59443_POS_MSMS_4_A-C-0_1_Rg80to1200-CE102040-root-D2-S1_Run25.raw&forceDownload=true
nmdc:bsm-11-93y9wj40,['nmdc:sty-11-46aje659'],/Volumes/LaCie/nmdc_data/singer_11_46aje659/raw/20220203_JGI-AK-TH_ES_504603_EcoPod_final_IDX_C18_USDAY59443_POS_MSMS_37_B-C-3_1_Rg80to1200-CE102040-root-I12-S1_Run78.raw,/Volumes/LaCie/nmdc_data/singer_11_46aje659/processed_20251031/20220203_JGI-AK-TH_ES_504603_EcoPod_final_IDX_C18_USDAY59443_POS_MSMS_37_B-C-3_1_Rg80to1200-CE102040-root-I12-S1_Run78.corems,"JGI/LBNL Standard Metabolomics Method, positive @10,20,40CE",JGI/LBNL Metabolomics Standard LC Method - Nonpolar C18,Q Exactive Orbitrap,NDMC,JGI,2022-02-04T09:07:09Z,FSN30184,https://massive.ucsd.edu/ProteoSAFe/DownloadResultFile?file=f.MSV000094782%2F%2Fraw%2F20220203_JGI-AK-TH_ES_504603_EcoPod_final_IDX_C18_USDAY59443_RENAMED%2Frawdata%2F20220203_JGI-AK-TH_ES_504603_EcoPod_final_IDX_C18_USDAY59443_POS_MSMS_37_B-C-3_1_Rg80to1200-CE102040-root-I12-S1_Run78.raw&forceDownload=true
nmdc:bsm-11-2px7mg21,['nmdc:sty-11-46aje659'],/Volumes/LaCie/nmdc_data/singer_11_46aje659/raw/20220203_JGI-AK-TH_ES_504603_EcoPod_final_IDX_C18_USDAY59443_POS_MSMS_78_B-C-7_3_Rg80to1200-CE102040-root-J25-S1_Run166.raw,/Volumes/LaCie/nmdc_data/singer_11_46aje659/processed_20251031/20220203_JGI-AK-TH_ES_504603_EcoPod_final_IDX_C18_USDAY59443_POS_MSMS_78_B-C-7_3_Rg80to1200-CE102040-root-J25-S1_Run166.corems,"JGI/LBNL Standard Metabolomics Method, positive @10,20,40CE",JGI/LBNL Metabolomics Standard LC Method - Nonpolar C18,Q Exactive Orbitrap,NDMC,JGI,2022-02-05T03:29:09Z,FSN30184,https://massive.ucsd.edu/ProteoSAFe/DownloadResultFile?file=f.MSV000094782%2F%2Fraw%2F20220203_JGI-AK-TH_ES_504603_EcoPod_final_IDX_C18_USDAY59443_RENAMED%2Frawdata%2F20220203_JGI-AK-TH_ES_504603_EcoPod_final_IDX_C18_USDAY59443_POS_MSMS_78_B-C-7_3_Rg80to1200-CE102040-root-J25-S1_Run166.raw&forceDownload=true
nmdc:bsm-11-snf9zn63,['nmdc:sty-11-46aje659'],/Volumes/LaCie/nmdc_data/singer_11_46aje659/raw/20220203_JGI-AK-TH_ES_504603_EcoPod_final_IDX_C18_USDAY59443_POS_MSMS_25_B-C-2_4_Rg80to1200-CE102040-root-J2-S1_Run228.raw,/Volumes/LaCie/nmdc_data/singer_11_46aje659/processed_20251031/20220203_JGI-AK-TH_ES_504603_EcoPod_final_IDX_C18_USDAY59443_POS_MSMS_25_B-C-2_4_Rg80to1200-CE102040-root-J2-S1_Run228.corems,"JGI/LBNL Standard Metabolomics Method, positive @10,20,40CE",JGI/LBNL Metabolomics Standard LC Method - Nonpolar C18,Q Exactive Orbitrap,NDMC,JGI,2022-02-05T16:24:23Z,FSN30184,https://massive.ucsd.edu/ProteoSAFe/DownloadResultFile?file=f.MSV000094782%2F%2Fraw%2F20220203_JGI-AK-TH_ES_504603_EcoPod_final_IDX_C18_USDAY59443_RENAMED%2Frawdata%2F20220203_JGI-AK-TH_ES_504603_EcoPod_final_IDX_C18_USDAY59443_POS_MSMS_25_B-C-2_4_Rg80to1200-CE102040-root-J2-S1_Run228.raw&forceDownload=true
nmdc:bsm-11-p9qcnb33,['nmdc:sty-11-46aje659'],/Volumes/LaCie/nmdc_data/singer_11_46aje659/raw/20220203_JGI-AK-TH_ES_504603_EcoPod_final_IDX_C18_USDAY59443_POS_MSMS_28_B-C-2_5_Rg80to1200-CE102040-root-A4-S1_Run237.raw,/Volumes/LaCie/nmdc_data/singer_11_46aje659/processed_20251031/20220203_JGI-AK-TH_ES_504603_EcoPod_final_IDX_C18_USDAY59443_POS_MSMS_28_B-C-2_5_Rg80to1200-CE102040-root-A4-S1_Run237.corems,"JGI/LBNL Standard Metabolomics Method, positive @10,20,40CE",JGI/LBNL Metabolomics Standard LC Method - Nonpolar C18,Q Exactive Orbitrap,NDMC,JGI,2022-02-05T18:17:03Z,FSN30184,https://massive.ucsd.edu/ProteoSAFe/DownloadResultFile?file=f.MSV000094782%2F%2Fraw%2F20220203_JGI-AK-TH_ES_504603_EcoPod_final_IDX_C18_USDAY59443_RENAMED%2Frawdata%2F20220203_JGI-AK-TH_ES_504603_EcoPod_final_IDX_C18_USDAY59443_POS_MSMS_28_B-C-2_5_Rg80to1200-CE102040-root-A4-S1_Run237.raw&forceDownload=true
nmdc:bsm-11-fng5eh21,['nmdc:sty-11-46aje659'],/Volumes/LaCie/nmdc_data/singer_11_46aje659/raw/20220203_JGI-AK-TH_ES_504603_EcoPod_final_IDX_C18_USDAY59443_POS_MSMS_52_B-D-4_5_Rg80to1200-CE102040-root-C13-S1_Run240.raw,/Volumes/LaCie/nmdc_data/singer_11_46aje659/processed_20251031/20220203_JGI-AK-TH_ES_504603_EcoPod_final_IDX_C18_USDAY59443_POS_MSMS_52_B-D-4_5_Rg80to1200-CE102040-root-C13-S1_Run240.corems,"JGI/LBNL Standard Metabolomics Method, positive @10,20,40CE",JGI/LBNL Metabolomics Standard LC Method - Nonpolar C18,Q Exactive Orbitrap,NDMC,JGI,2022-02-05T18:54:40Z,FSN30184,https://massive.ucsd.edu/ProteoSAFe/DownloadResultFile?file=f.MSV000094782%2F%2Fraw%2F20220203_JGI-AK-TH_ES_504603_EcoPod_final_IDX_C18_USDAY59443_RENAMED%2Frawdata%2F20220203_JGI-AK-TH_ES_504603_EcoPod_final_IDX_C18_USDAY59443_POS_MSMS_52_B-D-4_5_Rg80to1200-CE102040-root-C13-S1_Run240.raw&forceDownload=true
nmdc:bsm-11-j5xa5t86,['nmdc:sty-11-46aje659'],/Volumes/LaCie/nmdc_data/singer_11_46aje659/raw/20220203_JGI-AK-TH_ES_504603_EcoPod_final_IDX_C18_USDAY59443_POS_MSMS_79_A-D-7_3_Rg80to1200-CE102040-root-C22-S1_Run213.raw,/Volumes/LaCie/nmdc_data/singer_11_46aje659/processed_20251031/20220203_JGI-AK-TH_ES_504603_EcoPod_final_IDX_C18_USDAY59443_POS_MSMS_79_A-D-7_3_Rg80to1200-CE102040-root-C22-S1_Run213.corems,"JGI/LBNL Standard Metabolomics Method, positive @10,20,40CE",JGI/LBNL Metabolomics Standard LC Method - Nonpolar C18,Q Exactive Orbitrap,NDMC,JGI,2022-02-05T13:16:41Z,FSN30184,https://massive.ucsd.edu/ProteoSAFe/DownloadResultFile?file=f.MSV000094782%2F%2Fraw%2F20220203_JGI-AK-TH_ES_504603_EcoPod_final_IDX_C18_USDAY59443_RENAMED%2Frawdata%2F20220203_JGI-AK-TH_ES_504603_EcoPod_final_IDX_C18_USDAY59443_POS_MSMS_79_A-D-7_3_Rg80to1200-CE102040-root-C22-S1_Run213.raw&forceDownload=true
nmdc:bsm-11-df1mqz45,['nmdc:sty-11-46aje659'],/Volumes/LaCie/nmdc_data/singer_11_46aje659/raw/20220203_JGI-AK-TH_ES_504603_EcoPod_final_IDX_C18_USDAY59443_POS_MSMS_65_A-C-5_1_Rg80to1200-CE102040-root-G24-S1_Run75.raw,/Volumes/LaCie/nmdc_data/singer_11_46aje659/processed_20251031/20220203_JGI-AK-TH_ES_504603_EcoPod_final_IDX_C18_USDAY59443_POS_MSMS_65_A-C-5_1_Rg80to1200-CE102040-root-G24-S1_Run75.corems,"JGI/LBNL Standard Metabolomics Method, positive @10,20,40CE",JGI/LBNL Metabolomics Standard LC Method - Nonpolar C18,Q Exactive Orbitrap,NDMC,JGI,2022-02-04T08:29:13Z,FSN30184,https://massive.ucsd.edu/ProteoSAFe/DownloadResultFile?file=f.MSV000094782%2F%2Fraw%2F20220203_JGI-AK-TH_ES_504603_EcoPod_final_IDX_C18_USDAY59443_RENAMED%2Frawdata%2F20220203_JGI-AK-TH_ES_504603_EcoPod_final_IDX_C18_USDAY59443_POS_MSMS_65_A-C-5_1_Rg80to1200-CE102040-root-G24-S1_Run75.raw&forceDownload=true
nmdc:bsm-11-h5b3c036,['nmdc:sty-11-46aje659'],/Volumes/LaCie/nmdc_data/singer_11_46aje659/raw/20220203_JGI-AK-TH_ES_504603_EcoPod_final_IDX_C18_USDAY59443_POS_MSMS_6_A-C-0_2_Rg80to1200-CE102040-root-I5-S1_Run128.raw,/Volumes/LaCie/nmdc_data/singer_11_46aje659/processed_20251031/20220203_JGI-AK-TH_ES_504603_EcoPod_final_IDX_C18_USDAY59443_POS_MSMS_6_A-C-0_2_Rg80to1200-CE102040-root-I5-S1_Run128.corems,"JGI/LBNL Standard Metabolomics Method, positive @10,20,40CE",JGI/LBNL Metabolomics Standard LC Method - Nonpolar C18,Q Exactive Orbitrap,NDMC,JGI,2022-02-04T19:33:51Z,FSN30184,https://massive.ucsd.edu/ProteoSAFe/DownloadResultFile?file=f.MSV000094782%2F%2Fraw%2F20220203_JGI-AK-TH_ES_504603_EcoPod_final_IDX_C18_USDAY59443_RENAMED%2Frawdata%2F20220203_JGI-AK-TH_ES_504603_EcoPod_final_IDX_C18_USDAY59443_POS_MSMS_6_A-C-0_2_Rg80to1200-CE102040-root-I5-S1_Run128.raw&forceDownload=true
nmdc:bsm-11-p2nw7v16,['nmdc:sty-11-46aje659'],/Volumes/LaCie/nmdc_data/singer_11_46aje659/raw/20220203_JGI-AK-TH_ES_504603_EcoPod_final_IDX_C18_USDAY59443_POS_MSMS_59_A-C-4_6_Rg80to1200-CE102040-root-E11-S1_Run254.raw,/Volumes/LaCie/nmdc_data/singer_11_46aje659/processed_20251031/20220203_JGI-AK-TH_ES_504603_EcoPod_final_IDX_C18_USDAY59443_POS_MSMS_59_A-C-4_6_Rg80to1200-CE102040-root-E11-S1_Run254.corems,"JGI/LBNL Standard Metabolomics Method, positive @10,20,40CE",JGI/LBNL Metabolomics Standard LC Method - Nonpolar C18,Q Exactive Orbitrap,NDMC,JGI,2022-02-07T12:49:40Z,FSN30184,https://massive.ucsd.edu/ProteoSAFe/DownloadResultFile?file=f.MSV000094782%2F%2Fraw%2F20220203_JGI-AK-TH_ES_504603_EcoPod_final_IDX_C18_USDAY59443_RENAMED%2Frawdata%2F20220203_JGI-AK-TH_ES_504603_EcoPod_final_IDX_C18_USDAY59443_POS_MSMS_59_A-C-4_6_Rg80to1200-CE102040-root-E11-S1_Run254.raw&forceDownload=true
nmdc:bsm-11-gf5nys45,['nmdc:sty-11-46aje659'],/Volumes/LaCie/nmdc_data/singer_11_46aje659/raw/20220203_JGI-AK-TH_ES_504603_EcoPod_final_IDX_C18_USDAY59443_POS_MSMS_67_B-C-5_1_Rg80to1200-CE102040-root-I22-S1_Run46.raw,/Volumes/LaCie/nmdc_data/singer_11_46aje659/processed_20251031/20220203_JGI-AK-TH_ES_504603_EcoPod_final_IDX_C18_USDAY59443_POS_MSMS_67_B-C-5_1_Rg80to1200-CE102040-root-I22-S1_Run46.corems,"JGI/LBNL Standard Metabolomics Method, positive @10,20,40CE",JGI/LBNL Metabolomics Standard LC Method - Nonpolar C18,Q Exactive Orbitrap,NDMC,JGI,2022-02-04T02:24:45Z,FSN30184,https://massive.ucsd.edu/ProteoSAFe/DownloadResultFile?file=f.MSV000094782%2F%2Fraw%2F20220203_JGI-AK-TH_ES_504603_EcoPod_final_IDX_C18_USDAY59443_RENAMED%2Frawdata%2F20220203_JGI-AK-TH_ES_504603_EcoPod_final_IDX_C18_USDAY59443_POS_MSMS_67_B-C-5_1_Rg80to1200-CE102040-root-I22-S1_Run46.raw&forceDownload=true
nmdc:bsm-11-km2htj88,['nmdc:sty-11-46aje659'],/Volumes/LaCie/nmdc_data/singer_11_46aje659/raw/20220203_JGI-AK-TH_ES_504603_EcoPod_final_IDX_C18_USDAY59443_POS_MSMS_50_A-C-4_3_Rg80to1200-CE102040-root-J12-S1_Run178.raw,/Volumes/LaCie/nmdc_data/singer_11_46aje659/processed_20251031/20220203_JGI-AK-TH_ES_504603_EcoPod_final_IDX_C18_USDAY59443_POS_MSMS_50_A-C-4_3_Rg80to1200-CE102040-root-J12-S1_Run178.corems,"JGI/LBNL Standard Metabolomics Method, positive @10,20,40CE",JGI/LBNL Metabolomics Standard LC Method - Nonpolar C18,Q Exactive Orbitrap,NDMC,JGI,2022-02-05T05:58:51Z,FSN30184,https://massive.ucsd.edu/ProteoSAFe/DownloadResultFile?file=f.MSV000094782%2F%2Fraw%2F20220203_JGI-AK-TH_ES_504603_EcoPod_final_IDX_C18_USDAY59443_RENAMED%2Frawdata%2F20220203_JGI-AK-TH_ES_504603_EcoPod_final_IDX_C18_USDAY59443_POS_MSMS_50_A-C-4_3_Rg80to1200-CE102040-root-J12-S1_Run178.raw&forceDownload=true
nmdc:bsm-11-a51gg456,['nmdc:sty-11-46aje659'],/Volumes/LaCie/nmdc_data/singer_11_46aje659/raw/20220203_JGI-AK-TH_ES_504603_EcoPod_final_IDX_C18_USDAY59443_POS_MSMS_63_A-D-5_2_Rg80to1200-CE102040-root-H24-S1_Run110.raw,/Volumes/LaCie/nmdc_data/singer_11_46aje659/processed_20251031/20220203_JGI-AK-TH_ES_504603_EcoPod_final_IDX_C18_USDAY59443_POS_MSMS_63_A-D-5_2_Rg80to1200-CE102040-root-H24-S1_Run110.corems,"JGI/LBNL Standard Metabolomics Method, positive @10,20,40CE",JGI/LBNL Metabolomics Standard LC Method - Nonpolar C18,Q Exactive Orbitrap,NDMC,JGI,2022-02-04T15:48:47Z,FSN30184,https://massive.ucsd.edu/ProteoSAFe/DownloadResultFile?file=f.MSV000094782%2F%2Fraw%2F20220203_JGI-AK-TH_ES_504603_EcoPod_final_IDX_C18_USDAY59443_RENAMED%2Frawdata%2F20220203_JGI-AK-TH_ES_504603_EcoPod_final_IDX_C18_USDAY59443_POS_MSMS_63_A-D-5_2_Rg80to1200-CE102040-root-H24-S1_Run110.raw&forceDownload=true
nmdc:bsm-11-xdjvn828,['nmdc:sty-11-46aje659'],/Volumes/LaCie/nmdc_data/singer_11_46aje659/raw/20220203_JGI-AK-TH_ES_504603_EcoPod_final_IDX_C18_USDAY59443_POS_MSMS_53_A-D-4_1_Rg80to1200-CE102040-root-E14-S1_Run43.raw,/Volumes/LaCie/nmdc_data/singer_11_46aje659/processed_20251031/20220203_JGI-AK-TH_ES_504603_EcoPod_final_IDX_C18_USDAY59443_POS_MSMS_53_A-D-4_1_Rg80to1200-CE102040-root-E14-S1_Run43.corems,"JGI/LBNL Standard Metabolomics Method, positive @10,20,40CE",JGI/LBNL Metabolomics Standard LC Method - Nonpolar C18,Q Exactive Orbitrap,NDMC,JGI,2022-02-04T01:46:54Z,FSN30184,https://massive.ucsd.edu/ProteoSAFe/DownloadResultFile?file=f.MSV000094782%2F%2Fraw%2F20220203_JGI-AK-TH_ES_504603_EcoPod_final_IDX_C18_USDAY59443_RENAMED%2Frawdata%2F20220203_JGI-AK-TH_ES_504603_EcoPod_final_IDX_C18_USDAY59443_POS_MSMS_53_A-D-4_1_Rg80to1200-CE102040-root-E14-S1_Run43.raw&forceDownload=true
nmdc:bsm-11-kfkrbm38,['nmdc:sty-11-46aje659'],/Volumes/LaCie/nmdc_data/singer_11_46aje659/raw/20220203_JGI-AK-TH_ES_504603_EcoPod_final_IDX_C18_USDAY59443_POS_MSMS_41_B-D-3_4_Rg80to1200-CE102040-root-F11-S1_Run234.raw,/Volumes/LaCie/nmdc_data/singer_11_46aje659/processed_20251031/20220203_JGI-AK-TH_ES_504603_EcoPod_final_IDX_C18_USDAY59443_POS_MSMS_41_B-D-3_4_Rg80to1200-CE102040-root-F11-S1_Run234.corems,"JGI/LBNL Standard Metabolomics Method, positive @10,20,40CE",JGI/LBNL Metabolomics Standard LC Method - Nonpolar C18,Q Exactive Orbitrap,NDMC,JGI,2022-02-05T17:39:24Z,FSN30184,https://massive.ucsd.edu/ProteoSAFe/DownloadResultFile?file=f.MSV000094782%2F%2Fraw%2F20220203_JGI-AK-TH_ES_504603_EcoPod_final_IDX_C18_USDAY59443_RENAMED%2Frawdata%2F20220203_JGI-AK-TH_ES_504603_EcoPod_final_IDX_C18_USDAY59443_POS_MSMS_41_B-D-3_4_Rg80to1200-CE102040-root-F11-S1_Run234.raw&forceDownload=true
nmdc:bsm-11-rhh5sz73,['nmdc:sty-11-46aje659'],/Volumes/LaCie/nmdc_data/singer_11_46aje659/raw/20220203_JGI-AK-TH_ES_504603_EcoPod_final_IDX_C18_USDAY59443_POS_MSMS_76_B-C-7_2_Rg80to1200-CE102040-root-F21-S1_Run149.raw,/Volumes/LaCie/nmdc_data/singer_11_46aje659/processed_20251031/20220203_JGI-AK-TH_ES_504603_EcoPod_final_IDX_C18_USDAY59443_POS_MSMS_76_B-C-7_2_Rg80to1200-CE102040-root-F21-S1_Run149.corems,"JGI/LBNL Standard Metabolomics Method, positive @10,20,40CE",JGI/LBNL Metabolomics Standard LC Method - Nonpolar C18,Q Exactive Orbitrap,NDMC,JGI,2022-02-04T23:56:37Z,FSN30184,https://massive.ucsd.edu/ProteoSAFe/DownloadResultFile?file=f.MSV000094782%2F%2Fraw%2F20220203_JGI-AK-TH_ES_504603_EcoPod_final_IDX_C18_USDAY59443_RENAMED%2Frawdata%2F20220203_JGI-AK-TH_ES_504603_EcoPod_final_IDX_C18_USDAY59443_POS_MSMS_76_B-C-7_2_Rg80to1200-CE102040-root-F21-S1_Run149.raw&forceDownload=true
nmdc:bsm-11-ax8tca09,['nmdc:sty-11-46aje659'],/Volumes/LaCie/nmdc_data/singer_11_46aje659/raw/20220203_JGI-AK-TH_ES_504603_EcoPod_final_IDX_C18_USDAY59443_POS_MSMS_77_A-C-7_2_Rg80to1200-CE102040-root-J25-S1_Run102.raw,/Volumes/LaCie/nmdc_data/singer_11_46aje659/processed_20251031/20220203_JGI-AK-TH_ES_504603_EcoPod_final_IDX_C18_USDAY59443_POS_MSMS_77_A-C-7_2_Rg80to1200-CE102040-root-J25-S1_Run102.corems,"JGI/LBNL Standard Metabolomics Method, positive @10,20,40CE",JGI/LBNL Metabolomics Standard LC Method - Nonpolar C18,Q Exactive Orbitrap,NDMC,JGI,2022-02-04T14:09:05Z,FSN30184,https://massive.ucsd.edu/ProteoSAFe/DownloadResultFile?file=f.MSV000094782%2F%2Fraw%2F20220203_JGI-AK-TH_ES_504603_EcoPod_final_IDX_C18_USDAY59443_RENAMED%2Frawdata%2F20220203_JGI-AK-TH_ES_504603_EcoPod_final_IDX_C18_USDAY59443_POS_MSMS_77_A-C-7_2_Rg80to1200-CE102040-root-J25-S1_Run102.raw&forceDownload=true
nmdc:bsm-11-5yg12p32,['nmdc:sty-11-46aje659'],/Volumes/LaCie/nmdc_data/singer_11_46aje659/raw/20220203_JGI-AK-TH_ES_504603_EcoPod_final_IDX_C18_USDAY59443_POS_MSMS_38_A-D-3_4_Rg80to1200-CE102040-root-D15-S1_Run219.raw,/Volumes/LaCie/nmdc_data/singer_11_46aje659/processed_20251031/20220203_JGI-AK-TH_ES_504603_EcoPod_final_IDX_C18_USDAY59443_POS_MSMS_38_A-D-3_4_Rg80to1200-CE102040-root-D15-S1_Run219.corems,"JGI/LBNL Standard Metabolomics Method, positive @10,20,40CE",JGI/LBNL Metabolomics Standard LC Method - Nonpolar C18,Q Exactive Orbitrap,NDMC,JGI,2022-02-05T14:31:41Z,FSN30184,https://massive.ucsd.edu/ProteoSAFe/DownloadResultFile?file=f.MSV000094782%2F%2Fraw%2F20220203_JGI-AK-TH_ES_504603_EcoPod_final_IDX_C18_USDAY59443_RENAMED%2Frawdata%2F20220203_JGI-AK-TH_ES_504603_EcoPod_final_IDX_C18_USDAY59443_POS_MSMS_38_A-D-3_4_Rg80to1200-CE102040-root-D15-S1_Run219.raw&forceDownload=true
nmdc:bsm-11-1sdkpz20,['nmdc:sty-11-46aje659'],/Volumes/LaCie/nmdc_data/singer_11_46aje659/raw/20220203_JGI-AK-TH_ES_504603_EcoPod_final_IDX_C18_USDAY59443_POS_MSMS_70_B-D-7_1_Rg80to1200-CE102040-root-E22-S1_Run90.raw,/Volumes/LaCie/nmdc_data/singer_11_46aje659/processed_20251031/20220203_JGI-AK-TH_ES_504603_EcoPod_final_IDX_C18_USDAY59443_POS_MSMS_70_B-D-7_1_Rg80to1200-CE102040-root-E22-S1_Run90.corems,"JGI/LBNL Standard Metabolomics Method, positive @10,20,40CE",JGI/LBNL Metabolomics Standard LC Method - Nonpolar C18,Q Exactive Orbitrap,NDMC,JGI,2022-02-04T11:38:43Z,FSN30184,https://massive.ucsd.edu/ProteoSAFe/DownloadResultFile?file=f.MSV000094782%2F%2Fraw%2F20220203_JGI-AK-TH_ES_504603_EcoPod_final_IDX_C18_USDAY59443_RENAMED%2Frawdata%2F20220203_JGI-AK-TH_ES_504603_EcoPod_final_IDX_C18_USDAY59443_POS_MSMS_70_B-D-7_1_Rg80to1200-CE102040-root-E22-S1_Run90.raw&forceDownload=true
nmdc:bsm-11-9fgqs731,['nmdc:sty-11-46aje659'],/Volumes/LaCie/nmdc_data/singer_11_46aje659/raw/20220203_JGI-AK-TH_ES_504603_EcoPod_final_IDX_C18_USDAY59443_POS_MSMS_10_A-C-0_4_Rg80to1200-CE102040-root-J4-S1_Run222.raw,/Volumes/LaCie/nmdc_data/singer_11_46aje659/processed_20251031/20220203_JGI-AK-TH_ES_504603_EcoPod_final_IDX_C18_USDAY59443_POS_MSMS_10_A-C-0_4_Rg80to1200-CE102040-root-J4-S1_Run222.corems,"JGI/LBNL Standard Metabolomics Method, positive @10,20,40CE",JGI/LBNL Metabolomics Standard LC Method - Nonpolar C18,Q Exactive Orbitrap,NDMC,JGI,2022-02-05T15:09:09Z,FSN30184,https://massive.ucsd.edu/ProteoSAFe/DownloadResultFile?file=f.MSV000094782%2F%2Fraw%2F20220203_JGI-AK-TH_ES_504603_EcoPod_final_IDX_C18_USDAY59443_RENAMED%2Frawdata%2F20220203_JGI-AK-TH_ES_504603_EcoPod_final_IDX_C18_USDAY59443_POS_MSMS_10_A-C-0_4_Rg80to1200-CE102040-root-J4-S1_Run222.raw&forceDownload=true
nmdc:bsm-11-jpqg7a86,['nmdc:sty-11-46aje659'],/Volumes/LaCie/nmdc_data/singer_11_46aje659/raw/20220203_JGI-AK-TH_ES_504603_EcoPod_final_IDX_C18_USDAY59443_POS_MSMS_71_A-D-7_1_Rg80to1200-CE102040-root-E25-S1_Run84.raw,/Volumes/LaCie/nmdc_data/singer_11_46aje659/processed_20251031/20220203_JGI-AK-TH_ES_504603_EcoPod_final_IDX_C18_USDAY59443_POS_MSMS_71_A-D-7_1_Rg80to1200-CE102040-root-E25-S1_Run84.corems,"JGI/LBNL Standard Metabolomics Method, positive @10,20,40CE",JGI/LBNL Metabolomics Standard LC Method - Nonpolar C18,Q Exactive Orbitrap,NDMC,JGI,2022-02-04T10:23:19Z,FSN30184,https://massive.ucsd.edu/ProteoSAFe/DownloadResultFile?file=f.MSV000094782%2F%2Fraw%2F20220203_JGI-AK-TH_ES_504603_EcoPod_final_IDX_C18_USDAY59443_RENAMED%2Frawdata%2F20220203_JGI-AK-TH_ES_504603_EcoPod_final_IDX_C18_USDAY59443_POS_MSMS_71_A-D-7_1_Rg80to1200-CE102040-root-E25-S1_Run84.raw&forceDownload=true
nmdc:bsm-11-qvc0wd96,['nmdc:sty-11-46aje659'],/Volumes/LaCie/nmdc_data/singer_11_46aje659/raw/20220203_JGI-AK-TH_ES_504603_EcoPod_final_IDX_C18_USDAY59443_POS_MSMS_3_B-D-0_1_Rg80to1200-CE102040-root-G3-S1_Run40.raw,/Volumes/LaCie/nmdc_data/singer_11_46aje659/processed_20251031/20220203_JGI-AK-TH_ES_504603_EcoPod_final_IDX_C18_USDAY59443_POS_MSMS_3_B-D-0_1_Rg80to1200-CE102040-root-G3-S1_Run40.corems,"JGI/LBNL Standard Metabolomics Method, positive @10,20,40CE",JGI/LBNL Metabolomics Standard LC Method - Nonpolar C18,Q Exactive Orbitrap,NDMC,JGI,2022-02-04T01:09:21Z,FSN30184,https://massive.ucsd.edu/ProteoSAFe/DownloadResultFile?file=f.MSV000094782%2F%2Fraw%2F20220203_JGI-AK-TH_ES_504603_EcoPod_final_IDX_C18_USDAY59443_RENAMED%2Frawdata%2F20220203_JGI-AK-TH_ES_504603_EcoPod_final_IDX_C18_USDAY59443_POS_MSMS_3_B-D-0_1_Rg80to1200-CE102040-root-G3-S1_Run40.raw&forceDownload=true
nmdc:bsm-11-w4tyzd28,['nmdc:sty-11-46aje659'],/Volumes/LaCie/nmdc_data/singer_11_46aje659/raw/20220203_JGI-AK-TH_ES_504603_EcoPod_final_IDX_C18_USDAY59443_POS_MSMS_44_B-C-4_1_Rg80to1200-CE102040-root-F12-S1_Run66.raw,/Volumes/LaCie/nmdc_data/singer_11_46aje659/processed_20251031/20220203_JGI-AK-TH_ES_504603_EcoPod_final_IDX_C18_USDAY59443_POS_MSMS_44_B-C-4_1_Rg80to1200-CE102040-root-F12-S1_Run66.corems,"JGI/LBNL Standard Metabolomics Method, positive @10,20,40CE",JGI/LBNL Metabolomics Standard LC Method - Nonpolar C18,Q Exactive Orbitrap,NDMC,JGI,2022-02-04T06:35:44Z,FSN30184,https://massive.ucsd.edu/ProteoSAFe/DownloadResultFile?file=f.MSV000094782%2F%2Fraw%2F20220203_JGI-AK-TH_ES_504603_EcoPod_final_IDX_C18_USDAY59443_RENAMED%2Frawdata%2F20220203_JGI-AK-TH_ES_504603_EcoPod_final_IDX_C18_USDAY59443_POS_MSMS_44_B-C-4_1_Rg80to1200-CE102040-root-F12-S1_Run66.raw&forceDownload=true
nmdc:bsm-11-6g8d5g69,['nmdc:sty-11-46aje659'],/Volumes/LaCie/nmdc_data/singer_11_46aje659/raw/20220203_JGI-AK-TH_ES_504603_EcoPod_final_IDX_C18_USDAY59443_POS_MSMS_36_A-C-3_1_Rg80to1200-CE102040-root-I12-S1_Run87.raw,/Volumes/LaCie/nmdc_data/singer_11_46aje659/processed_20251031/20220203_JGI-AK-TH_ES_504603_EcoPod_final_IDX_C18_USDAY59443_POS_MSMS_36_A-C-3_1_Rg80to1200-CE102040-root-I12-S1_Run87.corems,"JGI/LBNL Standard Metabolomics Method, positive @10,20,40CE",JGI/LBNL Metabolomics Standard LC Method - Nonpolar C18,Q Exactive Orbitrap,NDMC,JGI,2022-02-04T11:01:00Z,FSN30184,https://massive.ucsd.edu/ProteoSAFe/DownloadResultFile?file=f.MSV000094782%2F%2Fraw%2F20220203_JGI-AK-TH_ES_504603_EcoPod_final_IDX_C18_USDAY59443_RENAMED%2Frawdata%2F20220203_JGI-AK-TH_ES_504603_EcoPod_final_IDX_C18_USDAY59443_POS_MSMS_36_A-C-3_1_Rg80to1200-CE102040-root-I12-S1_Run87.raw&forceDownload=true
nmdc:bsm-11-bq4d8j45,['nmdc:sty-11-46aje659'],/Volumes/LaCie/nmdc_data/singer_11_46aje659/raw/20220203_JGI-AK-TH_ES_504603_EcoPod_final_IDX_C18_USDAY59443_POS_MSMS_58_B-C-4_8_Rg80to1200-CE102040-root-I14-S1_Run269.raw,/Volumes/LaCie/nmdc_data/singer_11_46aje659/processed_20251031/20220203_JGI-AK-TH_ES_504603_EcoPod_final_IDX_C18_USDAY59443_POS_MSMS_58_B-C-4_8_Rg80to1200-CE102040-root-I14-S1_Run269.corems,"JGI/LBNL Standard Metabolomics Method, positive @10,20,40CE",JGI/LBNL Metabolomics Standard LC Method - Nonpolar C18,Q Exactive Orbitrap,NDMC,JGI,2022-02-07T15:57:13Z,FSN30184,https://massive.ucsd.edu/ProteoSAFe/DownloadResultFile?file=f.MSV000094782%2F%2Fraw%2F20220203_JGI-AK-TH_ES_504603_EcoPod_final_IDX_C18_USDAY59443_RENAMED%2Frawdata%2F20220203_JGI-AK-TH_ES_504603_EcoPod_final_IDX_C18_USDAY59443_POS_MSMS_58_B-C-4_8_Rg80to1200-CE102040-root-I14-S1_Run269.raw&forceDownload=true
nmdc:bsm-11-7w0ggn04,['nmdc:sty-11-46aje659'],/Volumes/LaCie/nmdc_data/singer_11_46aje659/raw/20220203_JGI-AK-TH_ES_504603_EcoPod_final_IDX_C18_USDAY59443_POS_MSMS_17_A-C-2_3_Rg80to1200-CE102040-root-G2-S1_Run172.raw,/Volumes/LaCie/nmdc_data/singer_11_46aje659/processed_20251031/20220203_JGI-AK-TH_ES_504603_EcoPod_final_IDX_C18_USDAY59443_POS_MSMS_17_A-C-2_3_Rg80to1200-CE102040-root-G2-S1_Run172.corems,"JGI/LBNL Standard Metabolomics Method, positive @10,20,40CE",JGI/LBNL Metabolomics Standard LC Method - Nonpolar C18,Q Exactive Orbitrap,NDMC,JGI,2022-02-05T04:44:08Z,FSN30184,https://massive.ucsd.edu/ProteoSAFe/DownloadResultFile?file=f.MSV000094782%2F%2Fraw%2F20220203_JGI-AK-TH_ES_504603_EcoPod_final_IDX_C18_USDAY59443_RENAMED%2Frawdata%2F20220203_JGI-AK-TH_ES_504603_EcoPod_final_IDX_C18_USDAY59443_POS_MSMS_17_A-C-2_3_Rg80to1200-CE102040-root-G2-S1_Run172.raw&forceDownload=true
nmdc:bsm-11-v7jbqt45,['nmdc:sty-11-46aje659'],/Volumes/LaCie/nmdc_data/singer_11_46aje659/raw/20220203_JGI-AK-TH_ES_504603_EcoPod_final_IDX_C18_USDAY59443_POS_MSMS_5_B-C-0_1_Rg80to1200-CE102040-root-D2-S1_Run55.raw,/Volumes/LaCie/nmdc_data/singer_11_46aje659/processed_20251031/20220203_JGI-AK-TH_ES_504603_EcoPod_final_IDX_C18_USDAY59443_POS_MSMS_5_B-C-0_1_Rg80to1200-CE102040-root-D2-S1_Run55.corems,"JGI/LBNL Standard Metabolomics Method, positive @10,20,40CE",JGI/LBNL Metabolomics Standard LC Method - Nonpolar C18,Q Exactive Orbitrap,NDMC,JGI,2022-02-04T04:17:42Z,FSN30184,https://massive.ucsd.edu/ProteoSAFe/DownloadResultFile?file=f.MSV000094782%2F%2Fraw%2F20220203_JGI-AK-TH_ES_504603_EcoPod_final_IDX_C18_USDAY59443_RENAMED%2Frawdata%2F20220203_JGI-AK-TH_ES_504603_EcoPod_final_IDX_C18_USDAY59443_POS_MSMS_5_B-C-0_1_Rg80to1200-CE102040-root-D2-S1_Run55.raw&forceDownload=true
nmdc:bsm-11-2bnqye24,['nmdc:sty-11-46aje659'],/Volumes/LaCie/nmdc_data/singer_11_46aje659/raw/20220203_JGI-AK-TH_ES_504603_EcoPod_final_IDX_C18_USDAY59443_POS_MSMS_40_A-D-3_5_Rg80to1200-CE102040-root-F11-S1_Run246.raw,/Volumes/LaCie/nmdc_data/singer_11_46aje659/processed_20251031/20220203_JGI-AK-TH_ES_504603_EcoPod_final_IDX_C18_USDAY59443_POS_MSMS_40_A-D-3_5_Rg80to1200-CE102040-root-F11-S1_Run246.corems,"JGI/LBNL Standard Metabolomics Method, positive @10,20,40CE",JGI/LBNL Metabolomics Standard LC Method - Nonpolar C18,Q Exactive Orbitrap,NDMC,JGI,2022-02-07T11:09:46Z,FSN30184,https://massive.ucsd.edu/ProteoSAFe/DownloadResultFile?file=f.MSV000094782%2F%2Fraw%2F20220203_JGI-AK-TH_ES_504603_EcoPod_final_IDX_C18_USDAY59443_RENAMED%2Frawdata%2F20220203_JGI-AK-TH_ES_504603_EcoPod_final_IDX_C18_USDAY59443_POS_MSMS_40_A-D-3_5_Rg80to1200-CE102040-root-F11-S1_Run246.raw&forceDownload=true
nmdc:bsm-11-21kzd377,['nmdc:sty-11-46aje659'],/Volumes/LaCie/nmdc_data/singer_11_46aje659/raw/20220203_JGI-AK-TH_ES_504603_EcoPod_final_IDX_C18_USDAY59443_POS_MSMS_39_B-D-3_3_Rg80to1200-CE102040-root-D15-S1_Run187.raw,/Volumes/LaCie/nmdc_data/singer_11_46aje659/processed_20251031/20220203_JGI-AK-TH_ES_504603_EcoPod_final_IDX_C18_USDAY59443_POS_MSMS_39_B-D-3_3_Rg80to1200-CE102040-root-D15-S1_Run187.corems,"JGI/LBNL Standard Metabolomics Method, positive @10,20,40CE",JGI/LBNL Metabolomics Standard LC Method - Nonpolar C18,Q Exactive Orbitrap,NDMC,JGI,2022-02-05T07:51:33Z,FSN30184,https://massive.ucsd.edu/ProteoSAFe/DownloadResultFile?file=f.MSV000094782%2F%2Fraw%2F20220203_JGI-AK-TH_ES_504603_EcoPod_final_IDX_C18_USDAY59443_RENAMED%2Frawdata%2F20220203_JGI-AK-TH_ES_504603_EcoPod_final_IDX_C18_USDAY59443_POS_MSMS_39_B-D-3_3_Rg80to1200-CE102040-root-D15-S1_Run187.raw&forceDownload=true
nmdc:bsm-11-zmx1nq19,['nmdc:sty-11-46aje659'],/Volumes/LaCie/nmdc_data/singer_11_46aje659/raw/20220203_JGI-AK-TH_ES_504603_EcoPod_final_IDX_C18_USDAY59443_POS_MSMS_47_B-D-4_2_Rg80to1200-CE102040-root-G13-S1_Run137.raw,/Volumes/LaCie/nmdc_data/singer_11_46aje659/processed_20251031/20220203_JGI-AK-TH_ES_504603_EcoPod_final_IDX_C18_USDAY59443_POS_MSMS_47_B-D-4_2_Rg80to1200-CE102040-root-G13-S1_Run137.corems,"JGI/LBNL Standard Metabolomics Method, positive @10,20,40CE",JGI/LBNL Metabolomics Standard LC Method - Nonpolar C18,Q Exactive Orbitrap,NDMC,JGI,2022-02-04T21:26:28Z,FSN30184,https://massive.ucsd.edu/ProteoSAFe/DownloadResultFile?file=f.MSV000094782%2F%2Fraw%2F20220203_JGI-AK-TH_ES_504603_EcoPod_final_IDX_C18_USDAY59443_RENAMED%2Frawdata%2F20220203_JGI-AK-TH_ES_504603_EcoPod_final_IDX_C18_USDAY59443_POS_MSMS_47_B-D-4_2_Rg80to1200-CE102040-root-G13-S1_Run137.raw&forceDownload=true
nmdc:bsm-11-7ac2z315,['nmdc:sty-11-46aje659'],/Volumes/LaCie/nmdc_data/singer_11_46aje659/raw/20220203_JGI-AK-TH_ES_504603_EcoPod_final_IDX_C18_USDAY59443_POS_MSMS_56_B-D-4_7_Rg80to1200-CE102040-root-A15-S1_Run266.raw,/Volumes/LaCie/nmdc_data/singer_11_46aje659/processed_20251031/20220203_JGI-AK-TH_ES_504603_EcoPod_final_IDX_C18_USDAY59443_POS_MSMS_56_B-D-4_7_Rg80to1200-CE102040-root-A15-S1_Run266.corems,"JGI/LBNL Standard Metabolomics Method, positive @10,20,40CE",JGI/LBNL Metabolomics Standard LC Method - Nonpolar C18,Q Exactive Orbitrap,NDMC,JGI,2022-02-07T15:19:53Z,FSN30184,https://massive.ucsd.edu/ProteoSAFe/DownloadResultFile?file=f.MSV000094782%2F%2Fraw%2F20220203_JGI-AK-TH_ES_504603_EcoPod_final_IDX_C18_USDAY59443_RENAMED%2Frawdata%2F20220203_JGI-AK-TH_ES_504603_EcoPod_final_IDX_C18_USDAY59443_POS_MSMS_56_B-D-4_7_Rg80to1200-CE102040-root-A15-S1_Run266.raw&forceDownload=true
nmdc:bsm-11-5te06z38,['nmdc:sty-11-46aje659'],/Volumes/LaCie/nmdc_data/singer_11_46aje659/raw/20220203_JGI-AK-TH_ES_504603_EcoPod_final_IDX_C18_USDAY59443_POS_MSMS_61_A-D-5_1_Rg80to1200-CE102040-root-F22-S1_Run19.raw,/Volumes/LaCie/nmdc_data/singer_11_46aje659/processed_20251031/20220203_JGI-AK-TH_ES_504603_EcoPod_final_IDX_C18_USDAY59443_POS_MSMS_61_A-D-5_1_Rg80to1200-CE102040-root-F22-S1_Run19.corems,"JGI/LBNL Standard Metabolomics Method, positive @10,20,40CE",JGI/LBNL Metabolomics Standard LC Method - Nonpolar C18,Q Exactive Orbitrap,NDMC,JGI,2022-02-03T20:45:20Z,FSN30184,https://massive.ucsd.edu/ProteoSAFe/DownloadResultFile?file=f.MSV000094782%2F%2Fraw%2F20220203_JGI-AK-TH_ES_504603_EcoPod_final_IDX_C18_USDAY59443_RENAMED%2Frawdata%2F20220203_JGI-AK-TH_ES_504603_EcoPod_final_IDX_C18_USDAY59443_POS_MSMS_61_A-D-5_1_Rg80to1200-CE102040-root-F22-S1_Run19.raw&forceDownload=true
nmdc:bsm-11-10kjq953,['nmdc:sty-11-46aje659'],/Volumes/LaCie/nmdc_data/singer_11_46aje659/raw/20220203_JGI-AK-TH_ES_504603_EcoPod_final_IDX_C18_USDAY59443_POS_MSMS_43_A-C-4_1_Rg80to1200-CE102040-root-F12-S1_Run22.raw,/Volumes/LaCie/nmdc_data/singer_11_46aje659/processed_20251031/20220203_JGI-AK-TH_ES_504603_EcoPod_final_IDX_C18_USDAY59443_POS_MSMS_43_A-C-4_1_Rg80to1200-CE102040-root-F12-S1_Run22.corems,"JGI/LBNL Standard Metabolomics Method, positive @10,20,40CE",JGI/LBNL Metabolomics Standard LC Method - Nonpolar C18,Q Exactive Orbitrap,NDMC,JGI,2022-02-03T21:23:12Z,FSN30184,https://massive.ucsd.edu/ProteoSAFe/DownloadResultFile?file=f.MSV000094782%2F%2Fraw%2F20220203_JGI-AK-TH_ES_504603_EcoPod_final_IDX_C18_USDAY59443_RENAMED%2Frawdata%2F20220203_JGI-AK-TH_ES_504603_EcoPod_final_IDX_C18_USDAY59443_POS_MSMS_43_A-C-4_1_Rg80to1200-CE102040-root-F12-S1_Run22.raw&forceDownload=true
nmdc:bsm-11-jgxvpj85,['nmdc:sty-11-46aje659'],/Volumes/LaCie/nmdc_data/singer_11_46aje659/raw/20220203_JGI-AK-TH_ES_504603_EcoPod_final_IDX_C18_USDAY59443_POS_MSMS_55_A-D-4_2_Rg80to1200-CE102040-root-A15-S1_Run152.raw,/Volumes/LaCie/nmdc_data/singer_11_46aje659/processed_20251031/20220203_JGI-AK-TH_ES_504603_EcoPod_final_IDX_C18_USDAY59443_POS_MSMS_55_A-D-4_2_Rg80to1200-CE102040-root-A15-S1_Run152.corems,"JGI/LBNL Standard Metabolomics Method, positive @10,20,40CE",JGI/LBNL Metabolomics Standard LC Method - Nonpolar C18,Q Exactive Orbitrap,NDMC,JGI,2022-02-05T00:34:15Z,FSN30184,https://massive.ucsd.edu/ProteoSAFe/DownloadResultFile?file=f.MSV000094782%2F%2Fraw%2F20220203_JGI-AK-TH_ES_504603_EcoPod_final_IDX_C18_USDAY59443_RENAMED%2Frawdata%2F20220203_JGI-AK-TH_ES_504603_EcoPod_final_IDX_C18_USDAY59443_POS_MSMS_55_A-D-4_2_Rg80to1200-CE102040-root-A15-S1_Run152.raw&forceDownload=true
nmdc:bsm-11-j5xa5t86,['nmdc:sty-11-46aje659'],/Volumes/LaCie/nmdc_data/singer_11_46aje659/raw/20220203_JGI-AK-TH_ES_504603_EcoPod_final_IDX_C18_USDAY59443_POS_MSMS_74_A-D-7_2_Rg80to1200-CE102040-root-C22-S1_Run163.raw,/Volumes/LaCie/nmdc_data/singer_11_46aje659/processed_20251031/20220203_JGI-AK-TH_ES_504603_EcoPod_final_IDX_C18_USDAY59443_POS_MSMS_74_A-D-7_2_Rg80to1200-CE102040-root-C22-S1_Run163.corems,"JGI/LBNL Standard Metabolomics Method, positive @10,20,40CE",JGI/LBNL Metabolomics Standard LC Method - Nonpolar C18,Q Exactive Orbitrap,NDMC,JGI,2022-02-05T02:51:47Z,FSN30184,https://massive.ucsd.edu/ProteoSAFe/DownloadResultFile?file=f.MSV000094782%2F%2Fraw%2F20220203_JGI-AK-TH_ES_504603_EcoPod_final_IDX_C18_USDAY59443_RENAMED%2Frawdata%2F20220203_JGI-AK-TH_ES_504603_EcoPod_final_IDX_C18_USDAY59443_POS_MSMS_74_A-D-7_2_Rg80to1200-CE102040-root-C22-S1_Run163.raw&forceDownload=true
nmdc:bsm-11-z6kxrf72,['nmdc:sty-11-46aje659'],/Volumes/LaCie/nmdc_data/singer_11_46aje659/raw/20220203_JGI-AK-TH_ES_504603_EcoPod_final_IDX_C18_USDAY59443_POS_MSMS_1_A-D-0_1_Rg80to1200-CE102040-root-I2-S1_Run28.raw,/Volumes/LaCie/nmdc_data/singer_11_46aje659/processed_20251031/20220203_JGI-AK-TH_ES_504603_EcoPod_final_IDX_C18_USDAY59443_POS_MSMS_1_A-D-0_1_Rg80to1200-CE102040-root-I2-S1_Run28.corems,"JGI/LBNL Standard Metabolomics Method, positive @10,20,40CE",JGI/LBNL Metabolomics Standard LC Method - Nonpolar C18,Q Exactive Orbitrap,NDMC,JGI,2022-02-03T22:38:33Z,FSN30184,https://massive.ucsd.edu/ProteoSAFe/DownloadResultFile?file=f.MSV000094782%2F%2Fraw%2F20220203_JGI-AK-TH_ES_504603_EcoPod_final_IDX_C18_USDAY59443_RENAMED%2Frawdata%2F20220203_JGI-AK-TH_ES_504603_EcoPod_final_IDX_C18_USDAY59443_POS_MSMS_1_A-D-0_1_Rg80to1200-CE102040-root-I2-S1_Run28.raw&forceDownload=true
nmdc:bsm-11-w4w0b844,['nmdc:sty-11-46aje659'],/Volumes/LaCie/nmdc_data/singer_11_46aje659/raw/20220203_JGI-AK-TH_ES_504603_EcoPod_final_IDX_C18_USDAY59443_POS_MSMS_60_B-C-4_9_Rg80to1200-CE102040-root-E11-S1_Run272.raw,/Volumes/LaCie/nmdc_data/singer_11_46aje659/processed_20251031/20220203_JGI-AK-TH_ES_504603_EcoPod_final_IDX_C18_USDAY59443_POS_MSMS_60_B-C-4_9_Rg80to1200-CE102040-root-E11-S1_Run272.corems,"JGI/LBNL Standard Metabolomics Method, positive @10,20,40CE",JGI/LBNL Metabolomics Standard LC Method - Nonpolar C18,Q Exactive Orbitrap,NDMC,JGI,2022-02-07T16:34:34Z,FSN30184,https://massive.ucsd.edu/ProteoSAFe/DownloadResultFile?file=f.MSV000094782%2F%2Fraw%2F20220203_JGI-AK-TH_ES_504603_EcoPod_final_IDX_C18_USDAY59443_RENAMED%2Frawdata%2F20220203_JGI-AK-TH_ES_504603_EcoPod_final_IDX_C18_USDAY59443_POS_MSMS_60_B-C-4_9_Rg80to1200-CE102040-root-E11-S1_Run272.raw&forceDownload=true
nmdc:bsm-11-j9rx1b05,['nmdc:sty-11-46aje659'],/Volumes/LaCie/nmdc_data/singer_11_46aje659/raw/20220203_JGI-AK-TH_ES_504603_EcoPod_final_IDX_C18_USDAY59443_POS_MSMS_33_A-D-3_2_Rg80to1200-CE102040-root-G11-S1_Run160.raw,/Volumes/LaCie/nmdc_data/singer_11_46aje659/processed_20251031/20220203_JGI-AK-TH_ES_504603_EcoPod_final_IDX_C18_USDAY59443_POS_MSMS_33_A-D-3_2_Rg80to1200-CE102040-root-G11-S1_Run160.corems,"JGI/LBNL Standard Metabolomics Method, positive @10,20,40CE",JGI/LBNL Metabolomics Standard LC Method - Nonpolar C18,Q Exactive Orbitrap,NDMC,JGI,2022-02-05T02:14:10Z,FSN30184,https://massive.ucsd.edu/ProteoSAFe/DownloadResultFile?file=f.MSV000094782%2F%2Fraw%2F20220203_JGI-AK-TH_ES_504603_EcoPod_final_IDX_C18_USDAY59443_RENAMED%2Frawdata%2F20220203_JGI-AK-TH_ES_504603_EcoPod_final_IDX_C18_USDAY59443_POS_MSMS_33_A-D-3_2_Rg80to1200-CE102040-root-G11-S1_Run160.raw&forceDownload=true
nmdc:bsm-11-7pxptb67,['nmdc:sty-11-46aje659'],/Volumes/LaCie/nmdc_data/singer_11_46aje659/raw/20220203_JGI-AK-TH_ES_504603_EcoPod_final_IDX_C18_USDAY59443_POS_MSMS_13_A-C-2_1_Rg80to1200-CE102040-root-G5-S1_Run63.raw,/Volumes/LaCie/nmdc_data/singer_11_46aje659/processed_20251031/20220203_JGI-AK-TH_ES_504603_EcoPod_final_IDX_C18_USDAY59443_POS_MSMS_13_A-C-2_1_Rg80to1200-CE102040-root-G5-S1_Run63.corems,"JGI/LBNL Standard Metabolomics Method, positive @10,20,40CE",JGI/LBNL Metabolomics Standard LC Method - Nonpolar C18,Q Exactive Orbitrap,NDMC,JGI,2022-02-04T05:58:09Z,FSN30184,https://massive.ucsd.edu/ProteoSAFe/DownloadResultFile?file=f.MSV000094782%2F%2Fraw%2F20220203_JGI-AK-TH_ES_504603_EcoPod_final_IDX_C18_USDAY59443_RENAMED%2Frawdata%2F20220203_JGI-AK-TH_ES_504603_EcoPod_final_IDX_C18_USDAY59443_POS_MSMS_13_A-C-2_1_Rg80to1200-CE102040-root-G5-S1_Run63.raw&forceDownload=true
nmdc:bsm-11-3qv14w45,['nmdc:sty-11-46aje659'],/Volumes/LaCie/nmdc_data/singer_11_46aje659/raw/20220203_JGI-AK-TH_ES_504603_EcoPod_final_IDX_C18_USDAY59443_POS_MSMS_31_A-D-3_1_Rg80to1200-CE102040-root-I13-S1_Run58.raw,/Volumes/LaCie/nmdc_data/singer_11_46aje659/processed_20251031/20220203_JGI-AK-TH_ES_504603_EcoPod_final_IDX_C18_USDAY59443_POS_MSMS_31_A-D-3_1_Rg80to1200-CE102040-root-I13-S1_Run58.corems,"JGI/LBNL Standard Metabolomics Method, positive @10,20,40CE",JGI/LBNL Metabolomics Standard LC Method - Nonpolar C18,Q Exactive Orbitrap,NDMC,JGI,2022-02-04T04:55:31Z,FSN30184,https://massive.ucsd.edu/ProteoSAFe/DownloadResultFile?file=f.MSV000094782%2F%2Fraw%2F20220203_JGI-AK-TH_ES_504603_EcoPod_final_IDX_C18_USDAY59443_RENAMED%2Frawdata%2F20220203_JGI-AK-TH_ES_504603_EcoPod_final_IDX_C18_USDAY59443_POS_MSMS_31_A-D-3_1_Rg80to1200-CE102040-root-I13-S1_Run58.raw&forceDownload=true
nmdc:bsm-11-337xtd94,['nmdc:sty-11-46aje659'],/Volumes/LaCie/nmdc_data/singer_11_46aje659/raw/20220203_JGI-AK-TH_ES_504603_EcoPod_final_IDX_C18_USDAY59443_POS_MSMS_22_B-D-2_2_Rg80to1200-CE102040-root-H4-S1_Run119.raw,/Volumes/LaCie/nmdc_data/singer_11_46aje659/processed_20251031/20220203_JGI-AK-TH_ES_504603_EcoPod_final_IDX_C18_USDAY59443_POS_MSMS_22_B-D-2_2_Rg80to1200-CE102040-root-H4-S1_Run119.corems,"JGI/LBNL Standard Metabolomics Method, positive @10,20,40CE",JGI/LBNL Metabolomics Standard LC Method - Nonpolar C18,Q Exactive Orbitrap,NDMC,JGI,2022-02-04T17:41:27Z,FSN30184,https://massive.ucsd.edu/ProteoSAFe/DownloadResultFile?file=f.MSV000094782%2F%2Fraw%2F20220203_JGI-AK-TH_ES_504603_EcoPod_final_IDX_C18_USDAY59443_RENAMED%2Frawdata%2F20220203_JGI-AK-TH_ES_504603_EcoPod_final_IDX_C18_USDAY59443_POS_MSMS_22_B-D-2_2_Rg80to1200-CE102040-root-H4-S1_Run119.raw&forceDownload=true
nmdc:bsm-11-f9yzba97,['nmdc:sty-11-46aje659'],/Volumes/LaCie/nmdc_data/singer_11_46aje659/raw/20220203_JGI-AK-TH_ES_504603_EcoPod_final_IDX_C18_USDAY59443_POS_MSMS_64_B-D-5_2_Rg80to1200-CE102040-root-H24-S1_Run146.raw,/Volumes/LaCie/nmdc_data/singer_11_46aje659/processed_20251031/20220203_JGI-AK-TH_ES_504603_EcoPod_final_IDX_C18_USDAY59443_POS_MSMS_64_B-D-5_2_Rg80to1200-CE102040-root-H24-S1_Run146.corems,"JGI/LBNL Standard Metabolomics Method, positive @10,20,40CE",JGI/LBNL Metabolomics Standard LC Method - Nonpolar C18,Q Exactive Orbitrap,NDMC,JGI,2022-02-04T23:19:10Z,FSN30184,https://massive.ucsd.edu/ProteoSAFe/DownloadResultFile?file=f.MSV000094782%2F%2Fraw%2F20220203_JGI-AK-TH_ES_504603_EcoPod_final_IDX_C18_USDAY59443_RENAMED%2Frawdata%2F20220203_JGI-AK-TH_ES_504603_EcoPod_final_IDX_C18_USDAY59443_POS_MSMS_64_B-D-5_2_Rg80to1200-CE102040-root-H24-S1_Run146.raw&forceDownload=true
nmdc:bsm-11-6mp6qm50,['nmdc:sty-11-46aje659'],/Volumes/LaCie/nmdc_data/singer_11_46aje659/raw/20220203_JGI-AK-TH_ES_504603_EcoPod_final_IDX_C18_USDAY59443_POS_MSMS_49_B-C-4_3_Rg80to1200-CE102040-root-C11-S1_Run196.raw,/Volumes/LaCie/nmdc_data/singer_11_46aje659/processed_20251031/20220203_JGI-AK-TH_ES_504603_EcoPod_final_IDX_C18_USDAY59443_POS_MSMS_49_B-C-4_3_Rg80to1200-CE102040-root-C11-S1_Run196.corems,"JGI/LBNL Standard Metabolomics Method, positive @10,20,40CE",JGI/LBNL Metabolomics Standard LC Method - Nonpolar C18,Q Exactive Orbitrap,NDMC,JGI,2022-02-05T09:44:07Z,FSN30184,https://massive.ucsd.edu/ProteoSAFe/DownloadResultFile?file=f.MSV000094782%2F%2Fraw%2F20220203_JGI-AK-TH_ES_504603_EcoPod_final_IDX_C18_USDAY59443_RENAMED%2Frawdata%2F20220203_JGI-AK-TH_ES_504603_EcoPod_final_IDX_C18_USDAY59443_POS_MSMS_49_B-C-4_3_Rg80to1200-CE102040-root-C11-S1_Run196.raw&forceDownload=true
nmdc:bsm-11-7b05ca84,['nmdc:sty-11-46aje659'],/Volumes/LaCie/nmdc_data/singer_11_46aje659/raw/20220203_JGI-AK-TH_ES_504603_EcoPod_final_IDX_C18_USDAY59443_POS_MSMS_32_B-D-3_1_Rg80to1200-CE102040-root-I13-S1_Run31.raw,/Volumes/LaCie/nmdc_data/singer_11_46aje659/processed_20251031/20220203_JGI-AK-TH_ES_504603_EcoPod_final_IDX_C18_USDAY59443_POS_MSMS_32_B-D-3_1_Rg80to1200-CE102040-root-I13-S1_Run31.corems,"JGI/LBNL Standard Metabolomics Method, positive @10,20,40CE",JGI/LBNL Metabolomics Standard LC Method - Nonpolar C18,Q Exactive Orbitrap,NDMC,JGI,2022-02-03T23:16:12Z,FSN30184,https://massive.ucsd.edu/ProteoSAFe/DownloadResultFile?file=f.MSV000094782%2F%2Fraw%2F20220203_JGI-AK-TH_ES_504603_EcoPod_final_IDX_C18_USDAY59443_RENAMED%2Frawdata%2F20220203_JGI-AK-TH_ES_504603_EcoPod_final_IDX_C18_USDAY59443_POS_MSMS_32_B-D-3_1_Rg80to1200-CE102040-root-I13-S1_Run31.raw&forceDownload=true
nmdc:bsm-11-hrkfxp73,['nmdc:sty-11-46aje659'],/Volumes/LaCie/nmdc_data/singer_11_46aje659/raw/20220203_JGI-AK-TH_ES_504603_EcoPod_final_IDX_C18_USDAY59443_POS_MSMS_23_A-D-2_3_Rg80to1200-CE102040-root-I4-S1_Run190.raw,/Volumes/LaCie/nmdc_data/singer_11_46aje659/processed_20251031/20220203_JGI-AK-TH_ES_504603_EcoPod_final_IDX_C18_USDAY59443_POS_MSMS_23_A-D-2_3_Rg80to1200-CE102040-root-I4-S1_Run190.corems,"JGI/LBNL Standard Metabolomics Method, positive @10,20,40CE",JGI/LBNL Metabolomics Standard LC Method - Nonpolar C18,Q Exactive Orbitrap,NDMC,JGI,2022-02-05T08:29:24Z,FSN30184,https://massive.ucsd.edu/ProteoSAFe/DownloadResultFile?file=f.MSV000094782%2F%2Fraw%2F20220203_JGI-AK-TH_ES_504603_EcoPod_final_IDX_C18_USDAY59443_RENAMED%2Frawdata%2F20220203_JGI-AK-TH_ES_504603_EcoPod_final_IDX_C18_USDAY59443_POS_MSMS_23_A-D-2_3_Rg80to1200-CE102040-root-I4-S1_Run190.raw&forceDownload=true
nmdc:bsm-11-mz8y6g40,['nmdc:sty-11-46aje659'],/Volumes/LaCie/nmdc_data/singer_11_46aje659/raw/20220203_JGI-AK-TH_ES_504603_EcoPod_final_IDX_C18_USDAY59443_POS_MSMS_62_B-D-5_1_Rg80to1200-CE102040-root-F22-S1_Run52.raw,/Volumes/LaCie/nmdc_data/singer_11_46aje659/processed_20251031/20220203_JGI-AK-TH_ES_504603_EcoPod_final_IDX_C18_USDAY59443_POS_MSMS_62_B-D-5_1_Rg80to1200-CE102040-root-F22-S1_Run52.corems,"JGI/LBNL Standard Metabolomics Method, positive @10,20,40CE",JGI/LBNL Metabolomics Standard LC Method - Nonpolar C18,Q Exactive Orbitrap,NDMC,JGI,2022-02-04T03:39:50Z,FSN30184,https://massive.ucsd.edu/ProteoSAFe/DownloadResultFile?file=f.MSV000094782%2F%2Fraw%2F20220203_JGI-AK-TH_ES_504603_EcoPod_final_IDX_C18_USDAY59443_RENAMED%2Frawdata%2F20220203_JGI-AK-TH_ES_504603_EcoPod_final_IDX_C18_USDAY59443_POS_MSMS_62_B-D-5_1_Rg80to1200-CE102040-root-F22-S1_Run52.raw&forceDownload=true
nmdc:bsm-11-p0v3kr82,['nmdc:sty-11-46aje659'],/Volumes/LaCie/nmdc_data/singer_11_46aje659/raw/20220203_JGI-AK-TH_ES_504603_EcoPod_final_IDX_C18_USDAY59443_POS_MSMS_46_A-D-4_2_Rg80to1200-CE102040-root-G13-S1_Run157.raw,/Volumes/LaCie/nmdc_data/singer_11_46aje659/processed_20251031/20220203_JGI-AK-TH_ES_504603_EcoPod_final_IDX_C18_USDAY59443_POS_MSMS_46_A-D-4_2_Rg80to1200-CE102040-root-G13-S1_Run157.corems,"JGI/LBNL Standard Metabolomics Method, positive @10,20,40CE",JGI/LBNL Metabolomics Standard LC Method - Nonpolar C18,Q Exactive Orbitrap,NDMC,JGI,2022-02-05T01:36:50Z,FSN30184,https://massive.ucsd.edu/ProteoSAFe/DownloadResultFile?file=f.MSV000094782%2F%2Fraw%2F20220203_JGI-AK-TH_ES_504603_EcoPod_final_IDX_C18_USDAY59443_RENAMED%2Frawdata%2F20220203_JGI-AK-TH_ES_504603_EcoPod_final_IDX_C18_USDAY59443_POS_MSMS_46_A-D-4_2_Rg80to1200-CE102040-root-G13-S1_Run157.raw&forceDownload=true
nmdc:bsm-11-jg9bry11,['nmdc:sty-11-46aje659'],/Volumes/LaCie/nmdc_data/singer_11_46aje659/raw/20220203_JGI-AK-TH_ES_504603_EcoPod_final_IDX_C18_USDAY59443_POS_MSMS_54_B-D-4_6_Rg80to1200-CE102040-root-E14-S1_Run260.raw,/Volumes/LaCie/nmdc_data/singer_11_46aje659/processed_20251031/20220203_JGI-AK-TH_ES_504603_EcoPod_final_IDX_C18_USDAY59443_POS_MSMS_54_B-D-4_6_Rg80to1200-CE102040-root-E14-S1_Run260.corems,"JGI/LBNL Standard Metabolomics Method, positive @10,20,40CE",JGI/LBNL Metabolomics Standard LC Method - Nonpolar C18,Q Exactive Orbitrap,NDMC,JGI,2022-02-07T14:04:55Z,FSN30184,https://massive.ucsd.edu/ProteoSAFe/DownloadResultFile?file=f.MSV000094782%2F%2Fraw%2F20220203_JGI-AK-TH_ES_504603_EcoPod_final_IDX_C18_USDAY59443_RENAMED%2Frawdata%2F20220203_JGI-AK-TH_ES_504603_EcoPod_final_IDX_C18_USDAY59443_POS_MSMS_54_B-D-4_6_Rg80to1200-CE102040-root-E14-S1_Run260.raw&forceDownload=true
nmdc:bsm-11-bmbcp998,['nmdc:sty-11-46aje659'],/Volumes/LaCie/nmdc_data/singer_11_46aje659/raw/20220203_JGI-AK-TH_ES_504603_EcoPod_final_IDX_C18_USDAY59443_POS_MSMS_48_A-C-4_2_Rg80to1200-CE102040-root-C11-S1_Run99.raw,/Volumes/LaCie/nmdc_data/singer_11_46aje659/processed_20251031/20220203_JGI-AK-TH_ES_504603_EcoPod_final_IDX_C18_USDAY59443_POS_MSMS_48_A-C-4_2_Rg80to1200-CE102040-root-C11-S1_Run99.corems,"JGI/LBNL Standard Metabolomics Method, positive @10,20,40CE",JGI/LBNL Metabolomics Standard LC Method - Nonpolar C18,Q Exactive Orbitrap,NDMC,JGI,2022-02-04T13:31:28Z,FSN30184,https://massive.ucsd.edu/ProteoSAFe/DownloadResultFile?file=f.MSV000094782%2F%2Fraw%2F20220203_JGI-AK-TH_ES_504603_EcoPod_final_IDX_C18_USDAY59443_RENAMED%2Frawdata%2F20220203_JGI-AK-TH_ES_504603_EcoPod_final_IDX_C18_USDAY59443_POS_MSMS_48_A-C-4_2_Rg80to1200-CE102040-root-C11-S1_Run99.raw&forceDownload=true
nmdc:bsm-11-57vncq38,['nmdc:sty-11-46aje659'],/Volumes/LaCie/nmdc_data/singer_11_46aje659/raw/20220203_JGI-AK-TH_ES_504603_EcoPod_final_IDX_C18_USDAY59443_POS_MSMS_7_B-C-0_2_Rg80to1200-CE102040-root-I5-S1_Run143.raw,/Volumes/LaCie/nmdc_data/singer_11_46aje659/processed_20251031/20220203_JGI-AK-TH_ES_504603_EcoPod_final_IDX_C18_USDAY59443_POS_MSMS_7_B-C-0_2_Rg80to1200-CE102040-root-I5-S1_Run143.corems,"JGI/LBNL Standard Metabolomics Method, positive @10,20,40CE",JGI/LBNL Metabolomics Standard LC Method - Nonpolar C18,Q Exactive Orbitrap,NDMC,JGI,2022-02-04T22:41:14Z,FSN30184,https://massive.ucsd.edu/ProteoSAFe/DownloadResultFile?file=f.MSV000094782%2F%2Fraw%2F20220203_JGI-AK-TH_ES_504603_EcoPod_final_IDX_C18_USDAY59443_RENAMED%2Frawdata%2F20220203_JGI-AK-TH_ES_504603_EcoPod_final_IDX_C18_USDAY59443_POS_MSMS_7_B-C-0_2_Rg80to1200-CE102040-root-I5-S1_Run143.raw&forceDownload=true
