raw_data_identifier,biosample_id,biosample_name,match_confidence,processedsample_placeholder,material_processing_protocol_id
Lybrand_FT_01_W_23Aug19_Alder_Infuse_p3_1_01_47687.zip,nmdc:bsm-11-0pyv7738,Lybrand_FT_01,high,ProcessedSample6_NOM,NOM
Lybrand_FT_02_W_23Aug19_Alder_Infuse_p3_1_01_47688.zip,nmdc:bsm-11-fxjpfg48,Lybrand_FT_02,high,ProcessedSample6_NOM,NOM
Lybrand_FT_03_W_23Aug19_Alder_Infuse_p3_1_01_47689.zip,nmdc:bsm-11-257rs124,Lybrand_FT_03,high,ProcessedSample6_NOM,NOM
Lybrand_FT_05_W_23Aug19_Alder_Infuse_p3_1_01_47690.zip,nmdc:bsm-11-fzgnr608,Lybrand_FT_05,high,ProcessedSample6_NOM,NOM
Lybrand_FT_06_W_23Aug19_Alder_Infuse_p3_1_01_47691.zip,nmdc:bsm-11-3t39zs54,Lybrand_FT_06,high,ProcessedSample6_NOM,NOM
Lybrand_FT_07_W_23Aug19_Alder_Infuse_p3_1_01_47692.zip,nmdc:bsm-11-tptj8973,Lybrand_FT_07,high,ProcessedSample6_NOM,NOM
Lybrand_FT_08_W_23Aug19_Alder_Infuse_p3_1_01_47693.zip,nmdc:bsm-11-g4awg313,Lybrand_FT_08,high,ProcessedSample6_NOM,NOM
Lybrand_FT_10_W_23Aug19_Alder_Infuse_p3_1_01_47695.zip,nmdc:bsm-11-jy81gw62,Lybrand_FT_10,high,ProcessedSample6_NOM,NOM
Lybrand_FT_12_W_23Aug19_Alder_Infuse_p3_1_01_47697.zip,nmdc:bsm-11-bh9fvn12,Lybrand_FT_12,high,ProcessedSample6_NOM,NOM
Lybrand_FT_19_W_23Aug19_Alder_Infuse_p3_1_01_47704.zip,nmdc:bsm-11-db10jb17,Lybrand_FT_19,high,ProcessedSample6_NOM,NOM
Lybrand_FT_20_W_26Aug19_Alder_Infuse_p3_000001.zip,nmdc:bsm-11-r8w5p337,Lybrand_FT_20,high,ProcessedSample6_NOM,NOM
Lybrand_FT_21_W_23Aug19_Alder_Infuse_p3_1_01_47706.zip,nmdc:bsm-11-fknbxp34,Lybrand_FT_21,high,ProcessedSample6_NOM,NOM
Lybrand_FT_23_W_23Aug19_Alder_Infuse_p3_1_01_47708.zip,nmdc:bsm-11-mm9emb03,Lybrand_FT_23,high,ProcessedSample6_NOM,NOM
Lybrand_FT_24_W_23Aug19_Alder_Infuse_p3_1_01_47709.zip,nmdc:bsm-11-8bfp0v23,Lybrand_FT_24,high,ProcessedSample6_NOM,NOM
Lybrand_FT_31_W_23Aug19_Alder_Infuse_p3_1_01_47715.zip,nmdc:bsm-11-tkdcqc15,Lybrand_FT_31,high,ProcessedSample6_NOM,NOM
Lybrand_FT_33_W_23Aug19_Alder_Infuse_p3_1_01_47717.zip,nmdc:bsm-11-2yz57x63,Lybrand_FT_33,high,ProcessedSample6_NOM,NOM
Lybrand_FT_35_W_23Aug19_Alder_Infuse_p3_1_01_47719.zip,nmdc:bsm-11-bdvqdz07,Lybrand_FT_35,high,ProcessedSample6_NOM,NOM
Lybrand_FT_36_W_23Aug19_Alder_Infuse_p3_1_01_47720.zip,nmdc:bsm-11-tea8p723,Lybrand_FT_36,high,ProcessedSample6_NOM,NOM
Lybrand_FT_37_W_23Aug19_Alder_Infuse_p3_1_01_47721.zip,nmdc:bsm-11-erpvhh22,Lybrand_FT_37,high,ProcessedSample6_NOM,NOM
Lybrand_FT_39_W_23Aug19_Alder_Infuse_p3_1_01_47723.zip,nmdc:bsm-11-byftwh79,Lybrand_FT_39,high,ProcessedSample6_NOM,NOM
Lybrand_FT_41_W_23Aug19_Alder_Infuse_p3_1_01_47725.zip,nmdc:bsm-11-6wrv4m85,Lybrand_FT_41,high,ProcessedSample6_NOM,NOM
Lybrand_FT_46_W_23Aug19_Alder_Infuse_p3_1_01_47732.zip,nmdc:bsm-11-168xmm55,Lybrand_FT_46,high,ProcessedSample6_NOM,NOM
Lybrand_FT_47_W_23Aug19_Alder_Infuse_p3_1_01_47733.zip,nmdc:bsm-11-qa2yrv97,Lybrand_FT_47,high,ProcessedSample6_NOM,NOM
Lybrand_FT_48_W_26Aug19_Alder_Infuse_p3_000001.zip,nmdc:bsm-11-kdhyc122,Lybrand_FT_48,high,ProcessedSample6_NOM,NOM
Lybrand_FT_50_W_23Aug19_Alder_Infuse_p3_1_01_47736.zip,nmdc:bsm-11-yxcsrv80,Lybrand_FT_50,high,ProcessedSample6_NOM,NOM
Lybrand_FT_54_W_26Aug19_Alder_Infuse_p2_000001.zip,nmdc:bsm-11-dt3r5061,Lybrand_FT_54,high,ProcessedSample6_NOM,NOM
Lybrand_FT_55_W_23Aug19_Alder_Infuse_p3_1_01_47741.zip,nmdc:bsm-11-1evk3b45,Lybrand_FT_55,high,ProcessedSample6_NOM,NOM
Lybrand_FT_57_W_23Aug19_Alder_Infuse_p3_1_01_47743.zip,nmdc:bsm-11-94aecm50,Lybrand_FT_57,high,ProcessedSample6_NOM,NOM
Lybrand_FT_58_W_23Aug19_Alder_Infuse_p3_1_01_47744.zip,nmdc:bsm-11-x3xvyz63,Lybrand_FT_58,high,ProcessedSample6_NOM,NOM
Lybrand_FT_59_W_23Aug19_Alder_Infuse_p3_1_01_47745.zip,nmdc:bsm-11-a5p97d57,Lybrand_FT_59,high,ProcessedSample6_NOM,NOM
Lybrand_FT_62_W_23Aug19_Alder_Infuse_p3_1_01_47748.zip,nmdc:bsm-11-ax989290,Lybrand_FT_62,high,ProcessedSample6_NOM,NOM
Lybrand_FT_63_W_23Aug19_Alder_Infuse_p3_1_01_47749.zip,nmdc:bsm-11-kg4nyv82,Lybrand_FT_63,high,ProcessedSample6_NOM,NOM
Lybrand_FT_67_W_23Aug19_Alder_Infuse_p3_1_01_47753.zip,nmdc:bsm-11-fk61zn73,Lybrand_FT_67,high,ProcessedSample6_NOM,NOM
Lybrand_FT_68_W_23Aug19_Alder_Infuse_p3_1_01_47754.zip,nmdc:bsm-11-bezwmk20,Lybrand_FT_68,high,ProcessedSample6_NOM,NOM
Lybrand_FT_69_W_23Aug19_Alder_Infuse_p3_1_01_47755.zip,nmdc:bsm-11-k80fsj34,Lybrand_FT_69,high,ProcessedSample6_NOM,NOM
Lybrand_FT_70_W_23Aug19_Alder_Infuse_p3_1_01_47756.zip,nmdc:bsm-11-qds4dc02,Lybrand_FT_70,high,ProcessedSample6_NOM,NOM
Lybrand_FT_71_W_23Aug19_Alder_Infuse_p3_1_01_47757.zip,nmdc:bsm-11-j7r3aa94,Lybrand_FT_71,high,ProcessedSample6_NOM,NOM
Lybrand_FT_72_W_23Aug19_Alder_Infuse_p3_1_01_47758.zip,nmdc:bsm-11-0jdesy83,Lybrand_FT_72,high,ProcessedSample6_NOM,NOM
Lybrand_FT_73_W_23Aug19_Alder_Infuse_p3_1_01_47759.zip,nmdc:bsm-11-6hhjj176,Lybrand_FT_73,high,ProcessedSample6_NOM,NOM
Lybrand_FT_74_W_23Aug19_Alder_Infuse_p3_1_01_47760.zip,nmdc:bsm-11-h19v3371,Lybrand_FT_74,high,ProcessedSample6_NOM,NOM
Lybrand_FT_75_W_23Aug19_Alder_Infuse_p3_1_01_47761.zip,nmdc:bsm-11-mj1wn380,Lybrand_FT_75,high,ProcessedSample6_NOM,NOM
Lybrand_FT_77_W_23Aug19_Alder_Infuse_p3_1_01_47763.zip,nmdc:bsm-11-c2dcay73,Lybrand_FT_77,high,ProcessedSample6_NOM,NOM
Lybrand_FT_78_W_23Aug19_Alder_Infuse_p3_1_01_47764.zip,nmdc:bsm-11-ayd9z833,Lybrand_FT_78,high,ProcessedSample6_NOM,NOM
Lybrand_FT_79_W_23Aug19_Alder_Infuse_p3_1_01_47765.zip,nmdc:bsm-11-58bnc777,Lybrand_FT_79,high,ProcessedSample6_NOM,NOM
Lybrand_FT_80_W_23Aug19_Alder_Infuse_p3_1_01_47766.zip,nmdc:bsm-11-2rx2v171,Lybrand_FT_80,high,ProcessedSample6_NOM,NOM
Lybrand_FT_81_W_23Aug19_Alder_Infuse_p3_1_01_47767.zip,nmdc:bsm-11-xvnjap82,Lybrand_FT_81,high,ProcessedSample6_NOM,NOM
Lybrand_FT_01_C_30Aug19_Alder_Infuse_p05_1_01_47878.zip,nmdc:bsm-11-0pyv7738,Lybrand_FT_01,high,ProcessedSample5_NOM,NOM
Lybrand_FT_02_C_30Aug19_Alder_Infuse_p05_1_01_47879.zip,nmdc:bsm-11-fxjpfg48,Lybrand_FT_02,high,ProcessedSample5_NOM,NOM
Lybrand_FT_03_C_30Aug19_Alder_Infuse_p05_1_01_47880.zip,nmdc:bsm-11-257rs124,Lybrand_FT_03,high,ProcessedSample5_NOM,NOM
Lybrand_FT_05_C_30Aug19_Alder_Infuse_p05_1_01_47881.zip,nmdc:bsm-11-fzgnr608,Lybrand_FT_05,high,ProcessedSample5_NOM,NOM
Lybrand_FT_06_C_30Aug19_Alder_Infuse_p05_1_01_47882.zip,nmdc:bsm-11-3t39zs54,Lybrand_FT_06,high,ProcessedSample5_NOM,NOM
Lybrand_FT_07_C_30Aug19_Alder_Infuse_p05_1_01_47883.zip,nmdc:bsm-11-tptj8973,Lybrand_FT_07,high,ProcessedSample5_NOM,NOM
Lybrand_FT_08_C_30Aug19_Alder_Infuse_p05_1_01_47884.zip,nmdc:bsm-11-g4awg313,Lybrand_FT_08,high,ProcessedSample5_NOM,NOM
Lybrand_FT_09_C_30Aug19_Alder_Infuse_p05_1_01_47885.zip,nmdc:bsm-11-r8p28n34,Lybrand_FT_09,high,ProcessedSample5_NOM,NOM
Lybrand_FT_10_C_30Aug19_Alder_Infuse_p05_1_01_47886.zip,nmdc:bsm-11-jy81gw62,Lybrand_FT_10,high,ProcessedSample5_NOM,NOM
Lybrand_FT_11_C_30Aug19_Alder_Infuse_p05_1_01_47887.zip,nmdc:bsm-11-znregv33,Lybrand_FT_11,high,ProcessedSample5_NOM,NOM
Lybrand_FT_12_C_30Aug19_Alder_Infuse_p05_1_01_47888.zip,nmdc:bsm-11-bh9fvn12,Lybrand_FT_12,high,ProcessedSample5_NOM,NOM
Lybrand_FT_13_C_30Aug19_Alder_Infuse_p05_1_01_47889.zip,nmdc:bsm-11-5x7fbf42,Lybrand_FT_13,high,ProcessedSample5_NOM,NOM
Lybrand_FT_14_C_30Aug19_Alder_Infuse_p05_1_01_47890.zip,nmdc:bsm-11-6a91zk58,Lybrand_FT_14,high,ProcessedSample5_NOM,NOM
Lybrand_FT_15_C_30Aug19_Alder_Infuse_p05_1_01_47891.zip,nmdc:bsm-11-y7aj3f62,Lybrand_FT_15,high,ProcessedSample5_NOM,NOM
Lybrand_FT_16_C_30Aug19_Alder_Infuse_p05_1_01_47892.zip,nmdc:bsm-11-2jsrz965,Lybrand_FT_16,high,ProcessedSample5_NOM,NOM
Lybrand_FT_17_C_30Aug19_Alder_Infuse_p05_1_01_47893.zip,nmdc:bsm-11-y9axdw58,Lybrand_FT_17,high,ProcessedSample5_NOM,NOM
Lybrand_FT_18_C_30Aug19_Alder_Infuse_p05_1_01_47894.zip,nmdc:bsm-11-8w0xhp36,Lybrand_FT_18,high,ProcessedSample5_NOM,NOM
Lybrand_FT_19_C_30Aug19_Alder_Infuse_p05_1_01_47895.zip,nmdc:bsm-11-db10jb17,Lybrand_FT_19,high,ProcessedSample5_NOM,NOM
Lybrand_FT_20_C_30Aug19_Alder_Infuse_p05_1_01_47896.zip,nmdc:bsm-11-r8w5p337,Lybrand_FT_20,high,ProcessedSample5_NOM,NOM
Lybrand_FT_21_C_30Aug19_Alder_Infuse_p05_1_01_47897.zip,nmdc:bsm-11-fknbxp34,Lybrand_FT_21,high,ProcessedSample5_NOM,NOM
Lybrand_FT_22_C_30Aug19_Alder_Infuse_p05_1_01_47900.zip,nmdc:bsm-11-sd32rh19,Lybrand_FT_22,high,ProcessedSample5_NOM,NOM
Lybrand_FT_23_C_30Aug19_Alder_Infuse_p05_1_01_47901.zip,nmdc:bsm-11-mm9emb03,Lybrand_FT_23,high,ProcessedSample5_NOM,NOM
Lybrand_FT_24_C_30Aug19_Alder_Infuse_p05_1_01_47902.zip,nmdc:bsm-11-8bfp0v23,Lybrand_FT_24,high,ProcessedSample5_NOM,NOM
Lybrand_FT_25_C_30Aug19_Alder_Infuse_p05_1_01_47903.zip,nmdc:bsm-11-9n4rhn33,Lybrand_FT_25,high,ProcessedSample5_NOM,NOM
Lybrand_FT_26_C_30Aug19_Alder_Infuse_p05_1_01_47904.zip,nmdc:bsm-11-735mfg90,Lybrand_FT_26,high,ProcessedSample5_NOM,NOM
Lybrand_FT_27_C_30Aug19_Alder_Infuse_p05_1_01_47905.zip,nmdc:bsm-11-v4vm1056,Lybrand_FT_27,high,ProcessedSample5_NOM,NOM
Lybrand_FT_28_C_30Aug19_Alder_Infuse_p05_1_01_47906.zip,nmdc:bsm-11-0806bb27,Lybrand_FT_28,high,ProcessedSample5_NOM,NOM
Lybrand_FT_30_C_30Aug19_Alder_Infuse_p05_1_01_47907.zip,nmdc:bsm-11-tg45jq97,Lybrand_FT_30,high,ProcessedSample5_NOM,NOM
Lybrand_FT_31_C_30Aug19_Alder_Infuse_p05_1_01_47908.zip,nmdc:bsm-11-tkdcqc15,Lybrand_FT_31,high,ProcessedSample5_NOM,NOM
Lybrand_FT_32_C_30Aug19_Alder_Infuse_p05_1_01_47909.zip,nmdc:bsm-11-asckb102,Lybrand_FT_32,high,ProcessedSample5_NOM,NOM
Lybrand_FT_33_C_30Aug19_Alder_Infuse_p05_1_01_47910.zip,nmdc:bsm-11-2yz57x63,Lybrand_FT_33,high,ProcessedSample5_NOM,NOM
Lybrand_FT_34_C_30Aug19_Alder_Infuse_p05_1_01_47911.zip,nmdc:bsm-11-0egxc971,Lybrand_FT_34,high,ProcessedSample5_NOM,NOM
Lybrand_FT_35_C_30Aug19_Alder_Infuse_p05_1_01_47912.zip,nmdc:bsm-11-bdvqdz07,Lybrand_FT_35,high,ProcessedSample5_NOM,NOM
Lybrand_FT_36_C_30Aug19_Alder_Infuse_p05_1_01_47913.zip,nmdc:bsm-11-tea8p723,Lybrand_FT_36,high,ProcessedSample5_NOM,NOM
Lybrand_FT_37_C_30Aug19_Alder_Infuse_p05_1_01_47914.zip,nmdc:bsm-11-erpvhh22,Lybrand_FT_37,high,ProcessedSample5_NOM,NOM
Lybrand_FT_38_C_30Aug19_Alder_Infuse_p05_1_01_47915.zip,nmdc:bsm-11-gq90tb65,Lybrand_FT_38,high,ProcessedSample5_NOM,NOM
Lybrand_FT_39_C_30Aug19_Alder_Infuse_p05_1_01_47916.zip,nmdc:bsm-11-byftwh79,Lybrand_FT_39,high,ProcessedSample5_NOM,NOM
Lybrand_FT_40_C_30Aug19_Alder_Infuse_p05_1_01_47917.zip,nmdc:bsm-11-bqtk8606,Lybrand_FT_40,high,ProcessedSample5_NOM,NOM
Lybrand_FT_41_C_30Aug19_Alder_Infuse_p05_1_01_47918.zip,nmdc:bsm-11-6wrv4m85,Lybrand_FT_41,high,ProcessedSample5_NOM,NOM
Lybrand_FT_42_C_30Aug19_Alder_Infuse_p05_1_01_47919.zip,nmdc:bsm-11-nf4e6z46,Lybrand_FT_42,high,ProcessedSample5_NOM,NOM
Lybrand_FT_43_C_30Aug19_Alder_Infuse_p05_1_01_47920.zip,nmdc:bsm-11-m0gqjs15,Lybrand_FT_43,high,ProcessedSample5_NOM,NOM
Lybrand_FT_44_C_30Aug19_Alder_Infuse_p05_1_01_47921.zip,nmdc:bsm-11-6aafex28,Lybrand_FT_44,high,ProcessedSample5_NOM,NOM
Lybrand_FT_45_C_30Aug19_Alder_Infuse_p05_1_01_47922.zip,nmdc:bsm-11-xjn64a84,Lybrand_FT_45,high,ProcessedSample5_NOM,NOM
Lybrand_FT_46_C_30Aug19_Alder_Infuse_p05_1_01_47923.zip,nmdc:bsm-11-168xmm55,Lybrand_FT_46,high,ProcessedSample5_NOM,NOM
Lybrand_FT_47_C_30Aug19_Alder_Infuse_p05_1_01_47926.zip,nmdc:bsm-11-qa2yrv97,Lybrand_FT_47,high,ProcessedSample5_NOM,NOM
Lybrand_FT_48_C_30Aug19_Alder_Infuse_p05_1_01_47927.zip,nmdc:bsm-11-kdhyc122,Lybrand_FT_48,high,ProcessedSample5_NOM,NOM
Lybrand_FT_49_C_30Aug19_Alder_Infuse_p05_1_01_47928.zip,nmdc:bsm-11-w6b84x52,Lybrand_FT_49,high,ProcessedSample5_NOM,NOM
Lybrand_FT_50_C_30Aug19_Alder_Infuse_p05_1_01_47929.zip,nmdc:bsm-11-yxcsrv80,Lybrand_FT_50,high,ProcessedSample5_NOM,NOM
Lybrand_FT_51_C_30Aug19_Alder_Infuse_p05_1_01_47930.zip,nmdc:bsm-11-g71van60,Lybrand_FT_51,high,ProcessedSample5_NOM,NOM
Lybrand_FT_52_C_30Aug19_Alder_Infuse_p05_1_01_47931.zip,nmdc:bsm-11-w51n4t52,Lybrand_FT_52,high,ProcessedSample5_NOM,NOM
Lybrand_FT_53_C_30Aug19_Alder_Infuse_p05_1_01_47932.zip,nmdc:bsm-11-tm4de928,Lybrand_FT_53,high,ProcessedSample5_NOM,NOM
Lybrand_FT_54_C_30Aug19_Alder_Infuse_p05_1_01_47933.zip,nmdc:bsm-11-dt3r5061,Lybrand_FT_54,high,ProcessedSample5_NOM,NOM
Lybrand_FT_55_C_30Aug19_Alder_Infuse_p05_1_01_47934.zip,nmdc:bsm-11-1evk3b45,Lybrand_FT_55,high,ProcessedSample5_NOM,NOM
Lybrand_FT_56_C_30Aug19_Alder_Infuse_p05_1_01_47935.zip,nmdc:bsm-11-7ewmnr49,Lybrand_FT_56,high,ProcessedSample5_NOM,NOM
Lybrand_FT_57_C_30Aug19_Alder_Infuse_p05_1_01_47936.zip,nmdc:bsm-11-94aecm50,Lybrand_FT_57,high,ProcessedSample5_NOM,NOM
Lybrand_FT_58_C_30Aug19_Alder_Infuse_p05_1_01_47937.zip,nmdc:bsm-11-x3xvyz63,Lybrand_FT_58,high,ProcessedSample5_NOM,NOM
Lybrand_FT_59_C_30Aug19_Alder_Infuse_p05_1_01_47938.zip,nmdc:bsm-11-a5p97d57,Lybrand_FT_59,high,ProcessedSample5_NOM,NOM
Lybrand_FT_60_C_30Aug19_Alder_Infuse_p05_1_01_47939.zip,nmdc:bsm-11-njtbj607,Lybrand_FT_60,high,ProcessedSample5_NOM,NOM
Lybrand_FT_61_C_30Aug19_Alder_Infuse_p05_1_01_47940.zip,nmdc:bsm-11-7g2azz24,Lybrand_FT_61,high,ProcessedSample5_NOM,NOM
Lybrand_FT_62_C_30Aug19_Alder_Infuse_p05_1_01_47941.zip,nmdc:bsm-11-ax989290,Lybrand_FT_62,high,ProcessedSample5_NOM,NOM
Lybrand_FT_63_C_30Aug19_Alder_Infuse_p05_1_01_47942.zip,nmdc:bsm-11-kg4nyv82,Lybrand_FT_63,high,ProcessedSample5_NOM,NOM
Lybrand_FT_64_C_30Aug19_Alder_Infuse_p05_1_01_47943.zip,nmdc:bsm-11-f7b8rf18,Lybrand_FT_64,high,ProcessedSample5_NOM,NOM
Lybrand_FT_65_C_30Aug19_Alder_Infuse_p05_1_01_47944.zip,nmdc:bsm-11-khwtxx58,Lybrand_FT_65,high,ProcessedSample5_NOM,NOM
Lybrand_FT_66_C_30Aug19_Alder_Infuse_p05_1_01_47945.zip,nmdc:bsm-11-11avmz59,Lybrand_FT_66,high,ProcessedSample5_NOM,NOM
Lybrand_FT_67_C_30Aug19_Alder_Infuse_p05_1_01_47948.zip,nmdc:bsm-11-fk61zn73,Lybrand_FT_67,high,ProcessedSample5_NOM,NOM
Lybrand_FT_68_C_30Aug19_Alder_Infuse_p05_1_01_47949.zip,nmdc:bsm-11-bezwmk20,Lybrand_FT_68,high,ProcessedSample5_NOM,NOM
Lybrand_FT_69_C_30Aug19_Alder_Infuse_p05_1_01_47950.zip,nmdc:bsm-11-k80fsj34,Lybrand_FT_69,high,ProcessedSample5_NOM,NOM
Lybrand_FT_70_C_30Aug19_Alder_Infuse_p05_1_01_47951.zip,nmdc:bsm-11-qds4dc02,Lybrand_FT_70,high,ProcessedSample5_NOM,NOM
Lybrand_FT_71_C_30Aug19_Alder_Infuse_p05_1_01_47952.zip,nmdc:bsm-11-j7r3aa94,Lybrand_FT_71,high,ProcessedSample5_NOM,NOM
Lybrand_FT_72_C_30Aug19_Alder_Infuse_p05_1_01_47953.zip,nmdc:bsm-11-0jdesy83,Lybrand_FT_72,high,ProcessedSample5_NOM,NOM
Lybrand_FT_73_C_30Aug19_Alder_Infuse_p05_1_01_47954.zip,nmdc:bsm-11-6hhjj176,Lybrand_FT_73,high,ProcessedSample5_NOM,NOM
Lybrand_FT_74_C_30Aug19_Alder_Infuse_p05_1_01_47955.zip,nmdc:bsm-11-h19v3371,Lybrand_FT_74,high,ProcessedSample5_NOM,NOM
Lybrand_FT_75_C_30Aug19_Alder_Infuse_p05_1_01_47956.zip,nmdc:bsm-11-mj1wn380,Lybrand_FT_75,high,ProcessedSample5_NOM,NOM
Lybrand_FT_76_C_30Aug19_Alder_Infuse_p05_1_01_47957.zip,nmdc:bsm-11-4e74mc69,Lybrand_FT_76,high,ProcessedSample5_NOM,NOM
Lybrand_FT_77_C_30Aug19_Alder_Infuse_p05_1_01_47958.zip,nmdc:bsm-11-c2dcay73,Lybrand_FT_77,high,ProcessedSample5_NOM,NOM
Lybrand_FT_78_C_30Aug19_Alder_Infuse_p05_1_01_47959.zip,nmdc:bsm-11-ayd9z833,Lybrand_FT_78,high,ProcessedSample5_NOM,NOM
Lybrand_FT_79_C_30Aug19_Alder_Infuse_p05_1_01_47960.zip,nmdc:bsm-11-58bnc777,Lybrand_FT_79,high,ProcessedSample5_NOM,NOM
Lybrand_FT_80_C_30Aug19_Alder_Infuse_p05_1_01_47961.zip,nmdc:bsm-11-2rx2v171,Lybrand_FT_80,high,ProcessedSample5_NOM,NOM
Lybrand_FT_81_C_30Aug19_Alder_Infuse_p05_1_01_47962.zip,nmdc:bsm-11-xvnjap82,Lybrand_FT_81,high,ProcessedSample5_NOM,NOM
Lybrand_FT_15_W_23Aug19_Alder_Infuse_p3_1_01_47700.zip,nmdc:bsm-11-y7aj3f62,Lybrand_FT_15,high,ProcessedSample6_NOM,NOM
Lybrand_FT_26_W_23Aug19_Alder_Infuse_p3_1_01_47711.zip,nmdc:bsm-11-735mfg90,Lybrand_FT_26,high,ProcessedSample6_NOM,NOM
Lybrand_FT_60_W_27Aug19_Alder_Infuse_p3_000001.zip,nmdc:bsm-11-njtbj607,Lybrand_FT_60,high,ProcessedSample6_NOM,NOM
Lybrand_FT_40_W_23Aug19_Alder_Infuse_p3_1_01_47724.zip,nmdc:bsm-11-bqtk8606,Lybrand_FT_40,high,ProcessedSample6_NOM,NOM
Lybrand_FT_32_W_23Aug19_Alder_Infuse_p3_1_01_47716.zip,nmdc:bsm-11-asckb102,Lybrand_FT_32,high,ProcessedSample6_NOM,NOM
Lybrand_FT_53_W_23Aug19_Alder_Infuse_p3_1_01_47739.zip,nmdc:bsm-11-tm4de928,Lybrand_FT_53,high,ProcessedSample6_NOM,NOM
Lybrand_FT_27_W_23Aug19_Alder_Infuse_p3_1_01_47712.zip,nmdc:bsm-11-v4vm1056,Lybrand_FT_27,high,ProcessedSample6_NOM,NOM
Lybrand_FT_65_W_27Aug19_Alder_Infuse_p3_000001.zip,nmdc:bsm-11-khwtxx58,Lybrand_FT_65,high,ProcessedSample6_NOM,NOM
Lybrand_FT_25_W_23Aug19_Alder_Infuse_p3_1_01_47710.zip,nmdc:bsm-11-9n4rhn33,Lybrand_FT_25,high,ProcessedSample6_NOM,NOM
Lybrand_FT_30_W_23Aug19_Alder_Infuse_p3_1_01_47714.zip,nmdc:bsm-11-tg45jq97,Lybrand_FT_30,high,ProcessedSample6_NOM,NOM
Lybrand_FT_17_W_26Aug19_Alder_Infuse_p3_000001.zip,nmdc:bsm-11-y9axdw58,Lybrand_FT_17,high,ProcessedSample6_NOM,NOM
Lybrand_FT_64_W_23Aug19_Alder_Infuse_p3_1_01_47750.zip,nmdc:bsm-11-f7b8rf18,Lybrand_FT_64,high,ProcessedSample6_NOM,NOM
Lybrand_FT_14_W_26Aug19_Alder_Infuse_p3_000001.zip,nmdc:bsm-11-6a91zk58,Lybrand_FT_14,high,ProcessedSample6_NOM,NOM
Lybrand_FT_11_W_23Aug19_Alder_Infuse_p3_1_01_47696.zip,nmdc:bsm-11-znregv33,Lybrand_FT_11,high,ProcessedSample6_NOM,NOM
Lybrand_FT_49_W_23Aug19_Alder_Infuse_p3_1_01_47735.zip,nmdc:bsm-11-w6b84x52,Lybrand_FT_49,high,ProcessedSample6_NOM,NOM
Lybrand_FT_34_W_23Aug19_Alder_Infuse_p3_1_01_47718.zip,nmdc:bsm-11-0egxc971,Lybrand_FT_34,high,ProcessedSample6_NOM,NOM
Lybrand_FT_16_W_26Aug19_Alder_Infuse_p3_000001.zip,nmdc:bsm-11-2jsrz965,Lybrand_FT_16,high,ProcessedSample6_NOM,NOM
Lybrand_FT_66_W_27Aug19_Alder_Infuse_p2_000001.zip,nmdc:bsm-11-11avmz59,Lybrand_FT_66,high,ProcessedSample6_NOM,NOM
Lybrand_FT_18_W_26Aug19_Alder_Infuse_p3_000001.zip,nmdc:bsm-11-8w0xhp36,Lybrand_FT_18,high,ProcessedSample6_NOM,NOM
Lybrand_FT_22_W_23Aug19_Alder_Infuse_p3_1_01_47707.zip,nmdc:bsm-11-sd32rh19,Lybrand_FT_22,high,ProcessedSample6_NOM,NOM
Lybrand_FT_76_W_27Aug19_Alder_Infuse_p3_000001.zip,nmdc:bsm-11-4e74mc69,Lybrand_FT_76,high,ProcessedSample6_NOM,NOM
Lybrand_FT_44_W_23Aug19_Alder_Infuse_p3_1_01_47730.zip,nmdc:bsm-11-6aafex28,Lybrand_FT_44,high,ProcessedSample6_NOM,NOM
Lybrand_FT_43_W_23Aug19_Alder_Infuse_p3_1_01_47729.zip,nmdc:bsm-11-m0gqjs15,Lybrand_FT_43,high,ProcessedSample6_NOM,NOM
Lybrand_FT_38_W_23Aug19_Alder_Infuse_p3_1_01_47722.zip,nmdc:bsm-11-gq90tb65,Lybrand_FT_38,high,ProcessedSample6_NOM,NOM
Lybrand_FT_56_W_23Aug19_Alder_Infuse_p3_1_01_47742.zip,nmdc:bsm-11-7ewmnr49,Lybrand_FT_56,high,ProcessedSample6_NOM,NOM
Lybrand_FT_42_W_23Aug19_Alder_Infuse_p3_1_01_47726.zip,nmdc:bsm-11-nf4e6z46,Lybrand_FT_42,high,ProcessedSample6_NOM,NOM
Lybrand_FT_51_W_23Aug19_Alder_Infuse_p3_1_01_47737.zip,nmdc:bsm-11-g71van60,Lybrand_FT_51,high,ProcessedSample6_NOM,NOM
Lybrand_FT_13_W_23Aug19_Alder_Infuse_p3_1_01_47698.zip,nmdc:bsm-11-5x7fbf42,Lybrand_FT_13,high,ProcessedSample6_NOM,NOM
Lybrand_FT_09_W_23Aug19_Alder_Infuse_p3_1_01_47694.zip,nmdc:bsm-11-r8p28n34,Lybrand_FT_09,high,ProcessedSample6_NOM,NOM
Lybrand_FT_61_W_23Aug19_Alder_Infuse_p3_1_01_47747.zip,nmdc:bsm-11-7g2azz24,Lybrand_FT_61,high,ProcessedSample6_NOM,NOM
Lybrand_FT_52_W_23Aug19_Alder_Infuse_p3_1_01_47738.zip,nmdc:bsm-11-w51n4t52,Lybrand_FT_52,high,ProcessedSample6_NOM,NOM
Lybrand_FT_28_W_23Aug19_Alder_Infuse_p3_1_01_47713.zip,nmdc:bsm-11-0806bb27,Lybrand_FT_28,high,ProcessedSample6_NOM,NOM
Lybrand_FT_45_W_23Aug19_Alder_Infuse_p3_1_01_47731.zip,nmdc:bsm-11-xjn64a84,Lybrand_FT_45,high,ProcessedSample6_NOM,NOM
Lybrand_Permafrost_Y1_24_H2O_11Dec19_Alder_Infuse_p3_1_01_50374.zip,nmdc:bsm-11-k15r9e35,Lybrand_Permafrost_Y1_24,high,ProcessedSample6_NOM,NOM
Lybrand_Permafrost_Y1_25_H2O_11Dec19_Alder_Infuse_p3_1_01_50386.zip,nmdc:bsm-11-w9adh495,Lybrand_Permafrost_Y1_25,high,ProcessedSample6_NOM,NOM
Lybrand_Permafrost_Y1_28_H2O_11Dec19_Alder_Infuse_p3_1_01_50391.zip,nmdc:bsm-11-qdmxxf54,Lybrand_Permafrost_Y1_28,high,ProcessedSample6_NOM,NOM
Lybrand_Permafrost_Y1_29_H2O_11Dec19_Alder_Infuse_p3_1_01_50399.zip,nmdc:bsm-11-v6g7n582,Lybrand_Permafrost_Y1_29,high,ProcessedSample6_NOM,NOM
Lybrand_Permafrost_Y1_30_H2O_11Dec19_Alder_Infuse_p3_1_01_50373.zip,nmdc:bsm-11-v1xm4a94,Lybrand_Permafrost_Y1_30,high,ProcessedSample6_NOM,NOM
Lybrand_Permafrost_Y1_33_H2O_11Dec19_Alder_Infuse_p3_1_01_50375.zip,nmdc:bsm-11-4qsq3342,Lybrand_Permafrost_Y1_33,high,ProcessedSample6_NOM,NOM
Lybrand_Permafrost_Y1_34_H2O_11Dec19_Alder_Infuse_p3_1_01_50388.zip,nmdc:bsm-11-9mc76767,Lybrand_Permafrost_Y1_34,high,ProcessedSample6_NOM,NOM
Lybrand_Permafrost_Y1_35_H2O_11Dec19_Alder_Infuse_p3_1_01_50382.zip,nmdc:bsm-11-xbnfea23,Lybrand_Permafrost_Y1_35,high,ProcessedSample6_NOM,NOM
Lybrand_Permafrost_Y1_37_H2O_11Dec19_Alder_Infuse_p3_1_01_50378.zip,nmdc:bsm-11-krxtta40,Lybrand_Permafrost_Y1_37,high,ProcessedSample6_NOM,NOM
Lybrand_Permafrost_Y1_39_H2O_11Dec19_Alder_Infuse_p3_1_01_50400.zip,nmdc:bsm-11-ez3ya077,Lybrand_Permafrost_Y1_39,high,ProcessedSample6_NOM,NOM
Lybrand_Permafrost_Y1_40_H2O_11Dec19_Alder_Infuse_p3_1_01_50383.zip,nmdc:bsm-11-cg81dh17,Lybrand_Permafrost_Y1_40,high,ProcessedSample6_NOM,NOM
Lybrand_Permafrost_Y1_41_H2O_11Dec19_Alder_Infuse_p3_1_01_50384.zip,nmdc:bsm-11-2k7hev41,Lybrand_Permafrost_Y1_41,high,ProcessedSample6_NOM,NOM
Lybrand_Permafrost_Y1_43_H2O_11Dec19_Alder_Infuse_p3_1_01_50387.zip,nmdc:bsm-11-a02t4p66,Lybrand_Permafrost_Y1_43,high,ProcessedSample6_NOM,NOM
Lybrand_Permafrost_Y1_44_H2O_11Dec19_Alder_Infuse_p3_1_01_50376.zip,nmdc:bsm-11-d015e695,Lybrand_Permafrost_Y1_44,high,ProcessedSample6_NOM,NOM
Lybrand_Permafrost_Y1_45_H2O_11Dec19_Alder_Infuse_p3_1_01_50389.zip,nmdc:bsm-11-4d160d95,Lybrand_Permafrost_Y1_45,high,ProcessedSample6_NOM,NOM
Lybrand_Permafrost_Y1_47_H2O_11Dec19_Alder_Infuse_p3_1_01_50372.zip,nmdc:bsm-11-y9gtp379,Lybrand_Permafrost_Y1_47,high,ProcessedSample6_NOM,NOM
Lybrand_Permafrost_Y1_48_H2O_11Dec19_Alder_Infuse_p3_1_01_50395.zip,nmdc:bsm-11-dff0sj08,Lybrand_Permafrost_Y1_48,high,ProcessedSample6_NOM,NOM
Lybrand_Permafrost_Y1_49_H2O_11Dec19_Alder_Infuse_p3_1_01_50381.zip,nmdc:bsm-11-1mzcdt88,Lybrand_Permafrost_Y1_49,high,ProcessedSample6_NOM,NOM
Lybrand_Permafrost_Y1_52_H2O_11Dec19_Alder_Infuse_p3_1_01_50385.zip,nmdc:bsm-11-ey4dne59,Lybrand_Permafrost_Y1_52,high,ProcessedSample6_NOM,NOM
Lybrand_Permafrost_Y1_53_H2O_11Dec19_Alder_Infuse_p3_1_01_50392.zip,nmdc:bsm-11-01bbrr08,Lybrand_Permafrost_Y1_53,high,ProcessedSample6_NOM,NOM
Lybrand_Permafrost_Y1_55_H2O_11Dec19_Alder_Infuse_p3_1_01_50402.zip,nmdc:bsm-11-zrmt9512,Lybrand_Permafrost_Y1_55,high,ProcessedSample6_NOM,NOM
Lybrand_Permafrost_Y1_58_H2O_11Dec19_Alder_Infuse_p3_1_01_50396.zip,nmdc:bsm-11-7gszgx86,Lybrand_Permafrost_Y1_58,high,ProcessedSample6_NOM,NOM
Lybrand_Permafrost_Y1_61_H2O_11Dec19_Alder_Infuse_p3_1_01_50401.zip,nmdc:bsm-11-rvtcjz14,Lybrand_Permafrost_Y1_61,high,ProcessedSample6_NOM,NOM
Lybrand_Permafrost_Y1_65_H2O_11Dec19_Alder_Infuse_p3_1_01_50379.zip,nmdc:bsm-11-vyt1ek46,Lybrand_Permafrost_Y1_65,high,ProcessedSample6_NOM,NOM
Lybrand_Permafrost_Y1_70_H2O_11Dec19_Alder_Infuse_p3_1_01_50380.zip,nmdc:bsm-11-p93kbp07,Lybrand_Permafrost_Y1_70,high,ProcessedSample6_NOM,NOM
Lybrand_Permafrost_Y1_71_H2O_11Dec19_Alder_Infuse_p3_1_01_50394.zip,nmdc:bsm-11-1znmzj36,Lybrand_Permafrost_Y1_71,high,ProcessedSample6_NOM,NOM
Lybrand_Permafrost_Y1_72_H2O_11Dec19_Alder_Infuse_p3_1_01_50398.zip,nmdc:bsm-11-dnpz7239,Lybrand_Permafrost_Y1_72,high,ProcessedSample6_NOM,NOM
Lybrand_Permafrost_Y1_77_H2O_11Dec19_Alder_Infuse_p3_1_01_50397.zip,nmdc:bsm-11-vqdk8776,Lybrand_Permafrost_Y1_77,high,ProcessedSample6_NOM,NOM
Lybrand_Permafrost_Y1_78_H2O_11Dec19_Alder_Infuse_p3_1_01_50393.zip,nmdc:bsm-11-1fw8f065,Lybrand_Permafrost_Y1_78,high,ProcessedSample6_NOM,NOM
Lybrand_Permafrost_Y1_24_CHCl3_12Dec19_Alder_Infuse_p3_1_01_50527.zip,nmdc:bsm-11-k15r9e35,Lybrand_Permafrost_Y1_24,high,ProcessedSample5_NOM,NOM
Lybrand_Permafrost_Y1_25_CHCl3_12Dec19_Alder_Infuse_p3_1_01_50539.zip,nmdc:bsm-11-w9adh495,Lybrand_Permafrost_Y1_25,high,ProcessedSample5_NOM,NOM
Lybrand_Permafrost_Y1_28_CHCl3_12Dec19_Alder_Infuse_p3_1_01_50544.zip,nmdc:bsm-11-qdmxxf54,Lybrand_Permafrost_Y1_28,high,ProcessedSample5_NOM,NOM
Lybrand_Permafrost_Y1_29_CHCl3_12Dec19_Alder_Infuse_p3_1_01_50552.zip,nmdc:bsm-11-v6g7n582,Lybrand_Permafrost_Y1_29,high,ProcessedSample5_NOM,NOM
Lybrand_Permafrost_Y1_30_CHCl3_12Dec19_Alder_Infuse_p2_1_01_50576.zip,nmdc:bsm-11-v1xm4a94,Lybrand_Permafrost_Y1_30,high,ProcessedSample5_NOM,NOM
Lybrand_Permafrost_Y1_33_CHCl3_12Dec19_Alder_Infuse_p3_1_01_50528.zip,nmdc:bsm-11-4qsq3342,Lybrand_Permafrost_Y1_33,high,ProcessedSample5_NOM,NOM
Lybrand_Permafrost_Y1_34_CHCl3_12Dec19_Alder_Infuse_p3_1_01_50541.zip,nmdc:bsm-11-9mc76767,Lybrand_Permafrost_Y1_34,high,ProcessedSample5_NOM,NOM
Lybrand_Permafrost_Y1_35_CHCl3_12Dec19_Alder_Infuse_p3_1_01_50535.zip,nmdc:bsm-11-xbnfea23,Lybrand_Permafrost_Y1_35,high,ProcessedSample5_NOM,NOM
Lybrand_Permafrost_Y1_37_CHCl3_12Dec19_Alder_Infuse_p3_1_01_50531.zip,nmdc:bsm-11-krxtta40,Lybrand_Permafrost_Y1_37,high,ProcessedSample5_NOM,NOM
Lybrand_Permafrost_Y1_39_CHCl3_12Dec19_Alder_Infuse_p3_1_01_50553.zip,nmdc:bsm-11-ez3ya077,Lybrand_Permafrost_Y1_39,high,ProcessedSample5_NOM,NOM
Lybrand_Permafrost_Y1_40_CHCl3_12Dec19_Alder_Infuse_p3_1_01_50536.zip,nmdc:bsm-11-cg81dh17,Lybrand_Permafrost_Y1_40,high,ProcessedSample5_NOM,NOM
Lybrand_Permafrost_Y1_41_CHCl3_12Dec19_Alder_Infuse_p3_1_01_50537.zip,nmdc:bsm-11-2k7hev41,Lybrand_Permafrost_Y1_41,high,ProcessedSample5_NOM,NOM
Lybrand_Permafrost_Y1_43_CHCl3_12Dec19_Alder_Infuse_p3_1_01_50540.zip,nmdc:bsm-11-a02t4p66,Lybrand_Permafrost_Y1_43,high,ProcessedSample5_NOM,NOM
Lybrand_Permafrost_Y1_44_CHCl3_12Dec19_Alder_Infuse_p3_1_01_50529.zip,nmdc:bsm-11-d015e695,Lybrand_Permafrost_Y1_44,high,ProcessedSample5_NOM,NOM
Lybrand_Permafrost_Y1_45_CHCl3_12Dec19_Alder_Infuse_p3_1_01_50542.zip,nmdc:bsm-11-4d160d95,Lybrand_Permafrost_Y1_45,high,ProcessedSample5_NOM,NOM
Lybrand_Permafrost_Y1_47_CHCl3_12Dec19_Alder_Infuse_p2_1_01_50575.zip,nmdc:bsm-11-y9gtp379,Lybrand_Permafrost_Y1_47,high,ProcessedSample5_NOM,NOM
Lybrand_Permafrost_Y1_48_CHCl3_12Dec19_Alder_Infuse_p3_1_01_50548.zip,nmdc:bsm-11-dff0sj08,Lybrand_Permafrost_Y1_48,high,ProcessedSample5_NOM,NOM
Lybrand_Permafrost_Y1_49_CHCl3_12Dec19_Alder_Infuse_p2_1_01_50577.zip,nmdc:bsm-11-1mzcdt88,Lybrand_Permafrost_Y1_49,high,ProcessedSample5_NOM,NOM
Lybrand_Permafrost_Y1_52_CHCl3_12Dec19_Alder_Infuse_p3_1_01_50538.zip,nmdc:bsm-11-ey4dne59,Lybrand_Permafrost_Y1_52,high,ProcessedSample5_NOM,NOM
Lybrand_Permafrost_Y1_53_CHCl3_12Dec19_Alder_Infuse_p3_1_01_50545.zip,nmdc:bsm-11-01bbrr08,Lybrand_Permafrost_Y1_53,high,ProcessedSample5_NOM,NOM
Lybrand_Permafrost_Y1_55_CHCl3_12Dec19_Alder_Infuse_p3_1_01_50555.zip,nmdc:bsm-11-zrmt9512,Lybrand_Permafrost_Y1_55,high,ProcessedSample5_NOM,NOM
Lybrand_Permafrost_Y1_58_CHCl3_12Dec19_Alder_Infuse_p3_1_01_50549.zip,nmdc:bsm-11-7gszgx86,Lybrand_Permafrost_Y1_58,high,ProcessedSample5_NOM,NOM
Lybrand_Permafrost_Y1_61_CHCl3_12Dec19_Alder_Infuse_p3_1_01_50554.zip,nmdc:bsm-11-rvtcjz14,Lybrand_Permafrost_Y1_61,high,ProcessedSample5_NOM,NOM
Lybrand_Permafrost_Y1_65_CHCl3_12Dec19_Alder_Infuse_p3_1_01_50532.zip,nmdc:bsm-11-vyt1ek46,Lybrand_Permafrost_Y1_65,high,ProcessedSample5_NOM,NOM
Lybrand_Permafrost_Y1_70_CHCl3_12Dec19_Alder_Infuse_p3_1_01_50533.zip,nmdc:bsm-11-p93kbp07,Lybrand_Permafrost_Y1_70,high,ProcessedSample5_NOM,NOM
Lybrand_Permafrost_Y1_71_CHCl3_12Dec19_Alder_Infuse_p3_1_01_50547.zip,nmdc:bsm-11-1znmzj36,Lybrand_Permafrost_Y1_71,high,ProcessedSample5_NOM,NOM
Lybrand_Permafrost_Y1_72_CHCl3_12Dec19_Alder_Infuse_p3_1_01_50551.zip,nmdc:bsm-11-dnpz7239,Lybrand_Permafrost_Y1_72,high,ProcessedSample5_NOM,NOM
Lybrand_Permafrost_Y1_73_CHCl3_12Dec19_Alder_Infuse_p3_1_01_50530.zip,nmdc:bsm-11-nry8v628,Lybrand_Permafrost_Y1_73,high,ProcessedSample5_NOM,NOM
Lybrand_Permafrost_Y1_77_CHCl3_12Dec19_Alder_Infuse_p3_1_01_50550.zip,nmdc:bsm-11-vqdk8776,Lybrand_Permafrost_Y1_77,high,ProcessedSample5_NOM,NOM
Lybrand_Permafrost_Y1_78_CHCl3_12Dec19_Alder_Infuse_p3_1_01_50546.zip,nmdc:bsm-11-1fw8f065,Lybrand_Permafrost_Y1_78,high,ProcessedSample5_NOM,NOM
Lybrand_Permafrost_Y1_03_H2O_11Dec19_Alder_Infuse_p3_1_01_50407.zip,nmdc:bsm-11-npdqsc91,Lybrand_Permafrost_Y1_03,high,ProcessedSample6_NOM,NOM
Lybrand_Permafrost_Y1_08_H2O_11Dec19_Alder_Infuse_p3_1_01_50411.zip,nmdc:bsm-11-phd12563,Lybrand_Permafrost_Y1_08,high,ProcessedSample6_NOM,NOM
Lybrand_Permafrost_Y1_09_H2O_11Dec19_Alder_Infuse_p3_1_01_50412.zip,nmdc:bsm-11-kf955787,Lybrand_Permafrost_Y1_09,high,ProcessedSample6_NOM,NOM
Lybrand_Permafrost_Y1_10_H2O_11Dec19_Alder_Infuse_p3_1_01_50390.zip,nmdc:bsm-11-tfs5e732,Lybrand_Permafrost_Y1_10,high,ProcessedSample6_NOM,NOM
Lybrand_Permafrost_Y1_13_H2O_11Dec19_Alder_Infuse_p3_1_01_50406.zip,nmdc:bsm-11-2576zp70,Lybrand_Permafrost_Y1_13,high,ProcessedSample6_NOM,NOM
Lybrand_Permafrost_Y1_14_H2O_11Dec19_Alder_Infuse_p3_1_01_50403.zip,nmdc:bsm-11-ekbwev02,Lybrand_Permafrost_Y1_14,high,ProcessedSample6_NOM,NOM
Lybrand_Permafrost_Y1_15_H2O_11Dec19_Alder_Infuse_p3_1_01_50405.zip,nmdc:bsm-11-32c8zj88,Lybrand_Permafrost_Y1_15,high,ProcessedSample6_NOM,NOM
Lybrand_Permafrost_Y1_18_H2O_11Dec19_Alder_Infuse_p3_1_01_50413.zip,nmdc:bsm-11-05yzsw39,Lybrand_Permafrost_Y1_18,high,ProcessedSample6_NOM,NOM
Lybrand_Permafrost_Y1_19_H2O_11Dec19_Alder_Infuse_p3_1_01_50408.zip,nmdc:bsm-11-44c0aq57,Lybrand_Permafrost_Y1_19,high,ProcessedSample6_NOM,NOM
Lybrand_Permafrost_Y1_20_H2O_11Dec19_Alder_Infuse_p3_1_01_50409.zip,nmdc:bsm-11-geqw3z50,Lybrand_Permafrost_Y1_20,high,ProcessedSample6_NOM,NOM
Lybrand_Permafrost_Y1_23_H2O_11Dec19_Alder_Infuse_p3_1_01_50410.zip,nmdc:bsm-11-aa9a5t32,Lybrand_Permafrost_Y1_23,high,ProcessedSample6_NOM,NOM
Lybrand_Permafrost_Y1_03_CHCl3_12Dec19_Alder_Infuse_p3_1_01_50560.zip,nmdc:bsm-11-npdqsc91,Lybrand_Permafrost_Y1_03,high,ProcessedSample5_NOM,NOM
Lybrand_Permafrost_Y1_08_CHCl3_12Dec19_Alder_Infuse_p3_1_01_50564.zip,nmdc:bsm-11-phd12563,Lybrand_Permafrost_Y1_08,high,ProcessedSample5_NOM,NOM
Lybrand_Permafrost_Y1_09_CHCl3_12Dec19_Alder_Infuse_p3_1_01_50565.zip,nmdc:bsm-11-kf955787,Lybrand_Permafrost_Y1_09,high,ProcessedSample5_NOM,NOM
Lybrand_Permafrost_Y1_10_CHCl3_12Dec19_Alder_Infuse_p3_1_01_50543.zip,nmdc:bsm-11-tfs5e732,Lybrand_Permafrost_Y1_10,high,ProcessedSample5_NOM,NOM
Lybrand_Permafrost_Y1_13_CHCl3_12Dec19_Alder_Infuse_p3_1_01_50559.zip,nmdc:bsm-11-2576zp70,Lybrand_Permafrost_Y1_13,high,ProcessedSample5_NOM,NOM
Lybrand_Permafrost_Y1_14_CHCl3_12Dec19_Alder_Infuse_p3_1_01_50556.zip,nmdc:bsm-11-ekbwev02,Lybrand_Permafrost_Y1_14,high,ProcessedSample5_NOM,NOM
Lybrand_Permafrost_Y1_15_CHCl3_12Dec19_Alder_Infuse_p3_1_01_50558.zip,nmdc:bsm-11-32c8zj88,Lybrand_Permafrost_Y1_15,high,ProcessedSample5_NOM,NOM
Lybrand_Permafrost_Y1_18_CHCl3_12Dec19_Alder_Infuse_p3_1_01_50566.zip,nmdc:bsm-11-05yzsw39,Lybrand_Permafrost_Y1_18,high,ProcessedSample5_NOM,NOM
Lybrand_Permafrost_Y1_19_CHCl3_12Dec19_Alder_Infuse_p3_1_01_50561.zip,nmdc:bsm-11-44c0aq57,Lybrand_Permafrost_Y1_19,high,ProcessedSample5_NOM,NOM
Lybrand_Permafrost_Y1_20_CHCl3_12Dec19_Alder_Infuse_p3_1_01_50562.zip,nmdc:bsm-11-geqw3z50,Lybrand_Permafrost_Y1_20,high,ProcessedSample5_NOM,NOM
Lybrand_Permafrost_Y1_23_CHCl3_12Dec19_Alder_Infuse_p3_1_01_50563.zip,nmdc:bsm-11-aa9a5t32,Lybrand_Permafrost_Y1_23,high,ProcessedSample5_NOM,NOM
Lybrand_Permafrost_Y1_73_H2O_12Dec19_Alder_Infuse_p05_1_01_50429.zip,nmdc:bsm-11-nry8v628,Lybrand_Permafrost_Y1_73,high,ProcessedSample6_NOM,NOM
Lybrand_Permafrost_Y1_04_CHCl3_12Dec19_Alder_Infuse_p2_1_01_50578.zip,nmdc:bsm-11-k2mmz569,Lybrand_Permafrost_Y1_04,high,ProcessedSample5_NOM,NOM
Lybrand_GHG_01_C_30Aug19_Alder_Infuse_p05_1_01_47965.zip,nmdc:bsm-11-0jw46z66,Lybrand_GHG_01,high,ProcessedSample5_NOM,NOM
Lybrand_GHG_02_C_30Aug19_Alder_Infuse_p05_1_01_47966.zip,nmdc:bsm-11-s221qj30,Lybrand_GHG_02,high,ProcessedSample5_NOM,NOM
Lybrand_GHG_03_C_30Aug19_Alder_Infuse_p05_1_01_47967.zip,nmdc:bsm-11-j0egy146,Lybrand_GHG_03,high,ProcessedSample5_NOM,NOM
Lybrand_GHG_09_C_30Aug19_Alder_Infuse_p05_1_01_47973.zip,nmdc:bsm-11-2ak1nh85,Lybrand_GHG_09,high,ProcessedSample5_NOM,NOM
Lybrand_GHG_1_W_27Aug19_Alder_Infuse_p2_000001.zip,nmdc:bsm-11-0jw46z66,Lybrand_GHG_01,high,ProcessedSample6_NOM,NOM
Lybrand_GHG_11_C_30Aug19_Alder_Infuse_p05_1_01_47975.zip,nmdc:bsm-11-zbhbtw37,Lybrand_GHG_11,high,ProcessedSample5_NOM,NOM
Lybrand_GHG_11_W_27Aug19_Alder_Infuse_p3_000001.zip,nmdc:bsm-11-zbhbtw37,Lybrand_GHG_11,high,ProcessedSample6_NOM,NOM
Lybrand_GHG_12_C_30Aug19_Alder_Infuse_p05_1_01_47976.zip,nmdc:bsm-11-5jp1rt97,Lybrand_GHG_12,high,ProcessedSample5_NOM,NOM
Lybrand_GHG_12_W_27Aug19_Alder_Infuse_p2_000001.zip,nmdc:bsm-11-5jp1rt97,Lybrand_GHG_12,high,ProcessedSample6_NOM,NOM
Lybrand_GHG_13_C_30Aug19_Alder_Infuse_p05_1_01_47977.zip,nmdc:bsm-11-sss6cr19,Lybrand_GHG_13,high,ProcessedSample5_NOM,NOM
Lybrand_GHG_13_W_27Aug19_Alder_Infuse_p2_000001.zip,nmdc:bsm-11-sss6cr19,Lybrand_GHG_13,high,ProcessedSample6_NOM,NOM
Lybrand_GHG_15_C_30Aug19_Alder_Infuse_p05_1_01_47979.zip,nmdc:bsm-11-rhx6ak95,Lybrand_GHG_15,high,ProcessedSample5_NOM,NOM
Lybrand_GHG_15_W_27Aug19_Alder_Infuse_p2_000001.zip,nmdc:bsm-11-rhx6ak95,Lybrand_GHG_15,high,ProcessedSample6_NOM,NOM
Lybrand_GHG_18_C_30Aug19_Alder_Infuse_p05_1_01_47984.zip,nmdc:bsm-11-23w82g32,Lybrand_GHG_18,high,ProcessedSample5_NOM,NOM
Lybrand_GHG_18_W_27Aug19_Alder_Infuse_p2_000001.zip,nmdc:bsm-11-23w82g32,Lybrand_GHG_18,high,ProcessedSample6_NOM,NOM
Lybrand_GHG_2_W_27Aug19_Alder_Infuse_p3_000001.zip,nmdc:bsm-11-s221qj30,Lybrand_GHG_02,high,ProcessedSample6_NOM,NOM
Lybrand_GHG_20_C_30Aug19_Alder_Infuse_p05_1_01_47986.zip,nmdc:bsm-11-bv1r0a82,Lybrand_GHG_20,high,ProcessedSample5_NOM,NOM
Lybrand_GHG_20_W_27Aug19_Alder_Infuse_p2_000001.zip,nmdc:bsm-11-bv1r0a82,Lybrand_GHG_20,high,ProcessedSample6_NOM,NOM
Lybrand_GHG_21_C_30Aug19_Alder_Infuse_p05_1_01_47987.zip,nmdc:bsm-11-m2t0ph05,Lybrand_GHG_21,high,ProcessedSample5_NOM,NOM
Lybrand_GHG_21_W_27Aug19_Alder_Infuse_p2_000001.zip,nmdc:bsm-11-m2t0ph05,Lybrand_GHG_21,high,ProcessedSample6_NOM,NOM
Lybrand_GHG_3_W_27Aug19_Alder_Infuse_p2_000001.zip,nmdc:bsm-11-j0egy146,Lybrand_GHG_03,high,ProcessedSample6_NOM,NOM
Lybrand_GHG_30_C_30Aug19_Alder_Infuse_p05_1_01_47996.zip,nmdc:bsm-11-8b8b0344,Lybrand_GHG_30,high,ProcessedSample5_NOM,NOM
Lybrand_GHG_30_W_28Aug19_Alder_Infuse_p2_000001.zip,nmdc:bsm-11-8b8b0344,Lybrand_GHG_30,high,ProcessedSample6_NOM,NOM
Lybrand_GHG_9_W_27Aug19_Alder_Infuse_p2_000001.zip,nmdc:bsm-11-2ak1nh85,Lybrand_GHG_09,high,ProcessedSample6_NOM,NOM
Lybrand_Permafrost_HE_01_CHCl3_13Dec19_Alder_Infuse_p08_1_01_50511.zip,nmdc:bsm-11-2da2vw35,Lybrand_Permafrost_HE_01,high,ProcessedSample5_NOM,NOM
Lybrand_Permafrost_HE_01_H2O_11Dec19_Alder_Infuse_p3_1_01_50358.zip,nmdc:bsm-11-2da2vw35,Lybrand_Permafrost_HE_01,high,ProcessedSample6_NOM,NOM
Lybrand_Permafrost_HE_02_CHCl3_13Dec19_Alder_Infuse_p08_1_01_50519.zip,nmdc:bsm-11-2n9dds87,Lybrand_Permafrost_HE_02,high,ProcessedSample5_NOM,NOM
Lybrand_Permafrost_HE_02_H2O_11Dec19_Alder_Infuse_p3_1_01_50366.zip,nmdc:bsm-11-2n9dds87,Lybrand_Permafrost_HE_02,high,ProcessedSample6_NOM,NOM
Lybrand_Permafrost_HE_03_CHCl3_13Dec19_Alder_Infuse_p08_1_01_50512.zip,nmdc:bsm-11-yvy4ef54,Lybrand_Permafrost_HE_03,high,ProcessedSample5_NOM,NOM
Lybrand_Permafrost_HE_03_H2O_11Dec19_Alder_Infuse_p3_1_01_50359.zip,nmdc:bsm-11-yvy4ef54,Lybrand_Permafrost_HE_03,high,ProcessedSample6_NOM,NOM
Lybrand_Permafrost_HE_04_CHCl3_13Dec19_Alder_Infuse_p08_1_01_50508.zip,nmdc:bsm-11-jsh5v570,Lybrand_Permafrost_HE_04,high,ProcessedSample5_NOM,NOM
Lybrand_Permafrost_HE_04_H2O_11Dec19_Alder_Infuse_p3_1_01_50355.zip,nmdc:bsm-11-jsh5v570,Lybrand_Permafrost_HE_04,high,ProcessedSample6_NOM,NOM
Lybrand_Permafrost_HE_05_CHCl3_13Dec19_Alder_Infuse_p08_1_01_50517.zip,nmdc:bsm-11-b9e92f33,Lybrand_Permafrost_HE_05,high,ProcessedSample5_NOM,NOM
Lybrand_Permafrost_HE_05_H2O_11Dec19_Alder_Infuse_p3_1_01_50364.zip,nmdc:bsm-11-b9e92f33,Lybrand_Permafrost_HE_05,high,ProcessedSample6_NOM,NOM
Lybrand_Permafrost_HE_06_CHCl3_13Dec19_Alder_Infuse_p08_1_01_50513.zip,nmdc:bsm-11-3h770p55,Lybrand_Permafrost_HE_06,high,ProcessedSample5_NOM,NOM
Lybrand_Permafrost_HE_06_H2O_11Dec19_Alder_Infuse_p3_1_01_50360.zip,nmdc:bsm-11-3h770p55,Lybrand_Permafrost_HE_06,high,ProcessedSample6_NOM,NOM
Lybrand_Permafrost_HE_07_CHCl3_13Dec19_Alder_Infuse_p08_1_01_50516.zip,nmdc:bsm-11-gp9a0507,Lybrand_Permafrost_HE_07,high,ProcessedSample5_NOM,NOM
Lybrand_Permafrost_HE_07_H2O_11Dec19_Alder_Infuse_p3_1_01_50363.zip,nmdc:bsm-11-gp9a0507,Lybrand_Permafrost_HE_07,high,ProcessedSample6_NOM,NOM
Lybrand_Permafrost_HE_08_CHCl3_16Dec19_Alder_Infuse_p05_1_01_50574.zip,nmdc:bsm-11-98j26t02,Lybrand_Permafrost_HE_08,high,ProcessedSample5_NOM,NOM
Lybrand_Permafrost_HE_08_H2O_11Dec19_Alder_Infuse_p3_1_01_50368.zip,nmdc:bsm-11-98j26t02,Lybrand_Permafrost_HE_08,high,ProcessedSample6_NOM,NOM
Lybrand_Permafrost_HE_09_CHCl3_13Dec19_Alder_Infuse_p08_1_01_50514.zip,nmdc:bsm-11-6x2g8r71,Lybrand_Permafrost_HE_09,high,ProcessedSample5_NOM,NOM
Lybrand_Permafrost_HE_09_H2O_11Dec19_Alder_Infuse_p3_1_01_50361.zip,nmdc:bsm-11-6x2g8r71,Lybrand_Permafrost_HE_09,high,ProcessedSample6_NOM,NOM
Lybrand_Permafrost_HE_10_CHCl3_13Dec19_Alder_Infuse_p08_1_01_50509.zip,nmdc:bsm-11-k394qm56,Lybrand_Permafrost_HE_10,high,ProcessedSample5_NOM,NOM
Lybrand_Permafrost_HE_10_H2O_11Dec19_Alder_Infuse_p3_1_01_50356.zip,nmdc:bsm-11-k394qm56,Lybrand_Permafrost_HE_10,high,ProcessedSample6_NOM,NOM
Lybrand_Permafrost_HE_11_CHCl3_13Dec19_Alder_Infuse_p08_1_01_50510.zip,nmdc:bsm-11-40d3zr06,Lybrand_Permafrost_HE_11,high,ProcessedSample5_NOM,NOM
Lybrand_Permafrost_HE_11_H2O_11Dec19_Alder_Infuse_p3_1_01_50357.zip,nmdc:bsm-11-40d3zr06,Lybrand_Permafrost_HE_11,high,ProcessedSample6_NOM,NOM
Lybrand_Permafrost_HE_12_CHCl3_13Dec19_Alder_Infuse_p08_1_01_50507.zip,nmdc:bsm-11-ebhtts36,Lybrand_Permafrost_HE_12,high,ProcessedSample5_NOM,NOM
Lybrand_Permafrost_HE_12_H2O_11Dec19_Alder_Infuse_p3_1_01_50354.zip,nmdc:bsm-11-ebhtts36,Lybrand_Permafrost_HE_12,high,ProcessedSample6_NOM,NOM
Lybrand_Permafrost_HE_13_CHCl3_13Dec19_Alder_Infuse_p08_1_01_50520.zip,nmdc:bsm-11-kk2jhd47,Lybrand_Permafrost_HE_13,high,ProcessedSample5_NOM,NOM
Lybrand_Permafrost_HE_13_H2O_11Dec19_Alder_Infuse_p3_1_01_50367.zip,nmdc:bsm-11-kk2jhd47,Lybrand_Permafrost_HE_13,high,ProcessedSample6_NOM,NOM
Lybrand_Permafrost_HE_14_CHCl3_13Dec19_Alder_Infuse_p08_1_01_50518.zip,nmdc:bsm-11-hwrzs263,Lybrand_Permafrost_HE_14,high,ProcessedSample5_NOM,NOM
Lybrand_Permafrost_HE_14_H2O_11Dec19_Alder_Infuse_p3_1_01_50365.zip,nmdc:bsm-11-hwrzs263,Lybrand_Permafrost_HE_14,high,ProcessedSample6_NOM,NOM
Lybrand_Permafrost_HE_15_CHCl3_13Dec19_Alder_Infuse_p08_1_01_50515.zip,nmdc:bsm-11-w8afh383,Lybrand_Permafrost_HE_15,high,ProcessedSample5_NOM,NOM
Lybrand_Permafrost_HE_15_H2O_11Dec19_Alder_Infuse_p3_1_01_50362.zip,nmdc:bsm-11-w8afh383,Lybrand_Permafrost_HE_15,high,ProcessedSample6_NOM,NOM
Lybrand_Permafrost_BOG_01_CHCl3_13Dec19_Alder_Infuse_p08_1_01_50480.zip,nmdc:bsm-11-ep5r7r80,Lybrand_Permafrost_BOG_01,high,ProcessedSample5_NOM,NOM
Lybrand_Permafrost_BOG_01_H2O_10Dec19_Alder_Infuse_p1_1_01_50267.zip,nmdc:bsm-11-ep5r7r80,Lybrand_Permafrost_BOG_01,high,ProcessedSample6_NOM,NOM
Lybrand_Permafrost_BOG_02_CHCl3_13Dec19_Alder_Infuse_p08_1_01_50489.zip,nmdc:bsm-11-0g3qzr85,Lybrand_Permafrost_BOG_02,high,ProcessedSample5_NOM,NOM
Lybrand_Permafrost_BOG_02_H2O_10Dec19_Alder_Infuse_p1_1_01_50276.zip,nmdc:bsm-11-0g3qzr85,Lybrand_Permafrost_BOG_02,high,ProcessedSample6_NOM,NOM
Lybrand_Permafrost_BOG_03_CHCl3_13Dec19_Alder_Infuse_p08_1_01_50483.zip,nmdc:bsm-11-hhjjr884,Lybrand_Permafrost_BOG_03,high,ProcessedSample5_NOM,NOM
Lybrand_Permafrost_BOG_03_H2O_10Dec19_Alder_Infuse_p1_1_01_50270.zip,nmdc:bsm-11-hhjjr884,Lybrand_Permafrost_BOG_03,high,ProcessedSample6_NOM,NOM
Lybrand_Permafrost_BOG_04_CHCl3_13Dec19_Alder_Infuse_p08_1_01_50493.zip,nmdc:bsm-11-nqk5dr64,Lybrand_Permafrost_BOG_04,high,ProcessedSample5_NOM,NOM
Lybrand_Permafrost_BOG_04_H2O_10Dec19_Alder_Infuse_p1_1_01_50280.zip,nmdc:bsm-11-nqk5dr64,Lybrand_Permafrost_BOG_04,high,ProcessedSample6_NOM,NOM
Lybrand_Permafrost_BOG_05_CHCl3_13Dec19_Alder_Infuse_p08_1_01_50497.zip,nmdc:bsm-11-5yfqa659,Lybrand_Permafrost_BOG_05,high,ProcessedSample5_NOM,NOM
Lybrand_Permafrost_BOG_05_H2O_10Dec19_Alder_Infuse_p1_1_01_50284.zip,nmdc:bsm-11-5yfqa659,Lybrand_Permafrost_BOG_05,high,ProcessedSample6_NOM,NOM
Lybrand_Permafrost_BOG_06_CHCl3_16Dec19_Alder_Infuse_p05_1_01_50573.zip,nmdc:bsm-11-qhv2mh63,Lybrand_Permafrost_BOG_06,high,ProcessedSample5_NOM,NOM
Lybrand_Permafrost_BOG_06_H2O_10Dec19_Alder_Infuse_p1_1_01_50277.zip,nmdc:bsm-11-qhv2mh63,Lybrand_Permafrost_BOG_06,high,ProcessedSample6_NOM,NOM
Lybrand_Permafrost_BOG_07_CHCl3_13Dec19_Alder_Infuse_p08_1_01_50485.zip,nmdc:bsm-11-zxhgsy60,Lybrand_Permafrost_BOG_07,high,ProcessedSample5_NOM,NOM
Lybrand_Permafrost_BOG_07_H2O_10Dec19_Alder_Infuse_p1_1_01_50272.zip,nmdc:bsm-11-zxhgsy60,Lybrand_Permafrost_BOG_07,high,ProcessedSample6_NOM,NOM
Lybrand_Permafrost_BOG_08_CHCl3_13Dec19_Alder_Infuse_p08_1_01_50491.zip,nmdc:bsm-11-rrmwch98,Lybrand_Permafrost_BOG_08,high,ProcessedSample5_NOM,NOM
Lybrand_Permafrost_BOG_08_H2O_10Dec19_Alder_Infuse_p1_1_01_50278.zip,nmdc:bsm-11-rrmwch98,Lybrand_Permafrost_BOG_08,high,ProcessedSample6_NOM,NOM
Lybrand_Permafrost_BOG_09_CHCl3_13Dec19_Alder_Infuse_p08_1_01_50481.zip,nmdc:bsm-11-96rt7821,Lybrand_Permafrost_BOG_09,high,ProcessedSample5_NOM,NOM
Lybrand_Permafrost_BOG_09_H2O_10Dec19_Alder_Infuse_p1_1_01_50268.zip,nmdc:bsm-11-96rt7821,Lybrand_Permafrost_BOG_09,high,ProcessedSample6_NOM,NOM
Lybrand_Permafrost_BOG_10_CHCl3_13Dec19_Alder_Infuse_p08_1_01_50484.zip,nmdc:bsm-11-an7h4q55,Lybrand_Permafrost_BOG_10,high,ProcessedSample5_NOM,NOM
Lybrand_Permafrost_BOG_10_H2O_10Dec19_Alder_Infuse_p1_1_01_50271.zip,nmdc:bsm-11-an7h4q55,Lybrand_Permafrost_BOG_10,high,ProcessedSample6_NOM,NOM
Lybrand_Permafrost_BOG_11_CHCl3_13Dec19_Alder_Infuse_p08_1_01_50479.zip,nmdc:bsm-11-fcn4wj44,Lybrand_Permafrost_BOG_11,high,ProcessedSample5_NOM,NOM
Lybrand_Permafrost_BOG_11_H2O_10Dec19_Alder_Infuse_p1_1_01_50266.zip,nmdc:bsm-11-fcn4wj44,Lybrand_Permafrost_BOG_11,high,ProcessedSample6_NOM,NOM
Lybrand_Permafrost_BOG_12_CHCl3_13Dec19_Alder_Infuse_p08_1_01_50496.zip,nmdc:bsm-11-gf6wk484,Lybrand_Permafrost_BOG_12,high,ProcessedSample5_NOM,NOM
Lybrand_Permafrost_BOG_12_H2O_10Dec19_Alder_Infuse_p1_1_01_50283.zip,nmdc:bsm-11-gf6wk484,Lybrand_Permafrost_BOG_12,high,ProcessedSample6_NOM,NOM
Lybrand_Permafrost_BOG_13_CHCl3_13Dec19_Alder_Infuse_p08_1_01_50486.zip,nmdc:bsm-11-beyrfr12,Lybrand_Permafrost_BOG_13,high,ProcessedSample5_NOM,NOM
Lybrand_Permafrost_BOG_13_H2O_10Dec19_Alder_Infuse_p1_1_01_50273.zip,nmdc:bsm-11-beyrfr12,Lybrand_Permafrost_BOG_13,high,ProcessedSample6_NOM,NOM
Lybrand_Permafrost_BOG_14_CHCl3_13Dec19_Alder_Infuse_p08_1_01_50495.zip,nmdc:bsm-11-6aqn1d84,Lybrand_Permafrost_BOG_14,high,ProcessedSample5_NOM,NOM
Lybrand_Permafrost_BOG_14_H2O_10Dec19_Alder_Infuse_p1_1_01_50282.zip,nmdc:bsm-11-6aqn1d84,Lybrand_Permafrost_BOG_14,high,ProcessedSample6_NOM,NOM
Lybrand_Permafrost_BOG_15_CHCl3_13Dec19_Alder_Infuse_p08_1_01_50492.zip,nmdc:bsm-11-62ms6432,Lybrand_Permafrost_BOG_15,high,ProcessedSample5_NOM,NOM
Lybrand_Permafrost_BOG_15_H2O_10Dec19_Alder_Infuse_p1_1_01_50279.zip,nmdc:bsm-11-62ms6432,Lybrand_Permafrost_BOG_15,high,ProcessedSample6_NOM,NOM
Lybrand_Permafrost_BOG_16_CHCl3_13Dec19_Alder_Infuse_p08_1_01_50488.zip,nmdc:bsm-11-kbd2sh75,Lybrand_Permafrost_BOG_16,high,ProcessedSample5_NOM,NOM
Lybrand_Permafrost_BOG_16_H2O_10Dec19_Alder_Infuse_p1_1_01_50275.zip,nmdc:bsm-11-kbd2sh75,Lybrand_Permafrost_BOG_16,high,ProcessedSample6_NOM,NOM
Lybrand_Permafrost_BOG_18_CHCl3_13Dec19_Alder_Infuse_p08_1_01_50487.zip,nmdc:bsm-11-wfembd06,Lybrand_Permafrost_BOG_18,high,ProcessedSample5_NOM,NOM
Lybrand_Permafrost_BOG_18_H2O_10Dec19_Alder_Infuse_p1_1_01_50274.zip,nmdc:bsm-11-wfembd06,Lybrand_Permafrost_BOG_18,high,ProcessedSample6_NOM,NOM
Lybrand_Permafrost_BOG_19_CHCl3_13Dec19_Alder_Infuse_p08_1_01_50482.zip,nmdc:bsm-11-3zk3cr38,Lybrand_Permafrost_BOG_19,high,ProcessedSample5_NOM,NOM
Lybrand_Permafrost_BOG_19_H2O_10Dec19_Alder_Infuse_p1_1_01_50269.zip,nmdc:bsm-11-3zk3cr38,Lybrand_Permafrost_BOG_19,high,ProcessedSample6_NOM,NOM
Lybrand_Permafrost_BOG_21_CHCl3_13Dec19_Alder_Infuse_p08_1_01_50494.zip,nmdc:bsm-11-68fav565,Lybrand_Permafrost_BOG_21,high,ProcessedSample5_NOM,NOM
Lybrand_Permafrost_BOG_21_H2O_10Dec19_Alder_Infuse_p1_1_01_50281.zip,nmdc:bsm-11-68fav565,Lybrand_Permafrost_BOG_21,high,ProcessedSample6_NOM,NOM
Lybrand_FT_08_PW_21Aug19_Alder_Infuse_IATp1_1_01_47677.zip,nmdc:bsm-11-g4awg313,Lybrand_FT_08,high,ProcessedSample8_NOM,NOM
Lybrand_FT_23_PW_21Aug19_Alder_Infuse_IATp1_1_01_47678.zip,nmdc:bsm-11-mm9emb03,Lybrand_FT_23,high,ProcessedSample8_NOM,NOM
Lybrand_FT_77_PW_10Sept19_IATp1_000001.zip,nmdc:bsm-11-c2dcay73,Lybrand_FT_77,high,ProcessedSample8_NOM,NOM
Lybrand_FT_77_PW_10Sept19_IATp3_000001.zip,nmdc:bsm-11-c2dcay73,Lybrand_FT_77,high,ProcessedSample8_NOM,NOM
Lybrand_FT_80_PW_10Sept19_IATp1_000001.zip,nmdc:bsm-11-2rx2v171,Lybrand_FT_80,high,ProcessedSample8_NOM,NOM
Lybrand_FT_81_PW_10Sept19_IATp1_000001.zip,nmdc:bsm-11-xvnjap82,Lybrand_FT_81,high,ProcessedSample8_NOM,NOM
Lybrand_GHG_04_C_30Aug19_Alder_Infuse_p05_1_01_47968.zip,nmdc:bsm-11-mnt6wk49,Lybrand_GHG_04,high,ProcessedSample5_NOM,NOM
Lybrand_GHG_05_C_30Aug19_Alder_Infuse_p05_1_01_47969.zip,nmdc:bsm-11-2qvytb70,Lybrand_GHG_05,high,ProcessedSample5_NOM,NOM
Lybrand_GHG_06_C_30Aug19_Alder_Infuse_p05_1_01_47970.zip,nmdc:bsm-11-z058tx70,Lybrand_GHG_06,high,ProcessedSample5_NOM,NOM
Lybrand_GHG_07_C_30Aug19_Alder_Infuse_p05_1_01_47971.zip,nmdc:bsm-11-kszcr583,Lybrand_GHG_07,high,ProcessedSample5_NOM,NOM
Lybrand_GHG_08_C_30Aug19_Alder_Infuse_p05_1_01_47972.zip,nmdc:bsm-11-c7x56n64,Lybrand_GHG_08,high,ProcessedSample5_NOM,NOM
Lybrand_GHG_10_C_30Aug19_Alder_Infuse_p05_1_01_47974.zip,nmdc:bsm-11-a5qmsk75,Lybrand_GHG_10,high,ProcessedSample5_NOM,NOM
Lybrand_GHG_10_W_27Aug19_Alder_Infuse_p2_000001.zip,nmdc:bsm-11-a5qmsk75,Lybrand_GHG_10,high,ProcessedSample6_NOM,NOM
Lybrand_GHG_14_C_30Aug19_Alder_Infuse_p05_1_01_47978.zip,nmdc:bsm-11-5ab1d781,Lybrand_GHG_14,high,ProcessedSample5_NOM,NOM
Lybrand_GHG_14_W_27Aug19_Alder_Infuse_p2_000001.zip,nmdc:bsm-11-5ab1d781,Lybrand_GHG_14,high,ProcessedSample6_NOM,NOM
Lybrand_GHG_16_C_30Aug19_Alder_Infuse_p05_1_01_47982.zip,nmdc:bsm-11-bd4dae45,Lybrand_GHG_16,high,ProcessedSample5_NOM,NOM
Lybrand_GHG_16_W_27Aug19_Alder_Infuse_p2_000001.zip,nmdc:bsm-11-bd4dae45,Lybrand_GHG_16,high,ProcessedSample6_NOM,NOM
Lybrand_GHG_17_C_30Aug19_Alder_Infuse_p05_1_01_47983.zip,nmdc:bsm-11-c59t0s62,Lybrand_GHG_17,high,ProcessedSample5_NOM,NOM
Lybrand_GHG_17_W_27Aug19_Alder_Infuse_p2_000001.zip,nmdc:bsm-11-c59t0s62,Lybrand_GHG_17,high,ProcessedSample6_NOM,NOM
Lybrand_GHG_19_C_30Aug19_Alder_Infuse_p05_1_01_47985.zip,nmdc:bsm-11-6tyygj74,Lybrand_GHG_19,high,ProcessedSample5_NOM,NOM
Lybrand_GHG_19_W_27Aug19_Alder_Infuse_p1_000001.zip,nmdc:bsm-11-6tyygj74,Lybrand_GHG_19,high,ProcessedSample6_NOM,NOM
Lybrand_GHG_22_C_30Aug19_Alder_Infuse_p05_1_01_47988.zip,nmdc:bsm-11-3cpn7p52,Lybrand_GHG_22,high,ProcessedSample5_NOM,NOM
Lybrand_GHG_22_W_28Aug19_Alder_Infuse_p2_000001.zip,nmdc:bsm-11-3cpn7p52,Lybrand_GHG_22,high,ProcessedSample6_NOM,NOM
Lybrand_GHG_23_C_30Aug19_Alder_Infuse_p05_1_01_47989.zip,nmdc:bsm-11-he7tyj67,Lybrand_GHG_23,high,ProcessedSample5_NOM,NOM
Lybrand_GHG_23_W_28Aug19_Alder_Infuse_p2_000001.zip,nmdc:bsm-11-he7tyj67,Lybrand_GHG_23,high,ProcessedSample6_NOM,NOM
Lybrand_GHG_24_C_30Aug19_Alder_Infuse_p05_1_01_47990.zip,nmdc:bsm-11-5x1tcz23,Lybrand_GHG_24,high,ProcessedSample5_NOM,NOM
Lybrand_GHG_24_W_28Aug19_Alder_Infuse_p2_000001.zip,nmdc:bsm-11-5x1tcz23,Lybrand_GHG_24,high,ProcessedSample6_NOM,NOM
Lybrand_GHG_25_C_30Aug19_Alder_Infuse_p05_1_01_47991.zip,nmdc:bsm-11-zdzkng74,Lybrand_GHG_25,high,ProcessedSample5_NOM,NOM
Lybrand_GHG_25_W_28Aug19_Alder_Infuse_p2_000001.zip,nmdc:bsm-11-zdzkng74,Lybrand_GHG_25,high,ProcessedSample6_NOM,NOM
Lybrand_GHG_26_C_30Aug19_Alder_Infuse_p05_1_01_47992.zip,nmdc:bsm-11-tpdee537,Lybrand_GHG_26,high,ProcessedSample5_NOM,NOM
Lybrand_GHG_26_W_28Aug19_Alder_Infuse_p2_000001.zip,nmdc:bsm-11-tpdee537,Lybrand_GHG_26,high,ProcessedSample6_NOM,NOM
Lybrand_GHG_27_C_30Aug19_Alder_Infuse_p05_1_01_47993.zip,nmdc:bsm-11-cx48f717,Lybrand_GHG_27,high,ProcessedSample5_NOM,NOM
Lybrand_GHG_27_W_28Aug19_Alder_Infuse_p2_000001.zip,nmdc:bsm-11-cx48f717,Lybrand_GHG_27,high,ProcessedSample6_NOM,NOM
Lybrand_GHG_28_C_30Aug19_Alder_Infuse_p05_1_01_47994.zip,nmdc:bsm-11-5f882a33,Lybrand_GHG_28,high,ProcessedSample5_NOM,NOM
Lybrand_GHG_28_W_28Aug19_Alder_Infuse_p2_000001.zip,nmdc:bsm-11-5f882a33,Lybrand_GHG_28,high,ProcessedSample6_NOM,NOM
Lybrand_GHG_29_C_30Aug19_Alder_Infuse_p05_1_01_47995.zip,nmdc:bsm-11-jwx5gc50,Lybrand_GHG_29,high,ProcessedSample5_NOM,NOM
Lybrand_GHG_29_W_28Aug19_Alder_Infuse_p2_000001.zip,nmdc:bsm-11-jwx5gc50,Lybrand_GHG_29,high,ProcessedSample6_NOM,NOM
Lybrand_GHG_4_W_27Aug19_Alder_Infuse_p2_000001.zip,nmdc:bsm-11-mnt6wk49,Lybrand_GHG_04,high,ProcessedSample6_NOM,NOM
Lybrand_GHG_5_W_27Aug19_Alder_Infuse_p2_000001.zip,nmdc:bsm-11-2qvytb70,Lybrand_GHG_05,high,ProcessedSample6_NOM,NOM
Lybrand_GHG_6_W_27Aug19_Alder_Infuse_p2_000001.zip,nmdc:bsm-11-z058tx70,Lybrand_GHG_06,high,ProcessedSample6_NOM,NOM
Lybrand_GHG_7_W_27Aug19_Alder_Infuse_p1_000001.zip,nmdc:bsm-11-kszcr583,Lybrand_GHG_07,high,ProcessedSample6_NOM,NOM
Lybrand_GHG_8_W_27Aug19_Alder_Infuse_p2_000001.zip,nmdc:bsm-11-c7x56n64,Lybrand_GHG_08,high,ProcessedSample6_NOM,NOM
Lybrand_Permafrost_FB_1_CHCl3_13Dec19_Alder_Infuse_p08_1_01_50504.zip,nmdc:bsm-11-4hqyvq36,Lybrand_Permafrost_FB_1,high,ProcessedSample5_NOM,NOM
Lybrand_Permafrost_FB_1_H2O_11Dec19_Alder_Infuse_p3_1_01_50351.zip,nmdc:bsm-11-4hqyvq36,Lybrand_Permafrost_FB_1,high,ProcessedSample6_NOM,NOM
Lybrand_Permafrost_FB_2_CHCl3_13Dec19_Alder_Infuse_p08_1_01_50503.zip,nmdc:bsm-11-14hxc920,Lybrand_Permafrost_FB_2,high,ProcessedSample5_NOM,NOM
Lybrand_Permafrost_FB_2_H2O_11Dec19_Alder_Infuse_p3_1_01_50350.zip,nmdc:bsm-11-14hxc920,Lybrand_Permafrost_FB_2,high,ProcessedSample6_NOM,NOM
Lybrand_Permafrost_FB_3_CHCl3_13Dec19_Alder_Infuse_p08_1_01_50501.zip,nmdc:bsm-11-9d3bnb32,Lybrand_Permafrost_FB_3,high,ProcessedSample5_NOM,NOM
Lybrand_Permafrost_FB_3_H2O_11Dec19_Alder_Infuse_p3_1_01_50348.zip,nmdc:bsm-11-9d3bnb32,Lybrand_Permafrost_FB_3,high,ProcessedSample6_NOM,NOM
Lybrand_Permafrost_FB_4_CHCl3_13Dec19_Alder_Infuse_p08_1_01_50502.zip,nmdc:bsm-11-f2d61z81,Lybrand_Permafrost_FB_4,high,ProcessedSample5_NOM,NOM
Lybrand_Permafrost_FB_4_H2O_11Dec19_Alder_Infuse_p3_1_01_50349.zip,nmdc:bsm-11-f2d61z81,Lybrand_Permafrost_FB_4,high,ProcessedSample6_NOM,NOM
Lybrand_Permafrost_LC_01_CHCl3_13Dec19_Alder_Infuse_p08_1_01_50505.zip,nmdc:bsm-11-ts14qh55,Lybrand_Permafrost_LC_01,high,ProcessedSample5_NOM,NOM
Lybrand_Permafrost_LC_01_H2O_11Dec19_Alder_Infuse_p3_1_01_50352.zip,nmdc:bsm-11-ts14qh55,Lybrand_Permafrost_LC_01,high,ProcessedSample6_NOM,NOM
Lybrand_Permafrost_LC_02_CHCl3_13Dec19_Alder_Infuse_p08_1_01_50506.zip,nmdc:bsm-11-dh031a34,Lybrand_Permafrost_LC_02,high,ProcessedSample5_NOM,NOM
Lybrand_Permafrost_LC_02_H2O_11Dec19_Alder_Infuse_p3_1_01_50353.zip,nmdc:bsm-11-dh031a34,Lybrand_Permafrost_LC_02,high,ProcessedSample6_NOM,NOM
