file_path,file_name,file_size_bytes
/Volumes/LaCie/nmdc_data/pettridge_11_076c9980/raw/20190103_KBL_JP_502924_Soil_13CFlux_QE-139_HILIC_USHGX01163_POS_MSMS_GRE-MB-103_statanox-12C-anox-23-000_2_Rg70to1050-CE102040-76-S1_Run203.mzML,20190103_KBL_JP_502924_Soil_13CFlux_QE-139_HILIC_USHGX01163_POS_MSMS_GRE-MB-103_statanox-12C-anox-23-000_2_Rg70to1050-CE102040-76-S1_Run203.mzML,64341327
/Volumes/LaCie/nmdc_data/pettridge_11_076c9980/raw/20190103_KBL_JP_502924_Soil_13CFlux_QE-139_HILIC_USHGX01163_POS_MSMS_GRE-MB-039_flux8day-12C-anox-36-000_3_Rg70to1050-CE102040-36-S1_Run313.mzML,20190103_KBL_JP_502924_Soil_13CFlux_QE-139_HILIC_USHGX01163_POS_MSMS_GRE-MB-039_flux8day-12C-anox-36-000_3_Rg70to1050-CE102040-36-S1_Run313.mzML,63092249
/Volumes/LaCie/nmdc_data/pettridge_11_076c9980/raw/20190103_KBL_JP_502924_Soil_13CFlux_QE-139_HILIC_USHGX01163_NEG_MSMS_GRE-MB-056_flux8day-13C-oxic-44-000_5_Rg70to1050-CE102040-47-S1_Run390.mzML,20190103_KBL_JP_502924_Soil_13CFlux_QE-139_HILIC_USHGX01163_NEG_MSMS_GRE-MB-056_flux8day-13C-oxic-44-000_5_Rg70to1050-CE102040-47-S1_Run390.mzML,64378762
/Volumes/LaCie/nmdc_data/pettridge_11_076c9980/raw/20190103_KBL_JP_502924_Soil_13CFlux_QE-139_HILIC_USHGX01163_NEG_MSMS_GRE-MB-063_statoxic-13C-oxic-44-000_1_Rg70to1050-CE102040-51-S1_Run70.mzML,20190103_KBL_JP_502924_Soil_13CFlux_QE-139_HILIC_USHGX01163_NEG_MSMS_GRE-MB-063_statoxic-13C-oxic-44-000_1_Rg70to1050-CE102040-51-S1_Run70.mzML,62561120
/Volumes/LaCie/nmdc_data/pettridge_11_076c9980/raw/20190103_KBL_JP_502924_Soil_13CFlux_QE-139_HILIC_USHGX01163_NEG_MSMS_GRE-MB-055_flux8day-13C-oxic-44-000_4_Rg70to1050-CE102040-46-S1_Run372.mzML,20190103_KBL_JP_502924_Soil_13CFlux_QE-139_HILIC_USHGX01163_NEG_MSMS_GRE-MB-055_flux8day-13C-oxic-44-000_4_Rg70to1050-CE102040-46-S1_Run372.mzML,63593216
/Volumes/LaCie/nmdc_data/pettridge_11_076c9980/raw/20190103_KBL_JP_502924_Soil_13CFlux_QE-139_HILIC_USHGX01163_NEG_MSMS_GRE-MB-003_flux8day-12C-anox-12-000_3_Rg70to1050-CE102040-3-S1_Run285.mzML,20190103_KBL_JP_502924_Soil_13CFlux_QE-139_HILIC_USHGX01163_NEG_MSMS_GRE-MB-003_flux8day-12C-anox-12-000_3_Rg70to1050-CE102040-3-S1_Run285.mzML,62242939
/Volumes/LaCie/nmdc_data/pettridge_11_076c9980/raw/20190103_KBL_JP_502924_Soil_13CFlux_QE-139_HILIC_USHGX01163_NEG_MSMS_GRE-MB-011_flux8day-12C-oxic-12-030_3_Rg70to1050-CE102040-11-S1_Run337.mzML,20190103_KBL_JP_502924_Soil_13CFlux_QE-139_HILIC_USHGX01163_NEG_MSMS_GRE-MB-011_flux8day-12C-oxic-12-030_3_Rg70to1050-CE102040-11-S1_Run337.mzML,62859634
/Volumes/LaCie/nmdc_data/pettridge_11_076c9980/raw/20190103_KBL_JP_502924_Soil_13CFlux_QE-139_HILIC_USHGX01163_POS_MSMS_GRE-MB-031_flux8day-12C-oxic-23-210_1_Rg70to1050-CE102040-29-S1_Run46.mzML,20190103_KBL_JP_502924_Soil_13CFlux_QE-139_HILIC_USHGX01163_POS_MSMS_GRE-MB-031_flux8day-12C-oxic-23-210_1_Rg70to1050-CE102040-29-S1_Run46.mzML,62789908
/Volumes/LaCie/nmdc_data/pettridge_11_076c9980/raw/20190103_KBL_JP_502924_Soil_13CFlux_QE-139_HILIC_USHGX01163_NEG_MSMS_GRE-MB-054_flux8day-13C-oxic-44-000_3_Rg70to1050-CE102040-45-S1_Run279.mzML,20190103_KBL_JP_502924_Soil_13CFlux_QE-139_HILIC_USHGX01163_NEG_MSMS_GRE-MB-054_flux8day-13C-oxic-44-000_3_Rg70to1050-CE102040-45-S1_Run279.mzML,64247503
/Volumes/LaCie/nmdc_data/pettridge_11_076c9980/raw/20190103_KBL_JP_502924_Soil_13CFlux_QE-139_HILIC_USHGX01163_POS_MSMS_GRE-MB-113_pretreat-00C-anox-00-000_2_Rg70to1050-CE102040-86-S1_Run209.mzML,20190103_KBL_JP_502924_Soil_13CFlux_QE-139_HILIC_USHGX01163_POS_MSMS_GRE-MB-113_pretreat-00C-anox-00-000_2_Rg70to1050-CE102040-86-S1_Run209.mzML,64679032
/Volumes/LaCie/nmdc_data/pettridge_11_076c9980/raw/20190103_KBL_JP_502924_Soil_13CFlux_QE-139_HILIC_USHGX01163_NEG_MSMS_GRE-MB-083_statoxic-12C-oxic-44-000_2_Rg70to1050-CE102040-65-S1_Run137.mzML,20190103_KBL_JP_502924_Soil_13CFlux_QE-139_HILIC_USHGX01163_NEG_MSMS_GRE-MB-083_statoxic-12C-oxic-44-000_2_Rg70to1050-CE102040-65-S1_Run137.mzML,62727391
/Volumes/LaCie/nmdc_data/pettridge_11_076c9980/raw/20190103_KBL_JP_502924_Soil_13CFlux_QE-139_HILIC_USHGX01163_NEG_MSMS_GRE-MB-113_pretreat-00C-anox-00-000_2_Rg70to1050-CE102040-86-S1_Run210.mzML,20190103_KBL_JP_502924_Soil_13CFlux_QE-139_HILIC_USHGX01163_NEG_MSMS_GRE-MB-113_pretreat-00C-anox-00-000_2_Rg70to1050-CE102040-86-S1_Run210.mzML,63906467
/Volumes/LaCie/nmdc_data/pettridge_11_076c9980/raw/20190103_KBL_JP_502924_Soil_13CFlux_QE-139_HILIC_USHGX01163_NEG_MSMS_GRE-MB-077_statoxic-12C-oxic-36-000_1_Rg70to1050-CE102040-59-S1_Run76.mzML,20190103_KBL_JP_502924_Soil_13CFlux_QE-139_HILIC_USHGX01163_NEG_MSMS_GRE-MB-077_statoxic-12C-oxic-36-000_1_Rg70to1050-CE102040-59-S1_Run76.mzML,62342074
/Volumes/LaCie/nmdc_data/pettridge_11_076c9980/raw/20190103_KBL_JP_502924_Soil_13CFlux_QE-139_HILIC_USHGX01163_NEG_MSMS_GRE-MB-080_statoxic-12C-oxic-44-000_4_Rg70to1050-CE102040-62-S1_Run378.mzML,20190103_KBL_JP_502924_Soil_13CFlux_QE-139_HILIC_USHGX01163_NEG_MSMS_GRE-MB-080_statoxic-12C-oxic-44-000_4_Rg70to1050-CE102040-62-S1_Run378.mzML,63637257
/Volumes/LaCie/nmdc_data/pettridge_11_076c9980/raw/20190103_KBL_JP_502924_Soil_13CFlux_QE-139_HILIC_USHGX01163_POS_MSMS_GRE-MB-176_flux8day-12C-oxic-44-000_4_Rg70to1050-CE102040-114-S1_Run357.mzML,20190103_KBL_JP_502924_Soil_13CFlux_QE-139_HILIC_USHGX01163_POS_MSMS_GRE-MB-176_flux8day-12C-oxic-44-000_4_Rg70to1050-CE102040-114-S1_Run357.mzML,64428717
/Volumes/LaCie/nmdc_data/pettridge_11_076c9980/raw/20190103_KBL_JP_502924_Soil_13CFlux_QE-139_HILIC_USHGX01163_POS_MSMS_GRE-MB-063_statoxic-13C-oxic-44-000_1_Rg70to1050-CE102040-51-S1_Run69.mzML,20190103_KBL_JP_502924_Soil_13CFlux_QE-139_HILIC_USHGX01163_POS_MSMS_GRE-MB-063_statoxic-13C-oxic-44-000_1_Rg70to1050-CE102040-51-S1_Run69.mzML,62438699
/Volumes/LaCie/nmdc_data/pettridge_11_076c9980/raw/20190103_KBL_JP_502924_Soil_13CFlux_QE-139_HILIC_USHGX01163_POS_MSMS_GRE-MB-167_flux4day-13C-oxic-44-000_4_Rg70to1050-CE102040-105-S1_Run380.mzML,20190103_KBL_JP_502924_Soil_13CFlux_QE-139_HILIC_USHGX01163_POS_MSMS_GRE-MB-167_flux4day-13C-oxic-44-000_4_Rg70to1050-CE102040-105-S1_Run380.mzML,63332033
/Volumes/LaCie/nmdc_data/pettridge_11_076c9980/raw/20190103_KBL_JP_502924_Soil_13CFlux_QE-139_HILIC_USHGX01163_NEG_MSMS_GRE-MB-175_flux8day-12C-oxic-44-000_2_Rg70to1050-CE102040-113-S1_Run201.mzML,20190103_KBL_JP_502924_Soil_13CFlux_QE-139_HILIC_USHGX01163_NEG_MSMS_GRE-MB-175_flux8day-12C-oxic-44-000_2_Rg70to1050-CE102040-113-S1_Run201.mzML,62499809
/Volumes/LaCie/nmdc_data/pettridge_11_076c9980/raw/20190103_KBL_JP_502924_Soil_13CFlux_QE-139_HILIC_USHGX01163_POS_MSMS_GRE-MB-081_statoxic-12C-oxic-44-000_1_Rg70to1050-CE102040-63-S1_Run78.mzML,20190103_KBL_JP_502924_Soil_13CFlux_QE-139_HILIC_USHGX01163_POS_MSMS_GRE-MB-081_statoxic-12C-oxic-44-000_1_Rg70to1050-CE102040-63-S1_Run78.mzML,62402606
/Volumes/LaCie/nmdc_data/pettridge_11_076c9980/raw/20190103_KBL_JP_502924_Soil_13CFlux_QE-139_HILIC_USHGX01163_NEG_MSMS_GRE-MB-051_flux8day-13C-oxic-33-000_3_Rg70to1050-CE102040-42-S1_Run250.mzML,20190103_KBL_JP_502924_Soil_13CFlux_QE-139_HILIC_USHGX01163_NEG_MSMS_GRE-MB-051_flux8day-13C-oxic-33-000_3_Rg70to1050-CE102040-42-S1_Run250.mzML,65198568
/Volumes/LaCie/nmdc_data/pettridge_11_076c9980/raw/20190103_KBL_JP_502924_Soil_13CFlux_QE-139_HILIC_USHGX01163_NEG_MSMS_GRE-MB-088_statanox-13C-anox-44-000_4_Rg70to1050-CE102040-70-S1_Run364.mzML,20190103_KBL_JP_502924_Soil_13CFlux_QE-139_HILIC_USHGX01163_NEG_MSMS_GRE-MB-088_statanox-13C-anox-44-000_4_Rg70to1050-CE102040-70-S1_Run364.mzML,64698669
/Volumes/LaCie/nmdc_data/pettridge_11_076c9980/raw/20190103_KBL_JP_502924_Soil_13CFlux_QE-139_HILIC_USHGX01163_POS_MSMS_ExCtrl-182_ExCtrl_3_Rg70to1050-CE102040-120-S1_Run255.mzML,20190103_KBL_JP_502924_Soil_13CFlux_QE-139_HILIC_USHGX01163_POS_MSMS_ExCtrl-182_ExCtrl_3_Rg70to1050-CE102040-120-S1_Run255.mzML,60254731
/Volumes/LaCie/nmdc_data/pettridge_11_076c9980/raw/20190103_KBL_JP_502924_Soil_13CFlux_QE-139_HILIC_USHGX01163_NEG_MSMS_GRE-MB-104_statanox-12C-anox-23-000_3_Rg70to1050-CE102040-77-S1_Run282.mzML,20190103_KBL_JP_502924_Soil_13CFlux_QE-139_HILIC_USHGX01163_NEG_MSMS_GRE-MB-104_statanox-12C-anox-23-000_3_Rg70to1050-CE102040-77-S1_Run282.mzML,64755313
/Volumes/LaCie/nmdc_data/pettridge_11_076c9980/raw/20190103_KBL_JP_502924_Soil_13CFlux_QE-139_HILIC_USHGX01163_POS_MSMS_GRE-MB-145_flux4day-12C-oxic-23-210_1_Rg70to1050-CE102040-96-S1_Run110.mzML,20190103_KBL_JP_502924_Soil_13CFlux_QE-139_HILIC_USHGX01163_POS_MSMS_GRE-MB-145_flux4day-12C-oxic-23-210_1_Rg70to1050-CE102040-96-S1_Run110.mzML,63285791
/Volumes/LaCie/nmdc_data/pettridge_11_076c9980/raw/20190103_KBL_JP_502924_Soil_13CFlux_QE-139_HILIC_USHGX01163_POS_MSMS_GRE-MB-016_flux8day-12C-oxic-20-000_2_Rg70to1050-CE102040-16-S1_Run206.mzML,20190103_KBL_JP_502924_Soil_13CFlux_QE-139_HILIC_USHGX01163_POS_MSMS_GRE-MB-016_flux8day-12C-oxic-20-000_2_Rg70to1050-CE102040-16-S1_Run206.mzML,64096511
/Volumes/LaCie/nmdc_data/pettridge_11_076c9980/raw/20190103_KBL_JP_502924_Soil_13CFlux_QE-139_HILIC_USHGX01163_NEG_MSMS_12C-plant_unk_1_Rg70to1050-CE102040-125-S1_Run410.mzML,20190103_KBL_JP_502924_Soil_13CFlux_QE-139_HILIC_USHGX01163_NEG_MSMS_12C-plant_unk_1_Rg70to1050-CE102040-125-S1_Run410.mzML,60492987
/Volumes/LaCie/nmdc_data/pettridge_11_076c9980/raw/20190103_KBL_JP_502924_Soil_13CFlux_QE-139_HILIC_USHGX01163_POS_MSMS_GRE-MB-116_flux4day-13C-oxic-44-000_1_Rg70to1050-CE102040-89-S1_Run101.mzML,20190103_KBL_JP_502924_Soil_13CFlux_QE-139_HILIC_USHGX01163_POS_MSMS_GRE-MB-116_flux4day-13C-oxic-44-000_1_Rg70to1050-CE102040-89-S1_Run101.mzML,63963393
/Volumes/LaCie/nmdc_data/pettridge_11_076c9980/raw/20190103_KBL_JP_502924_Soil_13CFlux_QE-139_HILIC_USHGX01163_NEG_MSMS_GRE-MB-049_flux8day-13C-oxic-33-000_1_Rg70to1050-CE102040-40-S1_Run59.mzML,20190103_KBL_JP_502924_Soil_13CFlux_QE-139_HILIC_USHGX01163_NEG_MSMS_GRE-MB-049_flux8day-13C-oxic-33-000_1_Rg70to1050-CE102040-40-S1_Run59.mzML,63079744
/Volumes/LaCie/nmdc_data/pettridge_11_076c9980/raw/20190103_KBL_JP_502924_Soil_13CFlux_QE-139_HILIC_USHGX01163_NEG_MSMS_GRE-MB-144_flux4day-12C-oxic-23-030_2_Rg70to1050-CE102040-95-S1_Run160.mzML,20190103_KBL_JP_502924_Soil_13CFlux_QE-139_HILIC_USHGX01163_NEG_MSMS_GRE-MB-144_flux4day-12C-oxic-23-030_2_Rg70to1050-CE102040-95-S1_Run160.mzML,63059681
/Volumes/LaCie/nmdc_data/pettridge_11_076c9980/raw/20190103_KBL_JP_502924_Soil_13CFlux_QE-139_HILIC_USHGX01163_POS_MSMS_GRE-MB-028_flux8day-12C-oxic-23-030_1_Rg70to1050-CE102040-26-S1_Run43.mzML,20190103_KBL_JP_502924_Soil_13CFlux_QE-139_HILIC_USHGX01163_POS_MSMS_GRE-MB-028_flux8day-12C-oxic-23-030_1_Rg70to1050-CE102040-26-S1_Run43.mzML,62387637
/Volumes/LaCie/nmdc_data/pettridge_11_076c9980/raw/20190103_KBL_JP_502924_Soil_13CFlux_QE-139_HILIC_USHGX01163_POS_MSMS_GRE-MB-091_statanox-13C-anox-36-000_2_Rg70to1050-CE102040-73-S1_Run226.mzML,20190103_KBL_JP_502924_Soil_13CFlux_QE-139_HILIC_USHGX01163_POS_MSMS_GRE-MB-091_statanox-13C-anox-36-000_2_Rg70to1050-CE102040-73-S1_Run226.mzML,65209616
/Volumes/LaCie/nmdc_data/pettridge_11_076c9980/raw/20190103_KBL_JP_502924_Soil_13CFlux_QE-139_HILIC_USHGX01163_POS_MSMS_GRE-MB-117_flux4day-13C-oxic-44-000_2_Rg70to1050-CE102040-90-S1_Run162.mzML,20190103_KBL_JP_502924_Soil_13CFlux_QE-139_HILIC_USHGX01163_POS_MSMS_GRE-MB-117_flux4day-13C-oxic-44-000_2_Rg70to1050-CE102040-90-S1_Run162.mzML,63917542
/Volumes/LaCie/nmdc_data/pettridge_11_076c9980/raw/20190103_KBL_JP_502924_Soil_13CFlux_QE-139_HILIC_USHGX01163_POS_MSMS_GRE-MB-007_pretreat-00C-oxic-00-210_1_Rg70to1050-CE102040-7-S1_Run20.mzML,20190103_KBL_JP_502924_Soil_13CFlux_QE-139_HILIC_USHGX01163_POS_MSMS_GRE-MB-007_pretreat-00C-oxic-00-210_1_Rg70to1050-CE102040-7-S1_Run20.mzML,62230521
/Volumes/LaCie/nmdc_data/pettridge_11_076c9980/raw/20190103_KBL_JP_502924_Soil_13CFlux_QE-139_HILIC_USHGX01163_NEG_MSMS_GRE-MB-012_flux8day-12C-oxic-12-210_1_Rg70to1050-CE102040-12-S1_Run27.mzML,20190103_KBL_JP_502924_Soil_13CFlux_QE-139_HILIC_USHGX01163_NEG_MSMS_GRE-MB-012_flux8day-12C-oxic-12-210_1_Rg70to1050-CE102040-12-S1_Run27.mzML,61890538
/Volumes/LaCie/nmdc_data/pettridge_11_076c9980/raw/20190103_KBL_JP_502924_Soil_13CFlux_QE-139_HILIC_USHGX01163_NEG_MSMS_GRE-MB-014_flux8day-12C-oxic-12-210_3_Rg70to1050-CE102040-14-S1_Run334.mzML,20190103_KBL_JP_502924_Soil_13CFlux_QE-139_HILIC_USHGX01163_NEG_MSMS_GRE-MB-014_flux8day-12C-oxic-12-210_3_Rg70to1050-CE102040-14-S1_Run334.mzML,62605034
/Volumes/LaCie/nmdc_data/pettridge_11_076c9980/raw/20190103_KBL_JP_502924_Soil_13CFlux_QE-139_HILIC_USHGX01163_POS_MSMS_GRE-MB-001_flux8day-12C-anox-12-000_1_Rg70to1050-CE102040-1-S1_Run14.mzML,20190103_KBL_JP_502924_Soil_13CFlux_QE-139_HILIC_USHGX01163_POS_MSMS_GRE-MB-001_flux8day-12C-anox-12-000_1_Rg70to1050-CE102040-1-S1_Run14.mzML,61179545
/Volumes/LaCie/nmdc_data/pettridge_11_076c9980/raw/20190103_KBL_JP_502924_Soil_13CFlux_QE-139_HILIC_USHGX01163_POS_MSMS_GRE-MB-163_flux4day-13C-oxic-36-000_1_Rg70to1050-CE102040-101-S1_Run116.mzML,20190103_KBL_JP_502924_Soil_13CFlux_QE-139_HILIC_USHGX01163_POS_MSMS_GRE-MB-163_flux4day-13C-oxic-36-000_1_Rg70to1050-CE102040-101-S1_Run116.mzML,63334859
/Volumes/LaCie/nmdc_data/pettridge_11_076c9980/raw/20190103_KBL_JP_502924_Soil_13CFlux_QE-139_HILIC_USHGX01163_POS_MSMS_GRE-MB-168_flux4day-13C-oxic-44-000_5_Rg70to1050-CE102040-106-S1_Run386.mzML,20190103_KBL_JP_502924_Soil_13CFlux_QE-139_HILIC_USHGX01163_POS_MSMS_GRE-MB-168_flux4day-13C-oxic-44-000_5_Rg70to1050-CE102040-106-S1_Run386.mzML,62628771
/Volumes/LaCie/nmdc_data/pettridge_11_076c9980/raw/20190103_KBL_JP_502924_Soil_13CFlux_QE-139_HILIC_USHGX01163_NEG_MSMS_GRE-MB-061_statoxic-13C-oxic-36-000_2_Rg70to1050-CE102040-49-S1_Run218.mzML,20190103_KBL_JP_502924_Soil_13CFlux_QE-139_HILIC_USHGX01163_NEG_MSMS_GRE-MB-061_statoxic-13C-oxic-36-000_2_Rg70to1050-CE102040-49-S1_Run218.mzML,63612934
/Volumes/LaCie/nmdc_data/pettridge_11_076c9980/raw/20190103_KBL_JP_502924_Soil_13CFlux_QE-139_HILIC_USHGX01163_NEG_MSMS_GRE-MB-041_flux8day-12C-oxic-36-030_2_Rg70to1050-CE102040-38-S1_Run128.mzML,20190103_KBL_JP_502924_Soil_13CFlux_QE-139_HILIC_USHGX01163_NEG_MSMS_GRE-MB-041_flux8day-12C-oxic-36-030_2_Rg70to1050-CE102040-38-S1_Run128.mzML,62396110
/Volumes/LaCie/nmdc_data/pettridge_11_076c9980/raw/20190103_KBL_JP_502924_Soil_13CFlux_QE-139_HILIC_USHGX01163_NEG_MSMS_GRE-MB-109_statanox-12C-anox-44-000_1_Rg70to1050-CE102040-82-S1_Run94.mzML,20190103_KBL_JP_502924_Soil_13CFlux_QE-139_HILIC_USHGX01163_NEG_MSMS_GRE-MB-109_statanox-12C-anox-44-000_1_Rg70to1050-CE102040-82-S1_Run94.mzML,63220003
/Volumes/LaCie/nmdc_data/pettridge_11_076c9980/raw/20190103_KBL_JP_502924_Soil_13CFlux_QE-139_HILIC_USHGX01163_POS_MSMS_GRE-MB-009_flux8day-12C-oxic-12-030_1_Rg70to1050-CE102040-9-S1_Run23.mzML,20190103_KBL_JP_502924_Soil_13CFlux_QE-139_HILIC_USHGX01163_POS_MSMS_GRE-MB-009_flux8day-12C-oxic-12-030_1_Rg70to1050-CE102040-9-S1_Run23.mzML,62641387
/Volumes/LaCie/nmdc_data/pettridge_11_076c9980/raw/20190103_KBL_JP_502924_Soil_13CFlux_QE-139_HILIC_USHGX01163_NEG_MSMS_GRE-MB-078_statoxic-12C-oxic-36-000_2_Rg70to1050-CE102040-60-S1_Run181.mzML,20190103_KBL_JP_502924_Soil_13CFlux_QE-139_HILIC_USHGX01163_NEG_MSMS_GRE-MB-078_statoxic-12C-oxic-36-000_2_Rg70to1050-CE102040-60-S1_Run181.mzML,62734347
/Volumes/LaCie/nmdc_data/pettridge_11_076c9980/raw/20190103_KBL_JP_502924_Soil_13CFlux_QE-139_HILIC_USHGX01163_POS_MSMS_13C-plant_unk_1_Rg70to1050-CE102040-126-S1_Run415.mzML,20190103_KBL_JP_502924_Soil_13CFlux_QE-139_HILIC_USHGX01163_POS_MSMS_13C-plant_unk_1_Rg70to1050-CE102040-126-S1_Run415.mzML,64263802
/Volumes/LaCie/nmdc_data/pettridge_11_076c9980/raw/20190103_KBL_JP_502924_Soil_13CFlux_QE-139_HILIC_USHGX01163_POS_MSMS_12C-plant_unk_1_Rg70to1050-CE102040-125-S1_Run409.mzML,20190103_KBL_JP_502924_Soil_13CFlux_QE-139_HILIC_USHGX01163_POS_MSMS_12C-plant_unk_1_Rg70to1050-CE102040-125-S1_Run409.mzML,64193968
/Volumes/LaCie/nmdc_data/pettridge_11_076c9980/raw/20190103_KBL_JP_502924_Soil_13CFlux_QE-139_HILIC_USHGX01163_POS_MSMS_GRE-MB-050_flux8day-13C-oxic-33-000_2_Rg70to1050-CE102040-41-S1_Run188.mzML,20190103_KBL_JP_502924_Soil_13CFlux_QE-139_HILIC_USHGX01163_POS_MSMS_GRE-MB-050_flux8day-13C-oxic-33-000_2_Rg70to1050-CE102040-41-S1_Run188.mzML,65190889
/Volumes/LaCie/nmdc_data/pettridge_11_076c9980/raw/20190103_KBL_JP_502924_Soil_13CFlux_QE-139_HILIC_USHGX01163_NEG_MSMS_GRE-MB-170_flux4day-12C-oxic-44-000_4_Rg70to1050-CE102040-108-S1_Run375.mzML,20190103_KBL_JP_502924_Soil_13CFlux_QE-139_HILIC_USHGX01163_NEG_MSMS_GRE-MB-170_flux4day-12C-oxic-44-000_4_Rg70to1050-CE102040-108-S1_Run375.mzML,63830178
/Volumes/LaCie/nmdc_data/pettridge_11_076c9980/raw/20190103_KBL_JP_502924_Soil_13CFlux_QE-139_HILIC_USHGX01163_NEG_MSMS_GRE-MB-002_flux8day-12C-anox-12-000_2_Rg70to1050-CE102040-2-S1_Run192.mzML,20190103_KBL_JP_502924_Soil_13CFlux_QE-139_HILIC_USHGX01163_NEG_MSMS_GRE-MB-002_flux8day-12C-anox-12-000_2_Rg70to1050-CE102040-2-S1_Run192.mzML,62066587
/Volumes/LaCie/nmdc_data/pettridge_11_076c9980/raw/20190103_KBL_JP_502924_Soil_13CFlux_QE-139_HILIC_USHGX01163_NEG_MSMS_GRE-MB-005_pretreat-00C-oxic-00-030_3_Rg70to1050-CE102040-5-S1_Run305.mzML,20190103_KBL_JP_502924_Soil_13CFlux_QE-139_HILIC_USHGX01163_NEG_MSMS_GRE-MB-005_pretreat-00C-oxic-00-030_3_Rg70to1050-CE102040-5-S1_Run305.mzML,62334810
/Volumes/LaCie/nmdc_data/pettridge_11_076c9980/raw/20190103_KBL_JP_502924_Soil_13CFlux_QE-139_HILIC_USHGX01163_NEG_MSMS_GRE-MB-089_statanox-13C-anox-44-000_5_Rg70to1050-CE102040-71-S1_Run384.mzML,20190103_KBL_JP_502924_Soil_13CFlux_QE-139_HILIC_USHGX01163_NEG_MSMS_GRE-MB-089_statanox-13C-anox-44-000_5_Rg70to1050-CE102040-71-S1_Run384.mzML,64503624
/Volumes/LaCie/nmdc_data/pettridge_11_076c9980/raw/20190103_KBL_JP_502924_Soil_13CFlux_QE-139_HILIC_USHGX01163_NEG_MSMS_GRE-MB-020_flux8day-12C-anox-20-030_3_Rg70to1050-CE102040-19-S1_Run294.mzML,20190103_KBL_JP_502924_Soil_13CFlux_QE-139_HILIC_USHGX01163_NEG_MSMS_GRE-MB-020_flux8day-12C-anox-20-030_3_Rg70to1050-CE102040-19-S1_Run294.mzML,62342390
/Volumes/LaCie/nmdc_data/pettridge_11_076c9980/raw/20190103_KBL_JP_502924_Soil_13CFlux_QE-139_HILIC_USHGX01163_POS_MSMS_GRE-MB-092_statanox-13C-anox-36-000_3_Rg70to1050-CE102040-74-S1_Run296.mzML,20190103_KBL_JP_502924_Soil_13CFlux_QE-139_HILIC_USHGX01163_POS_MSMS_GRE-MB-092_statanox-13C-anox-36-000_3_Rg70to1050-CE102040-74-S1_Run296.mzML,63974009
/Volumes/LaCie/nmdc_data/pettridge_11_076c9980/raw/20190103_KBL_JP_502924_Soil_13CFlux_QE-139_HILIC_USHGX01163_POS_MSMS_GRE-MB-079_statoxic-12C-oxic-36-000_3_Rg70to1050-CE102040-61-S1_Run319.mzML,20190103_KBL_JP_502924_Soil_13CFlux_QE-139_HILIC_USHGX01163_POS_MSMS_GRE-MB-079_statoxic-12C-oxic-36-000_3_Rg70to1050-CE102040-61-S1_Run319.mzML,63472488
/Volumes/LaCie/nmdc_data/pettridge_11_076c9980/raw/20190103_KBL_JP_502924_Soil_13CFlux_QE-139_HILIC_USHGX01163_POS_MSMS_GRE-MB-003_flux8day-12C-anox-12-000_3_Rg70to1050-CE102040-3-S1_Run284.mzML,20190103_KBL_JP_502924_Soil_13CFlux_QE-139_HILIC_USHGX01163_POS_MSMS_GRE-MB-003_flux8day-12C-anox-12-000_3_Rg70to1050-CE102040-3-S1_Run284.mzML,63355434
/Volumes/LaCie/nmdc_data/pettridge_11_076c9980/raw/20190103_KBL_JP_502924_Soil_13CFlux_QE-139_HILIC_USHGX01163_NEG_MSMS_GRE-MB-145_flux4day-12C-oxic-23-210_1_Rg70to1050-CE102040-96-S1_Run111.mzML,20190103_KBL_JP_502924_Soil_13CFlux_QE-139_HILIC_USHGX01163_NEG_MSMS_GRE-MB-145_flux4day-12C-oxic-23-210_1_Rg70to1050-CE102040-96-S1_Run111.mzML,62070738
/Volumes/LaCie/nmdc_data/pettridge_11_076c9980/raw/20190103_KBL_JP_502924_Soil_13CFlux_QE-139_HILIC_USHGX01163_POS_MSMS_GRE-MB-085_statanox-13C-anox-44-000_1_Rg70to1050-CE102040-67-S1_Run81.mzML,20190103_KBL_JP_502924_Soil_13CFlux_QE-139_HILIC_USHGX01163_POS_MSMS_GRE-MB-085_statanox-13C-anox-44-000_1_Rg70to1050-CE102040-67-S1_Run81.mzML,63087336
/Volumes/LaCie/nmdc_data/pettridge_11_076c9980/raw/20190103_KBL_JP_502924_Soil_13CFlux_QE-139_HILIC_USHGX01163_POS_MSMS_GRE-MB-106_statanox-12C-anox-36-000_2_Rg70to1050-CE102040-79-S1_Run232.mzML,20190103_KBL_JP_502924_Soil_13CFlux_QE-139_HILIC_USHGX01163_POS_MSMS_GRE-MB-106_statanox-12C-anox-36-000_2_Rg70to1050-CE102040-79-S1_Run232.mzML,64771617
/Volumes/LaCie/nmdc_data/pettridge_11_076c9980/raw/20190103_KBL_JP_502924_Soil_13CFlux_QE-139_HILIC_USHGX01163_NEG_MSMS_GRE-MB-053_flux8day-13C-oxic-44-000_2_Rg70to1050-CE102040-44-S1_Run146.mzML,20190103_KBL_JP_502924_Soil_13CFlux_QE-139_HILIC_USHGX01163_NEG_MSMS_GRE-MB-053_flux8day-13C-oxic-44-000_2_Rg70to1050-CE102040-44-S1_Run146.mzML,62859987
/Volumes/LaCie/nmdc_data/pettridge_11_076c9980/raw/20190103_KBL_JP_502924_Soil_13CFlux_QE-139_HILIC_USHGX01163_POS_MSMS_GRE-MB-108_statanox-12C-anox-44-000_4_Rg70to1050-CE102040-81-S1_Run366.mzML,20190103_KBL_JP_502924_Soil_13CFlux_QE-139_HILIC_USHGX01163_POS_MSMS_GRE-MB-108_statanox-12C-anox-44-000_4_Rg70to1050-CE102040-81-S1_Run366.mzML,63563425
/Volumes/LaCie/nmdc_data/pettridge_11_076c9980/raw/20190103_KBL_JP_502924_Soil_13CFlux_QE-139_HILIC_USHGX01163_NEG_MSMS_GRE-MB-015_flux8day-12C-oxic-20-000_1_Rg70to1050-CE102040-15-S1_Run30.mzML,20190103_KBL_JP_502924_Soil_13CFlux_QE-139_HILIC_USHGX01163_NEG_MSMS_GRE-MB-015_flux8day-12C-oxic-20-000_1_Rg70to1050-CE102040-15-S1_Run30.mzML,61648646
/Volumes/LaCie/nmdc_data/pettridge_11_076c9980/raw/20190103_KBL_JP_502924_Soil_13CFlux_QE-139_HILIC_USHGX01163_POS_MSMS_GRE-MB-006_pretreat-00C-oxic-00-030_2_Rg70to1050-CE102040-6-S1_Run223.mzML,20190103_KBL_JP_502924_Soil_13CFlux_QE-139_HILIC_USHGX01163_POS_MSMS_GRE-MB-006_pretreat-00C-oxic-00-030_2_Rg70to1050-CE102040-6-S1_Run223.mzML,63641500
/Volumes/LaCie/nmdc_data/pettridge_11_076c9980/raw/20190103_KBL_JP_502924_Soil_13CFlux_QE-139_HILIC_USHGX01163_POS_MSMS_GRE-MB-102_statanox-12C-anox-23-000_1_Rg70to1050-CE102040-75-S1_Run87.mzML,20190103_KBL_JP_502924_Soil_13CFlux_QE-139_HILIC_USHGX01163_POS_MSMS_GRE-MB-102_statanox-12C-anox-23-000_1_Rg70to1050-CE102040-75-S1_Run87.mzML,64467428
/Volumes/LaCie/nmdc_data/pettridge_11_076c9980/raw/20190103_KBL_JP_502924_Soil_13CFlux_QE-139_HILIC_USHGX01163_NEG_MSMS_GRE-MB-004_pretreat-00C-oxic-00-030_1_Rg70to1050-CE102040-4-S1_Run18.mzML,20190103_KBL_JP_502924_Soil_13CFlux_QE-139_HILIC_USHGX01163_NEG_MSMS_GRE-MB-004_pretreat-00C-oxic-00-030_1_Rg70to1050-CE102040-4-S1_Run18.mzML,61085363
/Volumes/LaCie/nmdc_data/pettridge_11_076c9980/raw/20190103_KBL_JP_502924_Soil_13CFlux_QE-139_HILIC_USHGX01163_NEG_MSMS_GRE-MB-023_flux8day-12C-anox-20-210_2_Rg70to1050-CE102040-21-S1_Run140.mzML,20190103_KBL_JP_502924_Soil_13CFlux_QE-139_HILIC_USHGX01163_NEG_MSMS_GRE-MB-023_flux8day-12C-anox-20-210_2_Rg70to1050-CE102040-21-S1_Run140.mzML,63189338
/Volumes/LaCie/nmdc_data/pettridge_11_076c9980/raw/20190103_KBL_JP_502924_Soil_13CFlux_QE-139_HILIC_USHGX01163_POS_MSMS_GRE-MB-104_statanox-12C-anox-23-000_3_Rg70to1050-CE102040-77-S1_Run281.mzML,20190103_KBL_JP_502924_Soil_13CFlux_QE-139_HILIC_USHGX01163_POS_MSMS_GRE-MB-104_statanox-12C-anox-23-000_3_Rg70to1050-CE102040-77-S1_Run281.mzML,64322280
/Volumes/LaCie/nmdc_data/pettridge_11_076c9980/raw/20190103_KBL_JP_502924_Soil_13CFlux_QE-139_HILIC_USHGX01163_NEG_MSMS_GRE-MB-038_flux8day-12C-anox-36-000_2_Rg70to1050-CE102040-35-S1_Run131.mzML,20190103_KBL_JP_502924_Soil_13CFlux_QE-139_HILIC_USHGX01163_NEG_MSMS_GRE-MB-038_flux8day-12C-anox-36-000_2_Rg70to1050-CE102040-35-S1_Run131.mzML,61836193
/Volumes/LaCie/nmdc_data/pettridge_11_076c9980/raw/20190103_KBL_JP_502924_Soil_13CFlux_QE-139_HILIC_USHGX01163_NEG_MSMS_GRE-MB-000_unk_1_Rg70to1050-CE102040-121-S1_Run346.mzML,20190103_KBL_JP_502924_Soil_13CFlux_QE-139_HILIC_USHGX01163_NEG_MSMS_GRE-MB-000_unk_1_Rg70to1050-CE102040-121-S1_Run346.mzML,62901674
/Volumes/LaCie/nmdc_data/pettridge_11_076c9980/raw/20190103_KBL_JP_502924_Soil_13CFlux_QE-139_HILIC_USHGX01163_NEG_MSMS_GRE-MB-007_pretreat-00C-oxic-00-210_1_Rg70to1050-CE102040-7-S1_Run21.mzML,20190103_KBL_JP_502924_Soil_13CFlux_QE-139_HILIC_USHGX01163_NEG_MSMS_GRE-MB-007_pretreat-00C-oxic-00-210_1_Rg70to1050-CE102040-7-S1_Run21.mzML,62352436
/Volumes/LaCie/nmdc_data/pettridge_11_076c9980/raw/20190103_KBL_JP_502924_Soil_13CFlux_QE-139_HILIC_USHGX01163_POS_MSMS_GRE-MB-026_flux8day-12C-anox-23-000_2_Rg70to1050-CE102040-24-S1_Run174.mzML,20190103_KBL_JP_502924_Soil_13CFlux_QE-139_HILIC_USHGX01163_POS_MSMS_GRE-MB-026_flux8day-12C-anox-23-000_2_Rg70to1050-CE102040-24-S1_Run174.mzML,63598923
/Volumes/LaCie/nmdc_data/pettridge_11_076c9980/raw/20190103_KBL_JP_502924_Soil_13CFlux_QE-139_HILIC_USHGX01163_NEG_MSMS_GRE-MB-081_statoxic-12C-oxic-44-000_1_Rg70to1050-CE102040-63-S1_Run79.mzML,20190103_KBL_JP_502924_Soil_13CFlux_QE-139_HILIC_USHGX01163_NEG_MSMS_GRE-MB-081_statoxic-12C-oxic-44-000_1_Rg70to1050-CE102040-63-S1_Run79.mzML,61338647
/Volumes/LaCie/nmdc_data/pettridge_11_076c9980/raw/20190103_KBL_JP_502924_Soil_13CFlux_QE-139_HILIC_USHGX01163_POS_MSMS_GRE-MB-087_statanox-13C-anox-44-000_3_Rg70to1050-CE102040-69-S1_Run310.mzML,20190103_KBL_JP_502924_Soil_13CFlux_QE-139_HILIC_USHGX01163_POS_MSMS_GRE-MB-087_statanox-13C-anox-44-000_3_Rg70to1050-CE102040-69-S1_Run310.mzML,63467665
/Volumes/LaCie/nmdc_data/pettridge_11_076c9980/raw/20190103_KBL_JP_502924_Soil_13CFlux_QE-139_HILIC_USHGX01163_POS_MSMS_GRE-MB-164_flux4day-13C-oxic-36-000_2_Rg70to1050-CE102040-102-S1_Run177.mzML,20190103_KBL_JP_502924_Soil_13CFlux_QE-139_HILIC_USHGX01163_POS_MSMS_GRE-MB-164_flux4day-13C-oxic-36-000_2_Rg70to1050-CE102040-102-S1_Run177.mzML,64028171
/Volumes/LaCie/nmdc_data/pettridge_11_076c9980/raw/20190103_KBL_JP_502924_Soil_13CFlux_QE-139_HILIC_USHGX01163_POS_MSMS_GRE-MB-150_flux4day-12C-oxic-36-000_3_Rg70to1050-CE102040-100-S1_Run290.mzML,20190103_KBL_JP_502924_Soil_13CFlux_QE-139_HILIC_USHGX01163_POS_MSMS_GRE-MB-150_flux4day-12C-oxic-36-000_3_Rg70to1050-CE102040-100-S1_Run290.mzML,63416864
/Volumes/LaCie/nmdc_data/pettridge_11_076c9980/raw/20190103_KBL_JP_502924_Soil_13CFlux_QE-139_HILIC_USHGX01163_NEG_MSMS_GRE-MB-024_flux8day-12C-anox-20-210_3_Rg70to1050-CE102040-22-S1_Run273.mzML,20190103_KBL_JP_502924_Soil_13CFlux_QE-139_HILIC_USHGX01163_NEG_MSMS_GRE-MB-024_flux8day-12C-anox-20-210_3_Rg70to1050-CE102040-22-S1_Run273.mzML,60968577
/Volumes/LaCie/nmdc_data/pettridge_11_076c9980/raw/20190103_KBL_JP_502924_Soil_13CFlux_QE-139_HILIC_USHGX01163_NEG_MSMS_GRE-MB-067_statoxic-13C-oxic-44-000_5_Rg70to1050-CE102040-55-S1_Run396.mzML,20190103_KBL_JP_502924_Soil_13CFlux_QE-139_HILIC_USHGX01163_NEG_MSMS_GRE-MB-067_statoxic-13C-oxic-44-000_5_Rg70to1050-CE102040-55-S1_Run396.mzML,63781214
/Volumes/LaCie/nmdc_data/pettridge_11_076c9980/raw/20190103_KBL_JP_502924_Soil_13CFlux_QE-139_HILIC_USHGX01163_NEG_MSMS_GRE-MB-009_flux8day-12C-oxic-12-030_1_Rg70to1050-CE102040-9-S1_Run24.mzML,20190103_KBL_JP_502924_Soil_13CFlux_QE-139_HILIC_USHGX01163_NEG_MSMS_GRE-MB-009_flux8day-12C-oxic-12-030_1_Rg70to1050-CE102040-9-S1_Run24.mzML,62015193
/Volumes/LaCie/nmdc_data/pettridge_11_076c9980/raw/20190103_KBL_JP_502924_Soil_13CFlux_QE-139_HILIC_USHGX01163_POS_MSMS_GRE-MB-075_statoxic-12C-oxic-23-000_2_Rg70to1050-CE102040-57-S1_Run142.mzML,20190103_KBL_JP_502924_Soil_13CFlux_QE-139_HILIC_USHGX01163_POS_MSMS_GRE-MB-075_statoxic-12C-oxic-23-000_2_Rg70to1050-CE102040-57-S1_Run142.mzML,63520637
/Volumes/LaCie/nmdc_data/pettridge_11_076c9980/raw/20190103_KBL_JP_502924_Soil_13CFlux_QE-139_HILIC_USHGX01163_NEG_MSMS_GRE-MB-091_statanox-13C-anox-36-000_2_Rg70to1050-CE102040-73-S1_Run227.mzML,20190103_KBL_JP_502924_Soil_13CFlux_QE-139_HILIC_USHGX01163_NEG_MSMS_GRE-MB-091_statanox-13C-anox-36-000_2_Rg70to1050-CE102040-73-S1_Run227.mzML,66487985
/Volumes/LaCie/nmdc_data/pettridge_11_076c9980/raw/20190103_KBL_JP_502924_Soil_13CFlux_QE-139_HILIC_USHGX01163_NEG_MSMS_GRE-MB-165_flux4day-13C-oxic-36-000_3_Rg70to1050-CE102040-103-S1_Run262.mzML,20190103_KBL_JP_502924_Soil_13CFlux_QE-139_HILIC_USHGX01163_NEG_MSMS_GRE-MB-165_flux4day-13C-oxic-36-000_3_Rg70to1050-CE102040-103-S1_Run262.mzML,63565422
/Volumes/LaCie/nmdc_data/pettridge_11_076c9980/raw/20190103_KBL_JP_502924_Soil_13CFlux_QE-139_HILIC_USHGX01163_POS_MSMS_GRE-MB-175_flux8day-12C-oxic-44-000_2_Rg70to1050-CE102040-113-S1_Run200.mzML,20190103_KBL_JP_502924_Soil_13CFlux_QE-139_HILIC_USHGX01163_POS_MSMS_GRE-MB-175_flux8day-12C-oxic-44-000_2_Rg70to1050-CE102040-113-S1_Run200.mzML,63314314
/Volumes/LaCie/nmdc_data/pettridge_11_076c9980/raw/20190103_KBL_JP_502924_Soil_13CFlux_QE-139_HILIC_USHGX01163_POS_MSMS_GRE-MB-002_flux8day-12C-anox-12-000_2_Rg70to1050-CE102040-2-S1_Run191.mzML,20190103_KBL_JP_502924_Soil_13CFlux_QE-139_HILIC_USHGX01163_POS_MSMS_GRE-MB-002_flux8day-12C-anox-12-000_2_Rg70to1050-CE102040-2-S1_Run191.mzML,63744487
/Volumes/LaCie/nmdc_data/pettridge_11_076c9980/raw/20190103_KBL_JP_502924_Soil_13CFlux_QE-139_HILIC_USHGX01163_POS_MSMS_GRE-MB-019_flux8day-12C-anox-20-030_2_Rg70to1050-CE102040-18-S1_Run194.mzML,20190103_KBL_JP_502924_Soil_13CFlux_QE-139_HILIC_USHGX01163_POS_MSMS_GRE-MB-019_flux8day-12C-anox-20-030_2_Rg70to1050-CE102040-18-S1_Run194.mzML,63903068
/Volumes/LaCie/nmdc_data/pettridge_11_076c9980/raw/20190103_KBL_JP_502924_Soil_13CFlux_QE-139_HILIC_USHGX01163_POS_MSMS_GRE-MB-034_flux8day-12C-oxic-33-000_1_Rg70to1050-CE102040-31-S1_Run49.mzML,20190103_KBL_JP_502924_Soil_13CFlux_QE-139_HILIC_USHGX01163_POS_MSMS_GRE-MB-034_flux8day-12C-oxic-33-000_1_Rg70to1050-CE102040-31-S1_Run49.mzML,62779980
/Volumes/LaCie/nmdc_data/pettridge_11_076c9980/raw/20190103_KBL_JP_502924_Soil_13CFlux_QE-139_HILIC_USHGX01163_POS_MSMS_GRE-MB-041_flux8day-12C-oxic-36-030_2_Rg70to1050-CE102040-38-S1_Run127.mzML,20190103_KBL_JP_502924_Soil_13CFlux_QE-139_HILIC_USHGX01163_POS_MSMS_GRE-MB-041_flux8day-12C-oxic-36-030_2_Rg70to1050-CE102040-38-S1_Run127.mzML,62515721
/Volumes/LaCie/nmdc_data/pettridge_11_076c9980/raw/20190103_KBL_JP_502924_Soil_13CFlux_QE-139_HILIC_USHGX01163_POS_MSMS_GRE-MB-095_unk_1_Rg70to1050-CE102040-123-S1_Run351.mzML,20190103_KBL_JP_502924_Soil_13CFlux_QE-139_HILIC_USHGX01163_POS_MSMS_GRE-MB-095_unk_1_Rg70to1050-CE102040-123-S1_Run351.mzML,64530638
/Volumes/LaCie/nmdc_data/pettridge_11_076c9980/raw/20190103_KBL_JP_502924_Soil_13CFlux_QE-139_HILIC_USHGX01163_POS_MSMS_GRE-MB-179_pretreat-00C-oxic-00-210_3_Rg70to1050-CE102040-117-S1_Run252.mzML,20190103_KBL_JP_502924_Soil_13CFlux_QE-139_HILIC_USHGX01163_POS_MSMS_GRE-MB-179_pretreat-00C-oxic-00-210_3_Rg70to1050-CE102040-117-S1_Run252.mzML,63325435
/Volumes/LaCie/nmdc_data/pettridge_11_076c9980/raw/20190103_KBL_JP_502924_Soil_13CFlux_QE-139_HILIC_USHGX01163_POS_MSMS_GRE-MB-020_flux8day-12C-anox-20-030_3_Rg70to1050-CE102040-19-S1_Run293.mzML,20190103_KBL_JP_502924_Soil_13CFlux_QE-139_HILIC_USHGX01163_POS_MSMS_GRE-MB-020_flux8day-12C-anox-20-030_3_Rg70to1050-CE102040-19-S1_Run293.mzML,62953151
/Volumes/LaCie/nmdc_data/pettridge_11_076c9980/raw/20190103_KBL_JP_502924_Soil_13CFlux_QE-139_HILIC_USHGX01163_NEG_MSMS_GRE-MB-105_statanox-12C-anox-36-000_1_Rg70to1050-CE102040-78-S1_Run91.mzML,20190103_KBL_JP_502924_Soil_13CFlux_QE-139_HILIC_USHGX01163_NEG_MSMS_GRE-MB-105_statanox-12C-anox-36-000_1_Rg70to1050-CE102040-78-S1_Run91.mzML,64548057
/Volumes/LaCie/nmdc_data/pettridge_11_076c9980/raw/20190103_KBL_JP_502924_Soil_13CFlux_QE-139_HILIC_USHGX01163_NEG_MSMS_GRE-MB-174_flux8day-12C-oxic-44-000_1_Rg70to1050-CE102040-112-S1_Run123.mzML,20190103_KBL_JP_502924_Soil_13CFlux_QE-139_HILIC_USHGX01163_NEG_MSMS_GRE-MB-174_flux8day-12C-oxic-44-000_1_Rg70to1050-CE102040-112-S1_Run123.mzML,61608488
/Volumes/LaCie/nmdc_data/pettridge_11_076c9980/raw/20190103_KBL_JP_502924_Soil_13CFlux_QE-139_HILIC_USHGX01163_POS_MSMS_GRE-MB-139_flux4day-12C-anox-23-000_1_Rg70to1050-CE102040-91-S1_Run104.mzML,20190103_KBL_JP_502924_Soil_13CFlux_QE-139_HILIC_USHGX01163_POS_MSMS_GRE-MB-139_flux4day-12C-anox-23-000_1_Rg70to1050-CE102040-91-S1_Run104.mzML,63261978
/Volumes/LaCie/nmdc_data/pettridge_11_076c9980/raw/20190103_KBL_JP_502924_Soil_13CFlux_QE-139_HILIC_USHGX01163_NEG_MSMS_GRE-MB-040_flux8day-12C-oxic-36-030_1_Rg70to1050-CE102040-37-S1_Run56.mzML,20190103_KBL_JP_502924_Soil_13CFlux_QE-139_HILIC_USHGX01163_NEG_MSMS_GRE-MB-040_flux8day-12C-oxic-36-030_1_Rg70to1050-CE102040-37-S1_Run56.mzML,61894057
/Volumes/LaCie/nmdc_data/pettridge_11_076c9980/raw/20190103_KBL_JP_502924_Soil_13CFlux_QE-139_HILIC_USHGX01163_POS_MSMS_GRE-MB-052_flux8day-13C-oxic-44-000_1_Rg70to1050-CE102040-43-S1_Run61.mzML,20190103_KBL_JP_502924_Soil_13CFlux_QE-139_HILIC_USHGX01163_POS_MSMS_GRE-MB-052_flux8day-13C-oxic-44-000_1_Rg70to1050-CE102040-43-S1_Run61.mzML,63110834
/Volumes/LaCie/nmdc_data/pettridge_11_076c9980/raw/20170605_KBL_JP_CSPSoilCC_TestEx_PRSoil_QE139-UV_ZHILIC5um200A_715851_POS-MSMS_1_PRSoil-pt5g-H2Oonly___A_102030eV___Run11.mzML,20170605_KBL_JP_CSPSoilCC_TestEx_PRSoil_QE139-UV_ZHILIC5um200A_715851_POS-MSMS_1_PRSoil-pt5g-H2Oonly___A_102030eV___Run11.mzML,122332451
/Volumes/LaCie/nmdc_data/pettridge_11_076c9980/raw/20190103_KBL_JP_502924_Soil_13CFlux_QE-139_HILIC_USHGX01163_POS_MSMS_GRE-MB-076_statoxic-12C-oxic-23-000_3_Rg70to1050-CE102040-58-S1_Run246.mzML,20190103_KBL_JP_502924_Soil_13CFlux_QE-139_HILIC_USHGX01163_POS_MSMS_GRE-MB-076_statoxic-12C-oxic-23-000_3_Rg70to1050-CE102040-58-S1_Run246.mzML,63574694
/Volumes/LaCie/nmdc_data/pettridge_11_076c9980/raw/20190103_KBL_JP_502924_Soil_13CFlux_QE-139_HILIC_USHGX01163_POS_MSMS_GRE-MB-030_flux8day-12C-oxic-23-030_3_Rg70to1050-CE102040-28-S1_Run287.mzML,20190103_KBL_JP_502924_Soil_13CFlux_QE-139_HILIC_USHGX01163_POS_MSMS_GRE-MB-030_flux8day-12C-oxic-23-030_3_Rg70to1050-CE102040-28-S1_Run287.mzML,63040694
/Volumes/LaCie/nmdc_data/pettridge_11_076c9980/raw/20190103_KBL_JP_502924_Soil_13CFlux_QE-139_HILIC_USHGX01163_POS_MSMS_GRE-MB-013_flux8day-12C-oxic-12-210_2_Rg70to1050-CE102040-13-S1_Run238.mzML,20190103_KBL_JP_502924_Soil_13CFlux_QE-139_HILIC_USHGX01163_POS_MSMS_GRE-MB-013_flux8day-12C-oxic-12-210_2_Rg70to1050-CE102040-13-S1_Run238.mzML,65404191
/Volumes/LaCie/nmdc_data/pettridge_11_076c9980/raw/20190103_KBL_JP_502924_Soil_13CFlux_QE-139_HILIC_USHGX01163_NEG_MSMS_GRE-MB-001_flux8day-12C-anox-12-000_1_Rg70to1050-CE102040-1-S1_Run15.mzML,20190103_KBL_JP_502924_Soil_13CFlux_QE-139_HILIC_USHGX01163_NEG_MSMS_GRE-MB-001_flux8day-12C-anox-12-000_1_Rg70to1050-CE102040-1-S1_Run15.mzML,61184972
/Volumes/LaCie/nmdc_data/pettridge_11_076c9980/raw/20190103_KBL_JP_502924_Soil_13CFlux_QE-139_HILIC_USHGX01163_NEG_MSMS_GRE-MB-021_flux8day-12C-anox-20-210_1_Rg70to1050-CE102040-20-S1_Run36.mzML,20190103_KBL_JP_502924_Soil_13CFlux_QE-139_HILIC_USHGX01163_NEG_MSMS_GRE-MB-021_flux8day-12C-anox-20-210_1_Rg70to1050-CE102040-20-S1_Run36.mzML,61410400
/Volumes/LaCie/nmdc_data/pettridge_11_076c9980/raw/20190103_KBL_JP_502924_Soil_13CFlux_QE-139_HILIC_USHGX01163_NEG_MSMS_GRE-MB-142_flux4day-12C-oxic-23-030_1_Rg70to1050-CE102040-94-S1_Run108.mzML,20190103_KBL_JP_502924_Soil_13CFlux_QE-139_HILIC_USHGX01163_NEG_MSMS_GRE-MB-142_flux4day-12C-oxic-23-030_1_Rg70to1050-CE102040-94-S1_Run108.mzML,61454351
/Volumes/LaCie/nmdc_data/pettridge_11_076c9980/raw/20190103_KBL_JP_502924_Soil_13CFlux_QE-139_HILIC_USHGX01163_NEG_MSMS_GRE-MB-087_statanox-13C-anox-44-000_3_Rg70to1050-CE102040-69-S1_Run311.mzML,20190103_KBL_JP_502924_Soil_13CFlux_QE-139_HILIC_USHGX01163_NEG_MSMS_GRE-MB-087_statanox-13C-anox-44-000_3_Rg70to1050-CE102040-69-S1_Run311.mzML,63337494
/Volumes/LaCie/nmdc_data/pettridge_11_076c9980/raw/20190103_KBL_JP_502924_Soil_13CFlux_QE-139_HILIC_USHGX01163_POS_MSMS_GRE-MB-165_flux4day-13C-oxic-36-000_3_Rg70to1050-CE102040-103-S1_Run261.mzML,20190103_KBL_JP_502924_Soil_13CFlux_QE-139_HILIC_USHGX01163_POS_MSMS_GRE-MB-165_flux4day-13C-oxic-36-000_3_Rg70to1050-CE102040-103-S1_Run261.mzML,63334238
/Volumes/LaCie/nmdc_data/pettridge_11_076c9980/raw/20190103_KBL_JP_502924_Soil_13CFlux_QE-139_HILIC_USHGX01163_NEG_MSMS_GRE-MB-092_statanox-13C-anox-36-000_3_Rg70to1050-CE102040-74-S1_Run297.mzML,20190103_KBL_JP_502924_Soil_13CFlux_QE-139_HILIC_USHGX01163_NEG_MSMS_GRE-MB-092_statanox-13C-anox-36-000_3_Rg70to1050-CE102040-74-S1_Run297.mzML,64473991
/Volumes/LaCie/nmdc_data/pettridge_11_076c9980/raw/20190103_KBL_JP_502924_Soil_13CFlux_QE-139_HILIC_USHGX01163_NEG_MSMS_GRE-MB-146_flux4day-12C-oxic-23-210_2_Rg70to1050-CE102040-97-S1_Run230.mzML,20190103_KBL_JP_502924_Soil_13CFlux_QE-139_HILIC_USHGX01163_NEG_MSMS_GRE-MB-146_flux4day-12C-oxic-23-210_2_Rg70to1050-CE102040-97-S1_Run230.mzML,62869578
/Volumes/LaCie/nmdc_data/pettridge_11_076c9980/raw/20190103_KBL_JP_502924_Soil_13CFlux_QE-139_HILIC_USHGX01163_NEG_MSMS_GRE-MB-111_statanox-12C-anox-44-000_5_Rg70to1050-CE102040-84-S1_Run393.mzML,20190103_KBL_JP_502924_Soil_13CFlux_QE-139_HILIC_USHGX01163_NEG_MSMS_GRE-MB-111_statanox-12C-anox-44-000_5_Rg70to1050-CE102040-84-S1_Run393.mzML,64090645
/Volumes/LaCie/nmdc_data/pettridge_11_076c9980/raw/20190103_KBL_JP_502924_Soil_13CFlux_QE-139_HILIC_USHGX01163_NEG_MSMS_GRE-MB-167_flux4day-13C-oxic-44-000_4_Rg70to1050-CE102040-105-S1_Run381.mzML,20190103_KBL_JP_502924_Soil_13CFlux_QE-139_HILIC_USHGX01163_NEG_MSMS_GRE-MB-167_flux4day-13C-oxic-44-000_4_Rg70to1050-CE102040-105-S1_Run381.mzML,64124275
/Volumes/LaCie/nmdc_data/pettridge_11_076c9980/raw/20190103_KBL_JP_502924_Soil_13CFlux_QE-139_HILIC_USHGX01163_POS_MSMS_GRE-MB-173_flux4day-12C-oxic-44-000_3_Rg70to1050-CE102040-111-S1_Run322.mzML,20190103_KBL_JP_502924_Soil_13CFlux_QE-139_HILIC_USHGX01163_POS_MSMS_GRE-MB-173_flux4day-12C-oxic-44-000_3_Rg70to1050-CE102040-111-S1_Run322.mzML,63424545
/Volumes/LaCie/nmdc_data/pettridge_11_076c9980/raw/20190103_KBL_JP_502924_Soil_13CFlux_QE-139_HILIC_USHGX01163_NEG_MSMS_GRE-MB-025_flux8day-12C-anox-23-000_1_Rg70to1050-CE102040-23-S1_Run41.mzML,20190103_KBL_JP_502924_Soil_13CFlux_QE-139_HILIC_USHGX01163_NEG_MSMS_GRE-MB-025_flux8day-12C-anox-23-000_1_Rg70to1050-CE102040-23-S1_Run41.mzML,62077677
/Volumes/LaCie/nmdc_data/pettridge_11_076c9980/raw/20190103_KBL_JP_502924_Soil_13CFlux_QE-139_HILIC_USHGX01163_NEG_MSMS_GRE-MB-172_flux4day-12C-oxic-44-000_5_Rg70to1050-CE102040-110-S1_Run404.mzML,20190103_KBL_JP_502924_Soil_13CFlux_QE-139_HILIC_USHGX01163_NEG_MSMS_GRE-MB-172_flux4day-12C-oxic-44-000_5_Rg70to1050-CE102040-110-S1_Run404.mzML,64452376
/Volumes/LaCie/nmdc_data/pettridge_11_076c9980/raw/20190103_KBL_JP_502924_Soil_13CFlux_QE-139_HILIC_USHGX01163_NEG_MSMS_GRE-MB-085_statanox-13C-anox-44-000_1_Rg70to1050-CE102040-67-S1_Run82.mzML,20190103_KBL_JP_502924_Soil_13CFlux_QE-139_HILIC_USHGX01163_NEG_MSMS_GRE-MB-085_statanox-13C-anox-44-000_1_Rg70to1050-CE102040-67-S1_Run82.mzML,62704379
/Volumes/LaCie/nmdc_data/pettridge_11_076c9980/raw/20190103_KBL_JP_502924_Soil_13CFlux_QE-139_HILIC_USHGX01163_NEG_MSMS_GRE-MB-117_flux4day-13C-oxic-44-000_2_Rg70to1050-CE102040-90-S1_Run163.mzML,20190103_KBL_JP_502924_Soil_13CFlux_QE-139_HILIC_USHGX01163_NEG_MSMS_GRE-MB-117_flux4day-13C-oxic-44-000_2_Rg70to1050-CE102040-90-S1_Run163.mzML,64646741
/Volumes/LaCie/nmdc_data/pettridge_11_076c9980/raw/20190103_KBL_JP_502924_Soil_13CFlux_QE-139_HILIC_USHGX01163_NEG_MSMS_GRE-MB-033_unk_1_Rg70to1050-CE102040-122-S1_Run349.mzML,20190103_KBL_JP_502924_Soil_13CFlux_QE-139_HILIC_USHGX01163_NEG_MSMS_GRE-MB-033_unk_1_Rg70to1050-CE102040-122-S1_Run349.mzML,64068369
/Volumes/LaCie/nmdc_data/pettridge_11_076c9980/raw/20190103_KBL_JP_502924_Soil_13CFlux_QE-139_HILIC_USHGX01163_POS_MSMS_GRE-MB-062_statoxic-13C-oxic-36-000_3_Rg70to1050-CE102040-50-S1_Run325.mzML,20190103_KBL_JP_502924_Soil_13CFlux_QE-139_HILIC_USHGX01163_POS_MSMS_GRE-MB-062_statoxic-13C-oxic-36-000_3_Rg70to1050-CE102040-50-S1_Run325.mzML,64644042
/Volumes/LaCie/nmdc_data/pettridge_11_076c9980/raw/20190103_KBL_JP_502924_Soil_13CFlux_QE-139_HILIC_USHGX01163_NEG_MSMS_GRE-MB-086_statanox-13C-anox-44-000_2_Rg70to1050-CE102040-68-S1_Run152.mzML,20190103_KBL_JP_502924_Soil_13CFlux_QE-139_HILIC_USHGX01163_NEG_MSMS_GRE-MB-086_statanox-13C-anox-44-000_2_Rg70to1050-CE102040-68-S1_Run152.mzML,62055517
/Volumes/LaCie/nmdc_data/pettridge_11_076c9980/raw/20190103_KBL_JP_502924_Soil_13CFlux_QE-139_HILIC_USHGX01163_POS_MSMS_GRE-MB-174_flux8day-12C-oxic-44-000_1_Rg70to1050-CE102040-112-S1_Run122.mzML,20190103_KBL_JP_502924_Soil_13CFlux_QE-139_HILIC_USHGX01163_POS_MSMS_GRE-MB-174_flux8day-12C-oxic-44-000_1_Rg70to1050-CE102040-112-S1_Run122.mzML,63095640
/Volumes/LaCie/nmdc_data/pettridge_11_076c9980/raw/20190103_KBL_JP_502924_Soil_13CFlux_QE-139_HILIC_USHGX01163_NEG_MSMS_GRE-MB-114_pretreat-00C-anox-00-000_3_Rg70to1050-CE102040-87-S1_Run244.mzML,20190103_KBL_JP_502924_Soil_13CFlux_QE-139_HILIC_USHGX01163_NEG_MSMS_GRE-MB-114_pretreat-00C-anox-00-000_3_Rg70to1050-CE102040-87-S1_Run244.mzML,63679614
/Volumes/LaCie/nmdc_data/pettridge_11_076c9980/raw/20190103_KBL_JP_502924_Soil_13CFlux_QE-139_HILIC_USHGX01163_NEG_MSMS_GRE-MB-141_flux4day-12C-anox-23-000_3_Rg70to1050-CE102040-93-S1_Run343.mzML,20190103_KBL_JP_502924_Soil_13CFlux_QE-139_HILIC_USHGX01163_NEG_MSMS_GRE-MB-141_flux4day-12C-anox-23-000_3_Rg70to1050-CE102040-93-S1_Run343.mzML,65661330
/Volumes/LaCie/nmdc_data/pettridge_11_076c9980/raw/20190103_KBL_JP_502924_Soil_13CFlux_QE-139_HILIC_USHGX01163_NEG_MSMS_ExCtrl-182_ExCtrl_3_Rg70to1050-CE102040-120-S1_Run256.mzML,20190103_KBL_JP_502924_Soil_13CFlux_QE-139_HILIC_USHGX01163_NEG_MSMS_ExCtrl-182_ExCtrl_3_Rg70to1050-CE102040-120-S1_Run256.mzML,56135244
/Volumes/LaCie/nmdc_data/pettridge_11_076c9980/raw/20190103_KBL_JP_502924_Soil_13CFlux_QE-139_HILIC_USHGX01163_POS_MSMS_GRE-MB-008_pretreat-00C-oxic-00-210_2_Rg70to1050-CE102040-8-S1_Run168.mzML,20190103_KBL_JP_502924_Soil_13CFlux_QE-139_HILIC_USHGX01163_POS_MSMS_GRE-MB-008_pretreat-00C-oxic-00-210_2_Rg70to1050-CE102040-8-S1_Run168.mzML,62974740
/Volumes/LaCie/nmdc_data/pettridge_11_076c9980/raw/20190103_KBL_JP_502924_Soil_13CFlux_QE-139_HILIC_USHGX01163_NEG_MSMS_GRE-MB-150_flux4day-12C-oxic-36-000_3_Rg70to1050-CE102040-100-S1_Run291.mzML,20190103_KBL_JP_502924_Soil_13CFlux_QE-139_HILIC_USHGX01163_NEG_MSMS_GRE-MB-150_flux4day-12C-oxic-36-000_3_Rg70to1050-CE102040-100-S1_Run291.mzML,64439589
/Volumes/LaCie/nmdc_data/pettridge_11_076c9980/raw/20190103_KBL_JP_502924_Soil_13CFlux_QE-139_HILIC_USHGX01163_NEG_MSMS_GRE-MB-029_flux8day-12C-oxic-23-030_2_Rg70to1050-CE102040-27-S1_Run198.mzML,20190103_KBL_JP_502924_Soil_13CFlux_QE-139_HILIC_USHGX01163_NEG_MSMS_GRE-MB-029_flux8day-12C-oxic-23-030_2_Rg70to1050-CE102040-27-S1_Run198.mzML,58669709
/Volumes/LaCie/nmdc_data/pettridge_11_076c9980/raw/20190103_KBL_JP_502924_Soil_13CFlux_QE-139_HILIC_USHGX01163_NEG_MSMS_GRE-MB-027_flux8day-12C-anox-23-000_3_Rg70to1050-CE102040-25-S1_Run340.mzML,20190103_KBL_JP_502924_Soil_13CFlux_QE-139_HILIC_USHGX01163_NEG_MSMS_GRE-MB-027_flux8day-12C-anox-23-000_3_Rg70to1050-CE102040-25-S1_Run340.mzML,62615980
/Volumes/LaCie/nmdc_data/pettridge_11_076c9980/raw/20190103_KBL_JP_502924_Soil_13CFlux_QE-139_HILIC_USHGX01163_POS_MSMS_GRE-MB-169_flux4day-12C-oxic-44-000_1_Rg70to1050-CE102040-107-S1_Run119.mzML,20190103_KBL_JP_502924_Soil_13CFlux_QE-139_HILIC_USHGX01163_POS_MSMS_GRE-MB-169_flux4day-12C-oxic-44-000_1_Rg70to1050-CE102040-107-S1_Run119.mzML,63599414
/Volumes/LaCie/nmdc_data/pettridge_11_076c9980/raw/20190103_KBL_JP_502924_Soil_13CFlux_QE-139_HILIC_USHGX01163_NEG_MSMS_GRE-MB-102_statanox-12C-anox-23-000_1_Rg70to1050-CE102040-75-S1_Run88.mzML,20190103_KBL_JP_502924_Soil_13CFlux_QE-139_HILIC_USHGX01163_NEG_MSMS_GRE-MB-102_statanox-12C-anox-23-000_1_Rg70to1050-CE102040-75-S1_Run88.mzML,63656046
/Volumes/LaCie/nmdc_data/pettridge_11_076c9980/raw/20190103_KBL_JP_502924_Soil_13CFlux_QE-139_HILIC_USHGX01163_POS_MSMS_GRE-MB-140_flux4day-12C-anox-23-000_2_Rg70to1050-CE102040-92-S1_Run133.mzML,20190103_KBL_JP_502924_Soil_13CFlux_QE-139_HILIC_USHGX01163_POS_MSMS_GRE-MB-140_flux4day-12C-anox-23-000_2_Rg70to1050-CE102040-92-S1_Run133.mzML,63169614
/Volumes/LaCie/nmdc_data/pettridge_11_076c9980/raw/20190103_KBL_JP_502924_Soil_13CFlux_QE-139_HILIC_USHGX01163_NEG_MSMS_GRE-MB-082_statoxic-12C-oxic-44-000_5_Rg70to1050-CE102040-64-S1_Run407.mzML,20190103_KBL_JP_502924_Soil_13CFlux_QE-139_HILIC_USHGX01163_NEG_MSMS_GRE-MB-082_statoxic-12C-oxic-44-000_5_Rg70to1050-CE102040-64-S1_Run407.mzML,63076519
/Volumes/LaCie/nmdc_data/pettridge_11_076c9980/raw/20190103_KBL_JP_502924_Soil_13CFlux_QE-139_HILIC_USHGX01163_POS_MSMS_GRE-MB-000_unk_1_Rg70to1050-CE102040-121-S1_Run345.mzML,20190103_KBL_JP_502924_Soil_13CFlux_QE-139_HILIC_USHGX01163_POS_MSMS_GRE-MB-000_unk_1_Rg70to1050-CE102040-121-S1_Run345.mzML,63587846
/Volumes/LaCie/nmdc_data/pettridge_11_076c9980/raw/20190103_KBL_JP_502924_Soil_13CFlux_QE-139_HILIC_USHGX01163_NEG_MSMS_GRE-MB-140_flux4day-12C-anox-23-000_2_Rg70to1050-CE102040-92-S1_Run134.mzML,20190103_KBL_JP_502924_Soil_13CFlux_QE-139_HILIC_USHGX01163_NEG_MSMS_GRE-MB-140_flux4day-12C-anox-23-000_2_Rg70to1050-CE102040-92-S1_Run134.mzML,61506942
/Volumes/LaCie/nmdc_data/pettridge_11_076c9980/raw/20190103_KBL_JP_502924_Soil_13CFlux_QE-139_HILIC_USHGX01163_NEG_MSMS_GRE-MB-095_unk_1_Rg70to1050-CE102040-123-S1_Run352.mzML,20190103_KBL_JP_502924_Soil_13CFlux_QE-139_HILIC_USHGX01163_NEG_MSMS_GRE-MB-095_unk_1_Rg70to1050-CE102040-123-S1_Run352.mzML,66742243
/Volumes/LaCie/nmdc_data/pettridge_11_076c9980/raw/20190103_KBL_JP_502924_Soil_13CFlux_QE-139_HILIC_USHGX01163_POS_MSMS_GRE-MB-010_flux8day-12C-oxic-12-030_2_Rg70to1050-CE102040-10-S1_Run214.mzML,20190103_KBL_JP_502924_Soil_13CFlux_QE-139_HILIC_USHGX01163_POS_MSMS_GRE-MB-010_flux8day-12C-oxic-12-030_2_Rg70to1050-CE102040-10-S1_Run214.mzML,63198567
/Volumes/LaCie/nmdc_data/pettridge_11_076c9980/raw/20190103_KBL_JP_502924_Soil_13CFlux_QE-139_HILIC_USHGX01163_NEG_MSMS_ExCtrl-181_ExCtrl_2_Rg70to1050-CE102040-119-S1_Run157.mzML,20190103_KBL_JP_502924_Soil_13CFlux_QE-139_HILIC_USHGX01163_NEG_MSMS_ExCtrl-181_ExCtrl_2_Rg70to1050-CE102040-119-S1_Run157.mzML,55809346
/Volumes/LaCie/nmdc_data/pettridge_11_076c9980/raw/20190103_KBL_JP_502924_Soil_13CFlux_QE-139_HILIC_USHGX01163_POS_MSMS_GRE-MB-033_unk_1_Rg70to1050-CE102040-122-S1_Run348.mzML,20190103_KBL_JP_502924_Soil_13CFlux_QE-139_HILIC_USHGX01163_POS_MSMS_GRE-MB-033_unk_1_Rg70to1050-CE102040-122-S1_Run348.mzML,63035322
/Volumes/LaCie/nmdc_data/pettridge_11_076c9980/raw/20190103_KBL_JP_502924_Soil_13CFlux_QE-139_HILIC_USHGX01163_NEG_MSMS_GRE-MB-110_statanox-12C-anox-44-000_2_Rg70to1050-CE102040-83-S1_Run186.mzML,20190103_KBL_JP_502924_Soil_13CFlux_QE-139_HILIC_USHGX01163_NEG_MSMS_GRE-MB-110_statanox-12C-anox-44-000_2_Rg70to1050-CE102040-83-S1_Run186.mzML,64433947
/Volumes/LaCie/nmdc_data/pettridge_11_076c9980/raw/20190103_KBL_JP_502924_Soil_13CFlux_QE-139_HILIC_USHGX01163_NEG_MSMS_GRE-MB-079_statoxic-12C-oxic-36-000_3_Rg70to1050-CE102040-61-S1_Run320.mzML,20190103_KBL_JP_502924_Soil_13CFlux_QE-139_HILIC_USHGX01163_NEG_MSMS_GRE-MB-079_statoxic-12C-oxic-36-000_3_Rg70to1050-CE102040-61-S1_Run320.mzML,63132374
/Volumes/LaCie/nmdc_data/pettridge_11_076c9980/raw/20190103_KBL_JP_502924_Soil_13CFlux_QE-139_HILIC_USHGX01163_POS_MSMS_GRE-MB-055_flux8day-13C-oxic-44-000_4_Rg70to1050-CE102040-46-S1_Run371.mzML,20190103_KBL_JP_502924_Soil_13CFlux_QE-139_HILIC_USHGX01163_POS_MSMS_GRE-MB-055_flux8day-13C-oxic-44-000_4_Rg70to1050-CE102040-46-S1_Run371.mzML,63033633
/Volumes/LaCie/nmdc_data/pettridge_11_076c9980/raw/20170605_KBL_JP_CSPSoilCC_TestEx_PRSoil_QE139-UV_ZHILIC5um200A_715851_NEG-MSMS_1ex_ExBlank-H2Oonly___A_102030eV___Run9.mzML,20170605_KBL_JP_CSPSoilCC_TestEx_PRSoil_QE139-UV_ZHILIC5um200A_715851_NEG-MSMS_1ex_ExBlank-H2Oonly___A_102030eV___Run9.mzML,92529927
/Volumes/LaCie/nmdc_data/pettridge_11_076c9980/raw/20190103_KBL_JP_502924_Soil_13CFlux_QE-139_HILIC_USHGX01163_POS_MSMS_GRE-MB-005_pretreat-00C-oxic-00-030_3_Rg70to1050-CE102040-5-S1_Run304.mzML,20190103_KBL_JP_502924_Soil_13CFlux_QE-139_HILIC_USHGX01163_POS_MSMS_GRE-MB-005_pretreat-00C-oxic-00-030_3_Rg70to1050-CE102040-5-S1_Run304.mzML,62366279
/Volumes/LaCie/nmdc_data/pettridge_11_076c9980/raw/20190103_KBL_JP_502924_Soil_13CFlux_QE-139_HILIC_USHGX01163_POS_MSMS_GRE-MB-012_flux8day-12C-oxic-12-210_1_Rg70to1050-CE102040-12-S1_Run26.mzML,20190103_KBL_JP_502924_Soil_13CFlux_QE-139_HILIC_USHGX01163_POS_MSMS_GRE-MB-012_flux8day-12C-oxic-12-210_1_Rg70to1050-CE102040-12-S1_Run26.mzML,62592511
/Volumes/LaCie/nmdc_data/pettridge_11_076c9980/raw/20190103_KBL_JP_502924_Soil_13CFlux_QE-139_HILIC_USHGX01163_NEG_MSMS_GRE-MB-034_flux8day-12C-oxic-33-000_1_Rg70to1050-CE102040-31-S1_Run50.mzML,20190103_KBL_JP_502924_Soil_13CFlux_QE-139_HILIC_USHGX01163_NEG_MSMS_GRE-MB-034_flux8day-12C-oxic-33-000_1_Rg70to1050-CE102040-31-S1_Run50.mzML,61212396
/Volumes/LaCie/nmdc_data/pettridge_11_076c9980/raw/20190103_KBL_JP_502924_Soil_13CFlux_QE-139_HILIC_USHGX01163_POS_MSMS_GRE-MB-090_statanox-13C-anox-36-000_1_Rg70to1050-CE102040-72-S1_Run84.mzML,20190103_KBL_JP_502924_Soil_13CFlux_QE-139_HILIC_USHGX01163_POS_MSMS_GRE-MB-090_statanox-13C-anox-36-000_1_Rg70to1050-CE102040-72-S1_Run84.mzML,64018013
/Volumes/LaCie/nmdc_data/pettridge_11_076c9980/raw/20190103_KBL_JP_502924_Soil_13CFlux_QE-139_HILIC_USHGX01163_NEG_MSMS_GRE-MB-107_statanox-12C-anox-36-000_3_Rg70to1050-CE102040-80-S1_Run276.mzML,20190103_KBL_JP_502924_Soil_13CFlux_QE-139_HILIC_USHGX01163_NEG_MSMS_GRE-MB-107_statanox-12C-anox-36-000_3_Rg70to1050-CE102040-80-S1_Run276.mzML,63395883
/Volumes/LaCie/nmdc_data/pettridge_11_076c9980/raw/20190103_KBL_JP_502924_Soil_13CFlux_QE-139_HILIC_USHGX01163_POS_MSMS_GRE-MB-027_flux8day-12C-anox-23-000_3_Rg70to1050-CE102040-25-S1_Run339.mzML,20190103_KBL_JP_502924_Soil_13CFlux_QE-139_HILIC_USHGX01163_POS_MSMS_GRE-MB-027_flux8day-12C-anox-23-000_3_Rg70to1050-CE102040-25-S1_Run339.mzML,36700160
/Volumes/LaCie/nmdc_data/pettridge_11_076c9980/raw/20190103_KBL_JP_502924_Soil_13CFlux_QE-139_HILIC_USHGX01163_NEG_MSMS_GRE-MB-042_flux8day-12C-oxic-36-030_3_Rg70to1050-CE102040-39-S1_Run331.mzML,20190103_KBL_JP_502924_Soil_13CFlux_QE-139_HILIC_USHGX01163_NEG_MSMS_GRE-MB-042_flux8day-12C-oxic-36-030_3_Rg70to1050-CE102040-39-S1_Run331.mzML,63122289
/Volumes/LaCie/nmdc_data/pettridge_11_076c9980/raw/20190103_KBL_JP_502924_Soil_13CFlux_QE-139_HILIC_USHGX01163_NEG_MSMS_GRE-MB-060_statoxic-13C-oxic-36-000_1_Rg70to1050-CE102040-48-S1_Run65.mzML,20190103_KBL_JP_502924_Soil_13CFlux_QE-139_HILIC_USHGX01163_NEG_MSMS_GRE-MB-060_statoxic-13C-oxic-36-000_1_Rg70to1050-CE102040-48-S1_Run65.mzML,63181580
/Volumes/LaCie/nmdc_data/pettridge_11_076c9980/raw/20190103_KBL_JP_502924_Soil_13CFlux_QE-139_HILIC_USHGX01163_POS_MSMS_GRE-MB-107_statanox-12C-anox-36-000_3_Rg70to1050-CE102040-80-S1_Run275.mzML,20190103_KBL_JP_502924_Soil_13CFlux_QE-139_HILIC_USHGX01163_POS_MSMS_GRE-MB-107_statanox-12C-anox-36-000_3_Rg70to1050-CE102040-80-S1_Run275.mzML,63586258
/Volumes/LaCie/nmdc_data/pettridge_11_076c9980/raw/20190103_KBL_JP_502924_Soil_13CFlux_QE-139_HILIC_USHGX01163_POS_MSMS_GRE-MB-024_flux8day-12C-anox-20-210_3_Rg70to1050-CE102040-22-S1_Run272.mzML,20190103_KBL_JP_502924_Soil_13CFlux_QE-139_HILIC_USHGX01163_POS_MSMS_GRE-MB-024_flux8day-12C-anox-20-210_3_Rg70to1050-CE102040-22-S1_Run272.mzML,61802486
/Volumes/LaCie/nmdc_data/pettridge_11_076c9980/raw/20190103_KBL_JP_502924_Soil_13CFlux_QE-139_HILIC_USHGX01163_NEG_MSMS_GRE-MB-026_flux8day-12C-anox-23-000_2_Rg70to1050-CE102040-24-S1_Run175.mzML,20190103_KBL_JP_502924_Soil_13CFlux_QE-139_HILIC_USHGX01163_NEG_MSMS_GRE-MB-026_flux8day-12C-anox-23-000_2_Rg70to1050-CE102040-24-S1_Run175.mzML,63325010
/Volumes/LaCie/nmdc_data/pettridge_11_076c9980/raw/20190103_KBL_JP_502924_Soil_13CFlux_QE-139_HILIC_USHGX01163_NEG_MSMS_GRE-MB-149_flux4day-12C-oxic-36-000_2_Rg70to1050-CE102040-99-S1_Run166.mzML,20190103_KBL_JP_502924_Soil_13CFlux_QE-139_HILIC_USHGX01163_NEG_MSMS_GRE-MB-149_flux4day-12C-oxic-36-000_2_Rg70to1050-CE102040-99-S1_Run166.mzML,62621436
/Volumes/LaCie/nmdc_data/pettridge_11_076c9980/raw/20190103_KBL_JP_502924_Soil_13CFlux_QE-139_HILIC_USHGX01163_POS_MSMS_GRE-MB-049_flux8day-13C-oxic-33-000_1_Rg70to1050-CE102040-40-S1_Run58.mzML,20190103_KBL_JP_502924_Soil_13CFlux_QE-139_HILIC_USHGX01163_POS_MSMS_GRE-MB-049_flux8day-13C-oxic-33-000_1_Rg70to1050-CE102040-40-S1_Run58.mzML,63308313
/Volumes/LaCie/nmdc_data/pettridge_11_076c9980/raw/20190103_KBL_JP_502924_Soil_13CFlux_QE-139_HILIC_USHGX01163_POS_MSMS_GRE-MB-060_statoxic-13C-oxic-36-000_1_Rg70to1050-CE102040-48-S1_Run64.mzML,20190103_KBL_JP_502924_Soil_13CFlux_QE-139_HILIC_USHGX01163_POS_MSMS_GRE-MB-060_statoxic-13C-oxic-36-000_1_Rg70to1050-CE102040-48-S1_Run64.mzML,63459247
/Volumes/LaCie/nmdc_data/pettridge_11_076c9980/raw/20190103_KBL_JP_502924_Soil_13CFlux_QE-139_HILIC_USHGX01163_NEG_MSMS_13C-plant_unk_1_Rg70to1050-CE102040-126-S1_Run416.mzML,20190103_KBL_JP_502924_Soil_13CFlux_QE-139_HILIC_USHGX01163_NEG_MSMS_13C-plant_unk_1_Rg70to1050-CE102040-126-S1_Run416.mzML,60873754
/Volumes/LaCie/nmdc_data/pettridge_11_076c9980/raw/20190103_KBL_JP_502924_Soil_13CFlux_QE-139_HILIC_USHGX01163_NEG_MSMS_GRE-MB-019_flux8day-12C-anox-20-030_2_Rg70to1050-CE102040-18-S1_Run195.mzML,20190103_KBL_JP_502924_Soil_13CFlux_QE-139_HILIC_USHGX01163_NEG_MSMS_GRE-MB-019_flux8day-12C-anox-20-030_2_Rg70to1050-CE102040-18-S1_Run195.mzML,62024714
/Volumes/LaCie/nmdc_data/pettridge_11_076c9980/raw/20190103_KBL_JP_502924_Soil_13CFlux_QE-139_HILIC_USHGX01163_NEG_MSMS_GRE-MB-084_statoxic-12C-oxic-44-000_3_Rg70to1050-CE102040-66-S1_Run259.mzML,20190103_KBL_JP_502924_Soil_13CFlux_QE-139_HILIC_USHGX01163_NEG_MSMS_GRE-MB-084_statoxic-12C-oxic-44-000_3_Rg70to1050-CE102040-66-S1_Run259.mzML,62716334
/Volumes/LaCie/nmdc_data/pettridge_11_076c9980/raw/20190103_KBL_JP_502924_Soil_13CFlux_QE-139_HILIC_USHGX01163_POS_MSMS_GRE-MB-032_flux8day-12C-oxic-23-210_2_Rg70to1050-CE102040-30-S1_Run235.mzML,20190103_KBL_JP_502924_Soil_13CFlux_QE-139_HILIC_USHGX01163_POS_MSMS_GRE-MB-032_flux8day-12C-oxic-23-210_2_Rg70to1050-CE102040-30-S1_Run235.mzML,63939173
/Volumes/LaCie/nmdc_data/pettridge_11_076c9980/raw/20190103_KBL_JP_502924_Soil_13CFlux_QE-139_HILIC_USHGX01163_POS_MSMS_GRE-MB-014_flux8day-12C-oxic-12-210_3_Rg70to1050-CE102040-14-S1_Run333.mzML,20190103_KBL_JP_502924_Soil_13CFlux_QE-139_HILIC_USHGX01163_POS_MSMS_GRE-MB-014_flux8day-12C-oxic-12-210_3_Rg70to1050-CE102040-14-S1_Run333.mzML,63437365
/Volumes/LaCie/nmdc_data/pettridge_11_076c9980/raw/20190103_KBL_JP_502924_Soil_13CFlux_QE-139_HILIC_USHGX01163_NEG_MSMS_GRE-MB-065_statoxic-13C-oxic-44-000_3_Rg70to1050-CE102040-53-S1_Run302.mzML,20190103_KBL_JP_502924_Soil_13CFlux_QE-139_HILIC_USHGX01163_NEG_MSMS_GRE-MB-065_statoxic-13C-oxic-44-000_3_Rg70to1050-CE102040-53-S1_Run302.mzML,64035572
/Volumes/LaCie/nmdc_data/pettridge_11_076c9980/raw/20190103_KBL_JP_502924_Soil_13CFlux_QE-139_HILIC_USHGX01163_NEG_MSMS_GRE-MB-062_statoxic-13C-oxic-36-000_3_Rg70to1050-CE102040-50-S1_Run326.mzML,20190103_KBL_JP_502924_Soil_13CFlux_QE-139_HILIC_USHGX01163_NEG_MSMS_GRE-MB-062_statoxic-13C-oxic-36-000_3_Rg70to1050-CE102040-50-S1_Run326.mzML,64737013
/Volumes/LaCie/nmdc_data/pettridge_11_076c9980/raw/20190103_KBL_JP_502924_Soil_13CFlux_QE-139_HILIC_USHGX01163_NEG_MSMS_GRE-MB-176_flux8day-12C-oxic-44-000_4_Rg70to1050-CE102040-114-S1_Run358.mzML,20190103_KBL_JP_502924_Soil_13CFlux_QE-139_HILIC_USHGX01163_NEG_MSMS_GRE-MB-176_flux8day-12C-oxic-44-000_4_Rg70to1050-CE102040-114-S1_Run358.mzML,64428417
/Volumes/LaCie/nmdc_data/pettridge_11_076c9980/raw/20190103_KBL_JP_502924_Soil_13CFlux_QE-139_HILIC_USHGX01163_POS_MSMS_GRE-MB-112_statanox-12C-anox-44-000_3_Rg70to1050-CE102040-85-S1_Run267.mzML,20190103_KBL_JP_502924_Soil_13CFlux_QE-139_HILIC_USHGX01163_POS_MSMS_GRE-MB-112_statanox-12C-anox-44-000_3_Rg70to1050-CE102040-85-S1_Run267.mzML,64044605
/Volumes/LaCie/nmdc_data/pettridge_11_076c9980/raw/20170605_KBL_JP_CSPSoilCC_TestEx_PRSoil_QE139-UV_ZHILIC5um200A_715851_POS-MSMS_1ex_ExBlank-H2Oonly___A_102030eV___Run8.mzML,20170605_KBL_JP_CSPSoilCC_TestEx_PRSoil_QE139-UV_ZHILIC5um200A_715851_POS-MSMS_1ex_ExBlank-H2Oonly___A_102030eV___Run8.mzML,120114821
/Volumes/LaCie/nmdc_data/pettridge_11_076c9980/raw/20190103_KBL_JP_502924_Soil_13CFlux_QE-139_HILIC_USHGX01163_POS_MSMS_GRE-MB-146_flux4day-12C-oxic-23-210_2_Rg70to1050-CE102040-97-S1_Run229.mzML,20190103_KBL_JP_502924_Soil_13CFlux_QE-139_HILIC_USHGX01163_POS_MSMS_GRE-MB-146_flux4day-12C-oxic-23-210_2_Rg70to1050-CE102040-97-S1_Run229.mzML,64097712
/Volumes/LaCie/nmdc_data/pettridge_11_076c9980/raw/20190103_KBL_JP_502924_Soil_13CFlux_QE-139_HILIC_USHGX01163_POS_MSMS_GRE-MB-110_statanox-12C-anox-44-000_2_Rg70to1050-CE102040-83-S1_Run185.mzML,20190103_KBL_JP_502924_Soil_13CFlux_QE-139_HILIC_USHGX01163_POS_MSMS_GRE-MB-110_statanox-12C-anox-44-000_2_Rg70to1050-CE102040-83-S1_Run185.mzML,63962237
/Volumes/LaCie/nmdc_data/pettridge_11_076c9980/raw/20190103_KBL_JP_502924_Soil_13CFlux_QE-139_HILIC_USHGX01163_POS_MSMS_GRE-MB-083_statoxic-12C-oxic-44-000_2_Rg70to1050-CE102040-65-S1_Run136.mzML,20190103_KBL_JP_502924_Soil_13CFlux_QE-139_HILIC_USHGX01163_POS_MSMS_GRE-MB-083_statoxic-12C-oxic-44-000_2_Rg70to1050-CE102040-65-S1_Run136.mzML,63556412
/Volumes/LaCie/nmdc_data/pettridge_11_076c9980/raw/20190103_KBL_JP_502924_Soil_13CFlux_QE-139_HILIC_USHGX01163_POS_MSMS_GRE-MB-115_pretreat-00C-anox-00-000_1_Rg70to1050-CE102040-88-S1_Run98.mzML,20190103_KBL_JP_502924_Soil_13CFlux_QE-139_HILIC_USHGX01163_POS_MSMS_GRE-MB-115_pretreat-00C-anox-00-000_1_Rg70to1050-CE102040-88-S1_Run98.mzML,61784510
/Volumes/LaCie/nmdc_data/pettridge_11_076c9980/raw/20190103_KBL_JP_502924_Soil_13CFlux_QE-139_HILIC_USHGX01163_NEG_MSMS_GRE-MB-008_pretreat-00C-oxic-00-210_2_Rg70to1050-CE102040-8-S1_Run169.mzML,20190103_KBL_JP_502924_Soil_13CFlux_QE-139_HILIC_USHGX01163_NEG_MSMS_GRE-MB-008_pretreat-00C-oxic-00-210_2_Rg70to1050-CE102040-8-S1_Run169.mzML,61864013
/Volumes/LaCie/nmdc_data/pettridge_11_076c9980/raw/20190103_KBL_JP_502924_Soil_13CFlux_QE-139_HILIC_USHGX01163_POS_MSMS_GRE-MB-053_flux8day-13C-oxic-44-000_2_Rg70to1050-CE102040-44-S1_Run145.mzML,20190103_KBL_JP_502924_Soil_13CFlux_QE-139_HILIC_USHGX01163_POS_MSMS_GRE-MB-053_flux8day-13C-oxic-44-000_2_Rg70to1050-CE102040-44-S1_Run145.mzML,63828155
/Volumes/LaCie/nmdc_data/pettridge_11_076c9980/raw/20170605_KBL_JP_CSPSoilCC_TestEx_PRSoil_QE139-UV_ZHILIC5um200A_715851_POS-MSMS_1_PRSoil-pt5g-H2Oonly___B_102030eV___Run14.mzML,20170605_KBL_JP_CSPSoilCC_TestEx_PRSoil_QE139-UV_ZHILIC5um200A_715851_POS-MSMS_1_PRSoil-pt5g-H2Oonly___B_102030eV___Run14.mzML,121729575
/Volumes/LaCie/nmdc_data/pettridge_11_076c9980/raw/20190103_KBL_JP_502924_Soil_13CFlux_QE-139_HILIC_USHGX01163_POS_MSMS_GRE-MB-038_flux8day-12C-anox-36-000_2_Rg70to1050-CE102040-35-S1_Run130.mzML,20190103_KBL_JP_502924_Soil_13CFlux_QE-139_HILIC_USHGX01163_POS_MSMS_GRE-MB-038_flux8day-12C-anox-36-000_2_Rg70to1050-CE102040-35-S1_Run130.mzML,63238256
/Volumes/LaCie/nmdc_data/pettridge_11_076c9980/raw/20190103_KBL_JP_502924_Soil_13CFlux_QE-139_HILIC_USHGX01163_NEG_MSMS_GRE-MB-177_flux8day-12C-oxic-44-000_3_Rg70to1050-CE102040-115-S1_Run265.mzML,20190103_KBL_JP_502924_Soil_13CFlux_QE-139_HILIC_USHGX01163_NEG_MSMS_GRE-MB-177_flux8day-12C-oxic-44-000_3_Rg70to1050-CE102040-115-S1_Run265.mzML,63149389
/Volumes/LaCie/nmdc_data/pettridge_11_076c9980/raw/20190103_KBL_JP_502924_Soil_13CFlux_QE-139_HILIC_USHGX01163_POS_MSMS_GRE-MB-084_statoxic-12C-oxic-44-000_3_Rg70to1050-CE102040-66-S1_Run258.mzML,20190103_KBL_JP_502924_Soil_13CFlux_QE-139_HILIC_USHGX01163_POS_MSMS_GRE-MB-084_statoxic-12C-oxic-44-000_3_Rg70to1050-CE102040-66-S1_Run258.mzML,63025614
/Volumes/LaCie/nmdc_data/pettridge_11_076c9980/raw/20190103_KBL_JP_502924_Soil_13CFlux_QE-139_HILIC_USHGX01163_POS_MSMS_GRE-MB-037_flux8day-12C-anox-36-000_1_Rg70to1050-CE102040-34-S1_Run52.mzML,20190103_KBL_JP_502924_Soil_13CFlux_QE-139_HILIC_USHGX01163_POS_MSMS_GRE-MB-037_flux8day-12C-anox-36-000_1_Rg70to1050-CE102040-34-S1_Run52.mzML,62183438
/Volumes/LaCie/nmdc_data/pettridge_11_076c9980/raw/20190103_KBL_JP_502924_Soil_13CFlux_QE-139_HILIC_USHGX01163_NEG_MSMS_GRE-MB-115_pretreat-00C-anox-00-000_1_Rg70to1050-CE102040-88-S1_Run99.mzML,20190103_KBL_JP_502924_Soil_13CFlux_QE-139_HILIC_USHGX01163_NEG_MSMS_GRE-MB-115_pretreat-00C-anox-00-000_1_Rg70to1050-CE102040-88-S1_Run99.mzML,61137929
/Volumes/LaCie/nmdc_data/pettridge_11_076c9980/raw/20190103_KBL_JP_502924_Soil_13CFlux_QE-139_HILIC_USHGX01163_NEG_MSMS_GRE-MB-075_statoxic-12C-oxic-23-000_2_Rg70to1050-CE102040-57-S1_Run143.mzML,20190103_KBL_JP_502924_Soil_13CFlux_QE-139_HILIC_USHGX01163_NEG_MSMS_GRE-MB-075_statoxic-12C-oxic-23-000_2_Rg70to1050-CE102040-57-S1_Run143.mzML,63408062
/Volumes/LaCie/nmdc_data/pettridge_11_076c9980/raw/20190103_KBL_JP_502924_Soil_13CFlux_QE-139_HILIC_USHGX01163_POS_MSMS_GRE-MB-082_statoxic-12C-oxic-44-000_5_Rg70to1050-CE102040-64-S1_Run406.mzML,20190103_KBL_JP_502924_Soil_13CFlux_QE-139_HILIC_USHGX01163_POS_MSMS_GRE-MB-082_statoxic-12C-oxic-44-000_5_Rg70to1050-CE102040-64-S1_Run406.mzML,62579224
/Volumes/LaCie/nmdc_data/pettridge_11_076c9980/raw/20190103_KBL_JP_502924_Soil_13CFlux_QE-139_HILIC_USHGX01163_NEG_MSMS_GRE-MB-010_flux8day-12C-oxic-12-030_2_Rg70to1050-CE102040-10-S1_Run215.mzML,20190103_KBL_JP_502924_Soil_13CFlux_QE-139_HILIC_USHGX01163_NEG_MSMS_GRE-MB-010_flux8day-12C-oxic-12-030_2_Rg70to1050-CE102040-10-S1_Run215.mzML,62775075
/Volumes/LaCie/nmdc_data/pettridge_11_076c9980/raw/20190103_KBL_JP_502924_Soil_13CFlux_QE-139_HILIC_USHGX01163_POS_MSMS_GRE-MB-023_flux8day-12C-anox-20-210_2_Rg70to1050-CE102040-21-S1_Run139.mzML,20190103_KBL_JP_502924_Soil_13CFlux_QE-139_HILIC_USHGX01163_POS_MSMS_GRE-MB-023_flux8day-12C-anox-20-210_2_Rg70to1050-CE102040-21-S1_Run139.mzML,63838746
/Volumes/LaCie/nmdc_data/pettridge_11_076c9980/raw/20190103_KBL_JP_502924_Soil_13CFlux_QE-139_HILIC_USHGX01163_POS_MSMS_GRE-MB-074_statoxic-12C-oxic-23-000_1_Rg70to1050-CE102040-56-S1_Run72.mzML,20190103_KBL_JP_502924_Soil_13CFlux_QE-139_HILIC_USHGX01163_POS_MSMS_GRE-MB-074_statoxic-12C-oxic-23-000_1_Rg70to1050-CE102040-56-S1_Run72.mzML,63697582
/Volumes/LaCie/nmdc_data/pettridge_11_076c9980/raw/20190103_KBL_JP_502924_Soil_13CFlux_QE-139_HILIC_USHGX01163_NEG_MSMS_GRE-MB-076_statoxic-12C-oxic-23-000_3_Rg70to1050-CE102040-58-S1_Run247.mzML,20190103_KBL_JP_502924_Soil_13CFlux_QE-139_HILIC_USHGX01163_NEG_MSMS_GRE-MB-076_statoxic-12C-oxic-23-000_3_Rg70to1050-CE102040-58-S1_Run247.mzML,63182653
/Volumes/LaCie/nmdc_data/pettridge_11_076c9980/raw/20170605_KBL_JP_CSPSoilCC_TestEx_PRSoil_QE139-UV_ZHILIC5um200A_715851_POS-MSMS_2ex_ExBlank-H2OEDTA___A_102030eV___Run17.mzML,20170605_KBL_JP_CSPSoilCC_TestEx_PRSoil_QE139-UV_ZHILIC5um200A_715851_POS-MSMS_2ex_ExBlank-H2OEDTA___A_102030eV___Run17.mzML,114962644
/Volumes/LaCie/nmdc_data/pettridge_11_076c9980/raw/20190103_KBL_JP_502924_Soil_13CFlux_QE-139_HILIC_USHGX01163_NEG_MSMS_GRE-MB-013_flux8day-12C-oxic-12-210_2_Rg70to1050-CE102040-13-S1_Run239.mzML,20190103_KBL_JP_502924_Soil_13CFlux_QE-139_HILIC_USHGX01163_NEG_MSMS_GRE-MB-013_flux8day-12C-oxic-12-210_2_Rg70to1050-CE102040-13-S1_Run239.mzML,65839042
/Volumes/LaCie/nmdc_data/pettridge_11_076c9980/raw/20190103_KBL_JP_502924_Soil_13CFlux_QE-139_HILIC_USHGX01163_POS_MSMS_GRE-MB-089_statanox-13C-anox-44-000_5_Rg70to1050-CE102040-71-S1_Run383.mzML,20190103_KBL_JP_502924_Soil_13CFlux_QE-139_HILIC_USHGX01163_POS_MSMS_GRE-MB-089_statanox-13C-anox-44-000_5_Rg70to1050-CE102040-71-S1_Run383.mzML,63150729
/Volumes/LaCie/nmdc_data/pettridge_11_076c9980/raw/20190103_KBL_JP_502924_Soil_13CFlux_QE-139_HILIC_USHGX01163_NEG_MSMS_GRE-MB-037_flux8day-12C-anox-36-000_1_Rg70to1050-CE102040-34-S1_Run53.mzML,20190103_KBL_JP_502924_Soil_13CFlux_QE-139_HILIC_USHGX01163_NEG_MSMS_GRE-MB-037_flux8day-12C-anox-36-000_1_Rg70to1050-CE102040-34-S1_Run53.mzML,60807719
/Volumes/LaCie/nmdc_data/pettridge_11_076c9980/raw/20190103_KBL_JP_502924_Soil_13CFlux_QE-139_HILIC_USHGX01163_POS_MSMS_GRE-MB-051_flux8day-13C-oxic-33-000_3_Rg70to1050-CE102040-42-S1_Run249.mzML,20190103_KBL_JP_502924_Soil_13CFlux_QE-139_HILIC_USHGX01163_POS_MSMS_GRE-MB-051_flux8day-13C-oxic-33-000_3_Rg70to1050-CE102040-42-S1_Run249.mzML,64337983
/Volumes/LaCie/nmdc_data/pettridge_11_076c9980/raw/20190103_KBL_JP_502924_Soil_13CFlux_QE-139_HILIC_USHGX01163_POS_MSMS_GRE-MB-148_flux4day-12C-oxic-36-000_1_Rg70to1050-CE102040-98-S1_Run113.mzML,20190103_KBL_JP_502924_Soil_13CFlux_QE-139_HILIC_USHGX01163_POS_MSMS_GRE-MB-148_flux4day-12C-oxic-36-000_1_Rg70to1050-CE102040-98-S1_Run113.mzML,63035211
/Volumes/LaCie/nmdc_data/pettridge_11_076c9980/raw/20190103_KBL_JP_502924_Soil_13CFlux_QE-139_HILIC_USHGX01163_NEG_MSMS_GRE-MB-164_flux4day-13C-oxic-36-000_2_Rg70to1050-CE102040-102-S1_Run178.mzML,20190103_KBL_JP_502924_Soil_13CFlux_QE-139_HILIC_USHGX01163_NEG_MSMS_GRE-MB-164_flux4day-13C-oxic-36-000_2_Rg70to1050-CE102040-102-S1_Run178.mzML,64596116
/Volumes/LaCie/nmdc_data/pettridge_11_076c9980/raw/20190103_KBL_JP_502924_Soil_13CFlux_QE-139_HILIC_USHGX01163_NEG_MSMS_GRE-MB-050_flux8day-13C-oxic-33-000_2_Rg70to1050-CE102040-41-S1_Run189.mzML,20190103_KBL_JP_502924_Soil_13CFlux_QE-139_HILIC_USHGX01163_NEG_MSMS_GRE-MB-050_flux8day-13C-oxic-33-000_2_Rg70to1050-CE102040-41-S1_Run189.mzML,64436101
/Volumes/LaCie/nmdc_data/pettridge_11_076c9980/raw/20190103_KBL_JP_502924_Soil_13CFlux_QE-139_HILIC_USHGX01163_NEG_MSMS_GRE-MB-112_statanox-12C-anox-44-000_3_Rg70to1050-CE102040-85-S1_Run268.mzML,20190103_KBL_JP_502924_Soil_13CFlux_QE-139_HILIC_USHGX01163_NEG_MSMS_GRE-MB-112_statanox-12C-anox-44-000_3_Rg70to1050-CE102040-85-S1_Run268.mzML,64858882
/Volumes/LaCie/nmdc_data/pettridge_11_076c9980/raw/20190103_KBL_JP_502924_Soil_13CFlux_QE-139_HILIC_USHGX01163_POS_MSMS_GRE-MB-040_flux8day-12C-oxic-36-030_1_Rg70to1050-CE102040-37-S1_Run55.mzML,20190103_KBL_JP_502924_Soil_13CFlux_QE-139_HILIC_USHGX01163_POS_MSMS_GRE-MB-040_flux8day-12C-oxic-36-030_1_Rg70to1050-CE102040-37-S1_Run55.mzML,62799750
/Volumes/LaCie/nmdc_data/pettridge_11_076c9980/raw/20190103_KBL_JP_502924_Soil_13CFlux_QE-139_HILIC_USHGX01163_NEG_MSMS_GRE-MB-006_pretreat-00C-oxic-00-030_2_Rg70to1050-CE102040-6-S1_Run224.mzML,20190103_KBL_JP_502924_Soil_13CFlux_QE-139_HILIC_USHGX01163_NEG_MSMS_GRE-MB-006_pretreat-00C-oxic-00-030_2_Rg70to1050-CE102040-6-S1_Run224.mzML,63989499
/Volumes/LaCie/nmdc_data/pettridge_11_076c9980/raw/20190103_KBL_JP_502924_Soil_13CFlux_QE-139_HILIC_USHGX01163_NEG_MSMS_GRE-MB-106_statanox-12C-anox-36-000_2_Rg70to1050-CE102040-79-S1_Run233.mzML,20190103_KBL_JP_502924_Soil_13CFlux_QE-139_HILIC_USHGX01163_NEG_MSMS_GRE-MB-106_statanox-12C-anox-36-000_2_Rg70to1050-CE102040-79-S1_Run233.mzML,67308581
/Volumes/LaCie/nmdc_data/pettridge_11_076c9980/raw/20190103_KBL_JP_502924_Soil_13CFlux_QE-139_HILIC_USHGX01163_NEG_MSMS_ExCtrl-180_ExCtrl_1_Rg70to1050-CE102040-118-S1_Run12.mzML,20190103_KBL_JP_502924_Soil_13CFlux_QE-139_HILIC_USHGX01163_NEG_MSMS_ExCtrl-180_ExCtrl_1_Rg70to1050-CE102040-118-S1_Run12.mzML,55304147
/Volumes/LaCie/nmdc_data/pettridge_11_076c9980/raw/20190103_KBL_JP_502924_Soil_13CFlux_QE-139_HILIC_USHGX01163_POS_MSMS_GRE-MB-015_flux8day-12C-oxic-20-000_1_Rg70to1050-CE102040-15-S1_Run29.mzML,20190103_KBL_JP_502924_Soil_13CFlux_QE-139_HILIC_USHGX01163_POS_MSMS_GRE-MB-015_flux8day-12C-oxic-20-000_1_Rg70to1050-CE102040-15-S1_Run29.mzML,62479283
/Volumes/LaCie/nmdc_data/pettridge_11_076c9980/raw/20190103_KBL_JP_502924_Soil_13CFlux_QE-139_HILIC_USHGX01163_NEG_MSMS_GRE-MB-103_statanox-12C-anox-23-000_2_Rg70to1050-CE102040-76-S1_Run204.mzML,20190103_KBL_JP_502924_Soil_13CFlux_QE-139_HILIC_USHGX01163_NEG_MSMS_GRE-MB-103_statanox-12C-anox-23-000_2_Rg70to1050-CE102040-76-S1_Run204.mzML,62727791
/Volumes/LaCie/nmdc_data/pettridge_11_076c9980/raw/20190103_KBL_JP_502924_Soil_13CFlux_QE-139_HILIC_USHGX01163_NEG_MSMS_GRE-MB-074_statoxic-12C-oxic-23-000_1_Rg70to1050-CE102040-56-S1_Run73.mzML,20190103_KBL_JP_502924_Soil_13CFlux_QE-139_HILIC_USHGX01163_NEG_MSMS_GRE-MB-074_statoxic-12C-oxic-23-000_1_Rg70to1050-CE102040-56-S1_Run73.mzML,62906368
/Volumes/LaCie/nmdc_data/pettridge_11_076c9980/raw/20190103_KBL_JP_502924_Soil_13CFlux_QE-139_HILIC_USHGX01163_POS_MSMS_GRE-MB-065_statoxic-13C-oxic-44-000_3_Rg70to1050-CE102040-53-S1_Run301.mzML,20190103_KBL_JP_502924_Soil_13CFlux_QE-139_HILIC_USHGX01163_POS_MSMS_GRE-MB-065_statoxic-13C-oxic-44-000_3_Rg70to1050-CE102040-53-S1_Run301.mzML,63320465
/Volumes/LaCie/nmdc_data/pettridge_11_076c9980/raw/20190103_KBL_JP_502924_Soil_13CFlux_QE-139_HILIC_USHGX01163_POS_MSMS_GRE-MB-171_flux4day-12C-oxic-44-000_2_Rg70to1050-CE102040-109-S1_Run220.mzML,20190103_KBL_JP_502924_Soil_13CFlux_QE-139_HILIC_USHGX01163_POS_MSMS_GRE-MB-171_flux4day-12C-oxic-44-000_2_Rg70to1050-CE102040-109-S1_Run220.mzML,63565265
/Volumes/LaCie/nmdc_data/pettridge_11_076c9980/raw/20190103_KBL_JP_502924_Soil_13CFlux_QE-139_HILIC_USHGX01163_NEG_MSMS_GRE-MB-028_flux8day-12C-oxic-23-030_1_Rg70to1050-CE102040-26-S1_Run44.mzML,20190103_KBL_JP_502924_Soil_13CFlux_QE-139_HILIC_USHGX01163_NEG_MSMS_GRE-MB-028_flux8day-12C-oxic-23-030_1_Rg70to1050-CE102040-26-S1_Run44.mzML,61240905
/Volumes/LaCie/nmdc_data/pettridge_11_076c9980/raw/20190103_KBL_JP_502924_Soil_13CFlux_QE-139_HILIC_USHGX01163_NEG_MSMS_GRE-MB-016_flux8day-12C-oxic-20-000_2_Rg70to1050-CE102040-16-S1_Run207.mzML,20190103_KBL_JP_502924_Soil_13CFlux_QE-139_HILIC_USHGX01163_NEG_MSMS_GRE-MB-016_flux8day-12C-oxic-20-000_2_Rg70to1050-CE102040-16-S1_Run207.mzML,63865612
/Volumes/LaCie/nmdc_data/pettridge_11_076c9980/raw/20190103_KBL_JP_502924_Soil_13CFlux_QE-139_HILIC_USHGX01163_POS_MSMS_GRE-MB-036_flux8day-12C-oxic-33-000_3_Rg70to1050-CE102040-33-S1_Run307.mzML,20190103_KBL_JP_502924_Soil_13CFlux_QE-139_HILIC_USHGX01163_POS_MSMS_GRE-MB-036_flux8day-12C-oxic-33-000_3_Rg70to1050-CE102040-33-S1_Run307.mzML,62688514
/Volumes/LaCie/nmdc_data/pettridge_11_076c9980/raw/20190103_KBL_JP_502924_Soil_13CFlux_QE-139_HILIC_USHGX01163_NEG_MSMS_GRE-MB-032_flux8day-12C-oxic-23-210_2_Rg70to1050-CE102040-30-S1_Run236.mzML,20190103_KBL_JP_502924_Soil_13CFlux_QE-139_HILIC_USHGX01163_NEG_MSMS_GRE-MB-032_flux8day-12C-oxic-23-210_2_Rg70to1050-CE102040-30-S1_Run236.mzML,62768274
/Volumes/LaCie/nmdc_data/pettridge_11_076c9980/raw/20190103_KBL_JP_502924_Soil_13CFlux_QE-139_HILIC_USHGX01163_POS_MSMS_GRE-MB-077_statoxic-12C-oxic-36-000_1_Rg70to1050-CE102040-59-S1_Run75.mzML,20190103_KBL_JP_502924_Soil_13CFlux_QE-139_HILIC_USHGX01163_POS_MSMS_GRE-MB-077_statoxic-12C-oxic-36-000_1_Rg70to1050-CE102040-59-S1_Run75.mzML,62694255
/Volumes/LaCie/nmdc_data/pettridge_11_076c9980/raw/20190103_KBL_JP_502924_Soil_13CFlux_QE-139_HILIC_USHGX01163_POS_MSMS_GRE-MB-025_flux8day-12C-anox-23-000_1_Rg70to1050-CE102040-23-S1_Run40.mzML,20190103_KBL_JP_502924_Soil_13CFlux_QE-139_HILIC_USHGX01163_POS_MSMS_GRE-MB-025_flux8day-12C-anox-23-000_1_Rg70to1050-CE102040-23-S1_Run40.mzML,62230011
/Volumes/LaCie/nmdc_data/pettridge_11_076c9980/raw/20190103_KBL_JP_502924_Soil_13CFlux_QE-139_HILIC_USHGX01163_POS_MSMS_GRE-MB-029_flux8day-12C-oxic-23-030_2_Rg70to1050-CE102040-27-S1_Run197.mzML,20190103_KBL_JP_502924_Soil_13CFlux_QE-139_HILIC_USHGX01163_POS_MSMS_GRE-MB-029_flux8day-12C-oxic-23-030_2_Rg70to1050-CE102040-27-S1_Run197.mzML,61720845
/Volumes/LaCie/nmdc_data/pettridge_11_076c9980/raw/20190103_KBL_JP_502924_Soil_13CFlux_QE-139_HILIC_USHGX01163_NEG_MSMS_GRE-MB-163_flux4day-13C-oxic-36-000_1_Rg70to1050-CE102040-101-S1_Run117.mzML,20190103_KBL_JP_502924_Soil_13CFlux_QE-139_HILIC_USHGX01163_NEG_MSMS_GRE-MB-163_flux4day-13C-oxic-36-000_1_Rg70to1050-CE102040-101-S1_Run117.mzML,63327038
/Volumes/LaCie/nmdc_data/pettridge_11_076c9980/raw/20190103_KBL_JP_502924_Soil_13CFlux_QE-139_HILIC_USHGX01163_POS_MSMS_GRE-MB-078_statoxic-12C-oxic-36-000_2_Rg70to1050-CE102040-60-S1_Run180.mzML,20190103_KBL_JP_502924_Soil_13CFlux_QE-139_HILIC_USHGX01163_POS_MSMS_GRE-MB-078_statoxic-12C-oxic-36-000_2_Rg70to1050-CE102040-60-S1_Run180.mzML,63704285
/Volumes/LaCie/nmdc_data/pettridge_11_076c9980/raw/20190103_KBL_JP_502924_Soil_13CFlux_QE-139_HILIC_USHGX01163_POS_MSMS_GRE-MB-011_flux8day-12C-oxic-12-030_3_Rg70to1050-CE102040-11-S1_Run336.mzML,20190103_KBL_JP_502924_Soil_13CFlux_QE-139_HILIC_USHGX01163_POS_MSMS_GRE-MB-011_flux8day-12C-oxic-12-030_3_Rg70to1050-CE102040-11-S1_Run336.mzML,62925132
/Volumes/LaCie/nmdc_data/pettridge_11_076c9980/raw/20190103_KBL_JP_502924_Soil_13CFlux_QE-139_HILIC_USHGX01163_POS_MSMS_GRE-MB-067_statoxic-13C-oxic-44-000_5_Rg70to1050-CE102040-55-S1_Run395.mzML,20190103_KBL_JP_502924_Soil_13CFlux_QE-139_HILIC_USHGX01163_POS_MSMS_GRE-MB-067_statoxic-13C-oxic-44-000_5_Rg70to1050-CE102040-55-S1_Run395.mzML,62535237
/Volumes/LaCie/nmdc_data/pettridge_11_076c9980/raw/20190103_KBL_JP_502924_Soil_13CFlux_QE-139_HILIC_USHGX01163_NEG_MSMS_GRE-MB-179_pretreat-00C-oxic-00-210_3_Rg70to1050-CE102040-117-S1_Run253.mzML,20190103_KBL_JP_502924_Soil_13CFlux_QE-139_HILIC_USHGX01163_NEG_MSMS_GRE-MB-179_pretreat-00C-oxic-00-210_3_Rg70to1050-CE102040-117-S1_Run253.mzML,63124424
/Volumes/LaCie/nmdc_data/pettridge_11_076c9980/raw/20190103_KBL_JP_502924_Soil_13CFlux_QE-139_HILIC_USHGX01163_NEG_MSMS_GRE-MB-169_flux4day-12C-oxic-44-000_1_Rg70to1050-CE102040-107-S1_Run120.mzML,20190103_KBL_JP_502924_Soil_13CFlux_QE-139_HILIC_USHGX01163_NEG_MSMS_GRE-MB-169_flux4day-12C-oxic-44-000_1_Rg70to1050-CE102040-107-S1_Run120.mzML,62981793
/Volumes/LaCie/nmdc_data/pettridge_11_076c9980/raw/20190103_KBL_JP_502924_Soil_13CFlux_QE-139_HILIC_USHGX01163_NEG_MSMS_GRE-MB-052_flux8day-13C-oxic-44-000_1_Rg70to1050-CE102040-43-S1_Run62.mzML,20190103_KBL_JP_502924_Soil_13CFlux_QE-139_HILIC_USHGX01163_NEG_MSMS_GRE-MB-052_flux8day-13C-oxic-44-000_1_Rg70to1050-CE102040-43-S1_Run62.mzML,62609334
/Volumes/LaCie/nmdc_data/pettridge_11_076c9980/raw/20190103_KBL_JP_502924_Soil_13CFlux_QE-139_HILIC_USHGX01163_NEG_MSMS_GRE-MB-173_flux4day-12C-oxic-44-000_3_Rg70to1050-CE102040-111-S1_Run323.mzML,20190103_KBL_JP_502924_Soil_13CFlux_QE-139_HILIC_USHGX01163_NEG_MSMS_GRE-MB-173_flux4day-12C-oxic-44-000_3_Rg70to1050-CE102040-111-S1_Run323.mzML,64303609
/Volumes/LaCie/nmdc_data/pettridge_11_076c9980/raw/20170605_KBL_JP_CSPSoilCC_TestEx_PRSoil_QE139-UV_ZHILIC5um200A_715851_NEG-MSMS_2ex_ExBlank-H2OEDTA___A_102030eV___Run18.mzML,20170605_KBL_JP_CSPSoilCC_TestEx_PRSoil_QE139-UV_ZHILIC5um200A_715851_NEG-MSMS_2ex_ExBlank-H2OEDTA___A_102030eV___Run18.mzML,17398784
/Volumes/LaCie/nmdc_data/pettridge_11_076c9980/raw/20190103_KBL_JP_502924_Soil_13CFlux_QE-139_HILIC_USHGX01163_POS_MSMS_GRE-MB-111_statanox-12C-anox-44-000_5_Rg70to1050-CE102040-84-S1_Run392.mzML,20190103_KBL_JP_502924_Soil_13CFlux_QE-139_HILIC_USHGX01163_POS_MSMS_GRE-MB-111_statanox-12C-anox-44-000_5_Rg70to1050-CE102040-84-S1_Run392.mzML,62896916
/Volumes/LaCie/nmdc_data/pettridge_11_076c9980/raw/20190103_KBL_JP_502924_Soil_13CFlux_QE-139_HILIC_USHGX01163_POS_MSMS_GRE-MB-042_flux8day-12C-oxic-36-030_3_Rg70to1050-CE102040-39-S1_Run330.mzML,20190103_KBL_JP_502924_Soil_13CFlux_QE-139_HILIC_USHGX01163_POS_MSMS_GRE-MB-042_flux8day-12C-oxic-36-030_3_Rg70to1050-CE102040-39-S1_Run330.mzML,61856022
/Volumes/LaCie/nmdc_data/pettridge_11_076c9980/raw/20190103_KBL_JP_502924_Soil_13CFlux_QE-139_HILIC_USHGX01163_POS_MSMS_GRE-MB-149_flux4day-12C-oxic-36-000_2_Rg70to1050-CE102040-99-S1_Run165.mzML,20190103_KBL_JP_502924_Soil_13CFlux_QE-139_HILIC_USHGX01163_POS_MSMS_GRE-MB-149_flux4day-12C-oxic-36-000_2_Rg70to1050-CE102040-99-S1_Run165.mzML,63828482
/Volumes/LaCie/nmdc_data/pettridge_11_076c9980/raw/20190103_KBL_JP_502924_Soil_13CFlux_QE-139_HILIC_USHGX01163_NEG_MSMS_GRE-MB-168_flux4day-13C-oxic-44-000_5_Rg70to1050-CE102040-106-S1_Run387.mzML,20190103_KBL_JP_502924_Soil_13CFlux_QE-139_HILIC_USHGX01163_NEG_MSMS_GRE-MB-168_flux4day-13C-oxic-44-000_5_Rg70to1050-CE102040-106-S1_Run387.mzML,63610110
/Volumes/LaCie/nmdc_data/pettridge_11_076c9980/raw/20190103_KBL_JP_502924_Soil_13CFlux_QE-139_HILIC_USHGX01163_NEG_MSMS_GRE-MB-090_statanox-13C-anox-36-000_1_Rg70to1050-CE102040-72-S1_Run85.mzML,20190103_KBL_JP_502924_Soil_13CFlux_QE-139_HILIC_USHGX01163_NEG_MSMS_GRE-MB-090_statanox-13C-anox-36-000_1_Rg70to1050-CE102040-72-S1_Run85.mzML,63792895
/Volumes/LaCie/nmdc_data/pettridge_11_076c9980/raw/20190103_KBL_JP_502924_Soil_13CFlux_QE-139_HILIC_USHGX01163_POS_MSMS_GRE-MB-021_flux8day-12C-anox-20-210_1_Rg70to1050-CE102040-20-S1_Run35.mzML,20190103_KBL_JP_502924_Soil_13CFlux_QE-139_HILIC_USHGX01163_POS_MSMS_GRE-MB-021_flux8day-12C-anox-20-210_1_Rg70to1050-CE102040-20-S1_Run35.mzML,62370166
/Volumes/LaCie/nmdc_data/pettridge_11_076c9980/raw/20190103_KBL_JP_502924_Soil_13CFlux_QE-139_HILIC_USHGX01163_NEG_MSMS_GRE-MB-064_statoxic-13C-oxic-44-000_2_Rg70to1050-CE102040-52-S1_Run149.mzML,20190103_KBL_JP_502924_Soil_13CFlux_QE-139_HILIC_USHGX01163_NEG_MSMS_GRE-MB-064_statoxic-13C-oxic-44-000_2_Rg70to1050-CE102040-52-S1_Run149.mzML,65437749
/Volumes/LaCie/nmdc_data/pettridge_11_076c9980/raw/20190103_KBL_JP_502924_Soil_13CFlux_QE-139_HILIC_USHGX01163_NEG_MSMS_13C-plant_unk_2_Rg70to1050-CE102040-128-S1_Run419.mzML,20190103_KBL_JP_502924_Soil_13CFlux_QE-139_HILIC_USHGX01163_NEG_MSMS_13C-plant_unk_2_Rg70to1050-CE102040-128-S1_Run419.mzML,61118689
/Volumes/LaCie/nmdc_data/pettridge_11_076c9980/raw/20190103_KBL_JP_502924_Soil_13CFlux_QE-139_HILIC_USHGX01163_POS_MSMS_GRE-MB-177_flux8day-12C-oxic-44-000_3_Rg70to1050-CE102040-115-S1_Run264.mzML,20190103_KBL_JP_502924_Soil_13CFlux_QE-139_HILIC_USHGX01163_POS_MSMS_GRE-MB-177_flux8day-12C-oxic-44-000_3_Rg70to1050-CE102040-115-S1_Run264.mzML,63621906
/Volumes/LaCie/nmdc_data/pettridge_11_076c9980/raw/20190103_KBL_JP_502924_Soil_13CFlux_QE-139_HILIC_USHGX01163_NEG_MSMS_GRE-MB-134_unk_1_Rg70to1050-CE102040-124-S1_Run355.mzML,20190103_KBL_JP_502924_Soil_13CFlux_QE-139_HILIC_USHGX01163_NEG_MSMS_GRE-MB-134_unk_1_Rg70to1050-CE102040-124-S1_Run355.mzML,56488934
/Volumes/LaCie/nmdc_data/pettridge_11_076c9980/raw/20190103_KBL_JP_502924_Soil_13CFlux_QE-139_HILIC_USHGX01163_POS_MSMS_GRE-MB-141_flux4day-12C-anox-23-000_3_Rg70to1050-CE102040-93-S1_Run342.mzML,20190103_KBL_JP_502924_Soil_13CFlux_QE-139_HILIC_USHGX01163_POS_MSMS_GRE-MB-141_flux4day-12C-anox-23-000_3_Rg70to1050-CE102040-93-S1_Run342.mzML,64332411
/Volumes/LaCie/nmdc_data/pettridge_11_076c9980/raw/20190103_KBL_JP_502924_Soil_13CFlux_QE-139_HILIC_USHGX01163_POS_MSMS_13C-plant_unk_2_Rg70to1050-CE102040-128-S1_Run418.mzML,20190103_KBL_JP_502924_Soil_13CFlux_QE-139_HILIC_USHGX01163_POS_MSMS_13C-plant_unk_2_Rg70to1050-CE102040-128-S1_Run418.mzML,64485780
/Volumes/LaCie/nmdc_data/pettridge_11_076c9980/raw/20190103_KBL_JP_502924_Soil_13CFlux_QE-139_HILIC_USHGX01163_NEG_MSMS_GRE-MB-178_flux8day-12C-oxic-44-000_5_Rg70to1050-CE102040-116-S1_Run401.mzML,20190103_KBL_JP_502924_Soil_13CFlux_QE-139_HILIC_USHGX01163_NEG_MSMS_GRE-MB-178_flux8day-12C-oxic-44-000_5_Rg70to1050-CE102040-116-S1_Run401.mzML,65908080
/Volumes/LaCie/nmdc_data/pettridge_11_076c9980/raw/20190103_KBL_JP_502924_Soil_13CFlux_QE-139_HILIC_USHGX01163_POS_MSMS_GRE-MB-178_flux8day-12C-oxic-44-000_5_Rg70to1050-CE102040-116-S1_Run400.mzML,20190103_KBL_JP_502924_Soil_13CFlux_QE-139_HILIC_USHGX01163_POS_MSMS_GRE-MB-178_flux8day-12C-oxic-44-000_5_Rg70to1050-CE102040-116-S1_Run400.mzML,64005789
/Volumes/LaCie/nmdc_data/pettridge_11_076c9980/raw/20190103_KBL_JP_502924_Soil_13CFlux_QE-139_HILIC_USHGX01163_POS_MSMS_GRE-MB-066_statoxic-13C-oxic-44-000_4_Rg70to1050-CE102040-54-S1_Run360.mzML,20190103_KBL_JP_502924_Soil_13CFlux_QE-139_HILIC_USHGX01163_POS_MSMS_GRE-MB-066_statoxic-13C-oxic-44-000_4_Rg70to1050-CE102040-54-S1_Run360.mzML,64002722
/Volumes/LaCie/nmdc_data/pettridge_11_076c9980/raw/20190103_KBL_JP_502924_Soil_13CFlux_QE-139_HILIC_USHGX01163_POS_MSMS_GRE-MB-088_statanox-13C-anox-44-000_4_Rg70to1050-CE102040-70-S1_Run363.mzML,20190103_KBL_JP_502924_Soil_13CFlux_QE-139_HILIC_USHGX01163_POS_MSMS_GRE-MB-088_statanox-13C-anox-44-000_4_Rg70to1050-CE102040-70-S1_Run363.mzML,64452259
/Volumes/LaCie/nmdc_data/pettridge_11_076c9980/raw/20190103_KBL_JP_502924_Soil_13CFlux_QE-139_HILIC_USHGX01163_NEG_MSMS_GRE-MB-166_flux4day-13C-oxic-44-000_3_Rg70to1050-CE102040-104-S1_Run317.mzML,20190103_KBL_JP_502924_Soil_13CFlux_QE-139_HILIC_USHGX01163_NEG_MSMS_GRE-MB-166_flux4day-13C-oxic-44-000_3_Rg70to1050-CE102040-104-S1_Run317.mzML,67778472
/Volumes/LaCie/nmdc_data/pettridge_11_076c9980/raw/20190103_KBL_JP_502924_Soil_13CFlux_QE-139_HILIC_USHGX01163_POS_MSMS_GRE-MB-080_statoxic-12C-oxic-44-000_4_Rg70to1050-CE102040-62-S1_Run377.mzML,20190103_KBL_JP_502924_Soil_13CFlux_QE-139_HILIC_USHGX01163_POS_MSMS_GRE-MB-080_statoxic-12C-oxic-44-000_4_Rg70to1050-CE102040-62-S1_Run377.mzML,62750910
/Volumes/LaCie/nmdc_data/pettridge_11_076c9980/raw/20190103_KBL_JP_502924_Soil_13CFlux_QE-139_HILIC_USHGX01163_POS_MSMS_GRE-MB-114_pretreat-00C-anox-00-000_3_Rg70to1050-CE102040-87-S1_Run243.mzML,20190103_KBL_JP_502924_Soil_13CFlux_QE-139_HILIC_USHGX01163_POS_MSMS_GRE-MB-114_pretreat-00C-anox-00-000_3_Rg70to1050-CE102040-87-S1_Run243.mzML,63597619
/Volumes/LaCie/nmdc_data/pettridge_11_076c9980/raw/20190103_KBL_JP_502924_Soil_13CFlux_QE-139_HILIC_USHGX01163_POS_MSMS_GRE-MB-018_flux8day-12C-anox-20-030_1_Rg70to1050-CE102040-17-S1_Run32.mzML,20190103_KBL_JP_502924_Soil_13CFlux_QE-139_HILIC_USHGX01163_POS_MSMS_GRE-MB-018_flux8day-12C-anox-20-030_1_Rg70to1050-CE102040-17-S1_Run32.mzML,62398611
/Volumes/LaCie/nmdc_data/pettridge_11_076c9980/raw/20190103_KBL_JP_502924_Soil_13CFlux_QE-139_HILIC_USHGX01163_POS_MSMS_GRE-MB-144_flux4day-12C-oxic-23-030_2_Rg70to1050-CE102040-95-S1_Run159.mzML,20190103_KBL_JP_502924_Soil_13CFlux_QE-139_HILIC_USHGX01163_POS_MSMS_GRE-MB-144_flux4day-12C-oxic-23-030_2_Rg70to1050-CE102040-95-S1_Run159.mzML,63948560
/Volumes/LaCie/nmdc_data/pettridge_11_076c9980/raw/20190103_KBL_JP_502924_Soil_13CFlux_QE-139_HILIC_USHGX01163_NEG_MSMS_GRE-MB-039_flux8day-12C-anox-36-000_3_Rg70to1050-CE102040-36-S1_Run314.mzML,20190103_KBL_JP_502924_Soil_13CFlux_QE-139_HILIC_USHGX01163_NEG_MSMS_GRE-MB-039_flux8day-12C-anox-36-000_3_Rg70to1050-CE102040-36-S1_Run314.mzML,64964002
/Volumes/LaCie/nmdc_data/pettridge_11_076c9980/raw/20190103_KBL_JP_502924_Soil_13CFlux_QE-139_HILIC_USHGX01163_POS_MSMS_ExCtrl-181_ExCtrl_2_Rg70to1050-CE102040-119-S1_Run156.mzML,20190103_KBL_JP_502924_Soil_13CFlux_QE-139_HILIC_USHGX01163_POS_MSMS_ExCtrl-181_ExCtrl_2_Rg70to1050-CE102040-119-S1_Run156.mzML,59620493
/Volumes/LaCie/nmdc_data/pettridge_11_076c9980/raw/20190103_KBL_JP_502924_Soil_13CFlux_QE-139_HILIC_USHGX01163_NEG_MSMS_GRE-MB-030_flux8day-12C-oxic-23-030_3_Rg70to1050-CE102040-28-S1_Run288.mzML,20190103_KBL_JP_502924_Soil_13CFlux_QE-139_HILIC_USHGX01163_NEG_MSMS_GRE-MB-030_flux8day-12C-oxic-23-030_3_Rg70to1050-CE102040-28-S1_Run288.mzML,62593661
/Volumes/LaCie/nmdc_data/pettridge_11_076c9980/raw/20190103_KBL_JP_502924_Soil_13CFlux_QE-139_HILIC_USHGX01163_NEG_MSMS_GRE-MB-148_flux4day-12C-oxic-36-000_1_Rg70to1050-CE102040-98-S1_Run114.mzML,20190103_KBL_JP_502924_Soil_13CFlux_QE-139_HILIC_USHGX01163_NEG_MSMS_GRE-MB-148_flux4day-12C-oxic-36-000_1_Rg70to1050-CE102040-98-S1_Run114.mzML,62180763
/Volumes/LaCie/nmdc_data/pettridge_11_076c9980/raw/20190103_KBL_JP_502924_Soil_13CFlux_QE-139_HILIC_USHGX01163_POS_MSMS_GRE-MB-134_unk_1_Rg70to1050-CE102040-124-S1_Run354.mzML,20190103_KBL_JP_502924_Soil_13CFlux_QE-139_HILIC_USHGX01163_POS_MSMS_GRE-MB-134_unk_1_Rg70to1050-CE102040-124-S1_Run354.mzML,60291561
/Volumes/LaCie/nmdc_data/pettridge_11_076c9980/raw/20190103_KBL_JP_502924_Soil_13CFlux_QE-139_HILIC_USHGX01163_POS_MSMS_GRE-MB-142_flux4day-12C-oxic-23-030_1_Rg70to1050-CE102040-94-S1_Run107.mzML,20190103_KBL_JP_502924_Soil_13CFlux_QE-139_HILIC_USHGX01163_POS_MSMS_GRE-MB-142_flux4day-12C-oxic-23-030_1_Rg70to1050-CE102040-94-S1_Run107.mzML,63005707
/Volumes/LaCie/nmdc_data/pettridge_11_076c9980/raw/20190103_KBL_JP_502924_Soil_13CFlux_QE-139_HILIC_USHGX01163_POS_MSMS_GRE-MB-170_flux4day-12C-oxic-44-000_4_Rg70to1050-CE102040-108-S1_Run374.mzML,20190103_KBL_JP_502924_Soil_13CFlux_QE-139_HILIC_USHGX01163_POS_MSMS_GRE-MB-170_flux4day-12C-oxic-44-000_4_Rg70to1050-CE102040-108-S1_Run374.mzML,63080965
/Volumes/LaCie/nmdc_data/pettridge_11_076c9980/raw/20190103_KBL_JP_502924_Soil_13CFlux_QE-139_HILIC_USHGX01163_POS_MSMS_GRE-MB-064_statoxic-13C-oxic-44-000_2_Rg70to1050-CE102040-52-S1_Run148.mzML,20190103_KBL_JP_502924_Soil_13CFlux_QE-139_HILIC_USHGX01163_POS_MSMS_GRE-MB-064_statoxic-13C-oxic-44-000_2_Rg70to1050-CE102040-52-S1_Run148.mzML,64700829
/Volumes/LaCie/nmdc_data/pettridge_11_076c9980/raw/20190103_KBL_JP_502924_Soil_13CFlux_QE-139_HILIC_USHGX01163_POS_MSMS_GRE-MB-086_statanox-13C-anox-44-000_2_Rg70to1050-CE102040-68-S1_Run151.mzML,20190103_KBL_JP_502924_Soil_13CFlux_QE-139_HILIC_USHGX01163_POS_MSMS_GRE-MB-086_statanox-13C-anox-44-000_2_Rg70to1050-CE102040-68-S1_Run151.mzML,63306186
/Volumes/LaCie/nmdc_data/pettridge_11_076c9980/raw/20190103_KBL_JP_502924_Soil_13CFlux_QE-139_HILIC_USHGX01163_NEG_MSMS_GRE-MB-116_flux4day-13C-oxic-44-000_1_Rg70to1050-CE102040-89-S1_Run102.mzML,20190103_KBL_JP_502924_Soil_13CFlux_QE-139_HILIC_USHGX01163_NEG_MSMS_GRE-MB-116_flux4day-13C-oxic-44-000_1_Rg70to1050-CE102040-89-S1_Run102.mzML,63456546
/Volumes/LaCie/nmdc_data/pettridge_11_076c9980/raw/20190103_KBL_JP_502924_Soil_13CFlux_QE-139_HILIC_USHGX01163_NEG_MSMS_GRE-MB-139_flux4day-12C-anox-23-000_1_Rg70to1050-CE102040-91-S1_Run105.mzML,20190103_KBL_JP_502924_Soil_13CFlux_QE-139_HILIC_USHGX01163_NEG_MSMS_GRE-MB-139_flux4day-12C-anox-23-000_1_Rg70to1050-CE102040-91-S1_Run105.mzML,63045749
/Volumes/LaCie/nmdc_data/pettridge_11_076c9980/raw/20170605_KBL_JP_CSPSoilCC_TestEx_PRSoil_QE139-UV_ZHILIC5um200A_715851_NEG-MSMS_1_PRSoil-pt5g-H2Oonly___A_102030eV___Run12.mzML,20170605_KBL_JP_CSPSoilCC_TestEx_PRSoil_QE139-UV_ZHILIC5um200A_715851_NEG-MSMS_1_PRSoil-pt5g-H2Oonly___A_102030eV___Run12.mzML,93908608
/Volumes/LaCie/nmdc_data/pettridge_11_076c9980/raw/20190103_KBL_JP_502924_Soil_13CFlux_QE-139_HILIC_USHGX01163_POS_MSMS_GRE-MB-172_flux4day-12C-oxic-44-000_5_Rg70to1050-CE102040-110-S1_Run403.mzML,20190103_KBL_JP_502924_Soil_13CFlux_QE-139_HILIC_USHGX01163_POS_MSMS_GRE-MB-172_flux4day-12C-oxic-44-000_5_Rg70to1050-CE102040-110-S1_Run403.mzML,63324122
/Volumes/LaCie/nmdc_data/pettridge_11_076c9980/raw/20190103_KBL_JP_502924_Soil_13CFlux_QE-139_HILIC_USHGX01163_POS_MSMS_ExCtrl-180_ExCtrl_1_Rg70to1050-CE102040-118-S1_Run11.mzML,20190103_KBL_JP_502924_Soil_13CFlux_QE-139_HILIC_USHGX01163_POS_MSMS_ExCtrl-180_ExCtrl_1_Rg70to1050-CE102040-118-S1_Run11.mzML,57567883
/Volumes/LaCie/nmdc_data/pettridge_11_076c9980/raw/20190103_KBL_JP_502924_Soil_13CFlux_QE-139_HILIC_USHGX01163_POS_MSMS_GRE-MB-061_statoxic-13C-oxic-36-000_2_Rg70to1050-CE102040-49-S1_Run217.mzML,20190103_KBL_JP_502924_Soil_13CFlux_QE-139_HILIC_USHGX01163_POS_MSMS_GRE-MB-061_statoxic-13C-oxic-36-000_2_Rg70to1050-CE102040-49-S1_Run217.mzML,64138090
/Volumes/LaCie/nmdc_data/pettridge_11_076c9980/raw/20170605_KBL_JP_CSPSoilCC_TestEx_PRSoil_QE139-UV_ZHILIC5um200A_715851_NEG-MSMS_1_PRSoil-pt5g-H2Oonly___B_102030eV___Run15.mzML,20170605_KBL_JP_CSPSoilCC_TestEx_PRSoil_QE139-UV_ZHILIC5um200A_715851_NEG-MSMS_1_PRSoil-pt5g-H2Oonly___B_102030eV___Run15.mzML,93779128
/Volumes/LaCie/nmdc_data/pettridge_11_076c9980/raw/20190103_KBL_JP_502924_Soil_13CFlux_QE-139_HILIC_USHGX01163_NEG_MSMS_GRE-MB-036_flux8day-12C-oxic-33-000_3_Rg70to1050-CE102040-33-S1_Run308.mzML,20190103_KBL_JP_502924_Soil_13CFlux_QE-139_HILIC_USHGX01163_NEG_MSMS_GRE-MB-036_flux8day-12C-oxic-33-000_3_Rg70to1050-CE102040-33-S1_Run308.mzML,63389143
/Volumes/LaCie/nmdc_data/pettridge_11_076c9980/raw/20190103_KBL_JP_502924_Soil_13CFlux_QE-139_HILIC_USHGX01163_POS_MSMS_GRE-MB-105_statanox-12C-anox-36-000_1_Rg70to1050-CE102040-78-S1_Run90.mzML,20190103_KBL_JP_502924_Soil_13CFlux_QE-139_HILIC_USHGX01163_POS_MSMS_GRE-MB-105_statanox-12C-anox-36-000_1_Rg70to1050-CE102040-78-S1_Run90.mzML,64483557
/Volumes/LaCie/nmdc_data/pettridge_11_076c9980/raw/20190103_KBL_JP_502924_Soil_13CFlux_QE-139_HILIC_USHGX01163_POS_MSMS_GRE-MB-035_flux8day-12C-oxic-33-000_2_Rg70to1050-CE102040-32-S1_Run171.mzML,20190103_KBL_JP_502924_Soil_13CFlux_QE-139_HILIC_USHGX01163_POS_MSMS_GRE-MB-035_flux8day-12C-oxic-33-000_2_Rg70to1050-CE102040-32-S1_Run171.mzML,63373688
/Volumes/LaCie/nmdc_data/pettridge_11_076c9980/raw/20190103_KBL_JP_502924_Soil_13CFlux_QE-139_HILIC_USHGX01163_POS_MSMS_GRE-MB-056_flux8day-13C-oxic-44-000_5_Rg70to1050-CE102040-47-S1_Run389.mzML,20190103_KBL_JP_502924_Soil_13CFlux_QE-139_HILIC_USHGX01163_POS_MSMS_GRE-MB-056_flux8day-13C-oxic-44-000_5_Rg70to1050-CE102040-47-S1_Run389.mzML,63096880
/Volumes/LaCie/nmdc_data/pettridge_11_076c9980/raw/20190103_KBL_JP_502924_Soil_13CFlux_QE-139_HILIC_USHGX01163_NEG_MSMS_GRE-MB-066_statoxic-13C-oxic-44-000_4_Rg70to1050-CE102040-54-S1_Run361.mzML,20190103_KBL_JP_502924_Soil_13CFlux_QE-139_HILIC_USHGX01163_NEG_MSMS_GRE-MB-066_statoxic-13C-oxic-44-000_4_Rg70to1050-CE102040-54-S1_Run361.mzML,64642491
/Volumes/LaCie/nmdc_data/pettridge_11_076c9980/raw/20190103_KBL_JP_502924_Soil_13CFlux_QE-139_HILIC_USHGX01163_POS_MSMS_GRE-MB-054_flux8day-13C-oxic-44-000_3_Rg70to1050-CE102040-45-S1_Run278.mzML,20190103_KBL_JP_502924_Soil_13CFlux_QE-139_HILIC_USHGX01163_POS_MSMS_GRE-MB-054_flux8day-13C-oxic-44-000_3_Rg70to1050-CE102040-45-S1_Run278.mzML,63434341
/Volumes/LaCie/nmdc_data/pettridge_11_076c9980/raw/20190103_KBL_JP_502924_Soil_13CFlux_QE-139_HILIC_USHGX01163_NEG_MSMS_GRE-MB-018_flux8day-12C-anox-20-030_1_Rg70to1050-CE102040-17-S1_Run33.mzML,20190103_KBL_JP_502924_Soil_13CFlux_QE-139_HILIC_USHGX01163_NEG_MSMS_GRE-MB-018_flux8day-12C-anox-20-030_1_Rg70to1050-CE102040-17-S1_Run33.mzML,61397816
/Volumes/LaCie/nmdc_data/pettridge_11_076c9980/raw/20190103_KBL_JP_502924_Soil_13CFlux_QE-139_HILIC_USHGX01163_NEG_MSMS_GRE-MB-108_statanox-12C-anox-44-000_4_Rg70to1050-CE102040-81-S1_Run367.mzML,20190103_KBL_JP_502924_Soil_13CFlux_QE-139_HILIC_USHGX01163_NEG_MSMS_GRE-MB-108_statanox-12C-anox-44-000_4_Rg70to1050-CE102040-81-S1_Run367.mzML,63468806
/Volumes/LaCie/nmdc_data/pettridge_11_076c9980/raw/20190103_KBL_JP_502924_Soil_13CFlux_QE-139_HILIC_USHGX01163_POS_MSMS_12C-plant_unk_2_Rg70to1050-CE102040-127-S1_Run412.mzML,20190103_KBL_JP_502924_Soil_13CFlux_QE-139_HILIC_USHGX01163_POS_MSMS_12C-plant_unk_2_Rg70to1050-CE102040-127-S1_Run412.mzML,64855063
/Volumes/LaCie/nmdc_data/pettridge_11_076c9980/raw/20190103_KBL_JP_502924_Soil_13CFlux_QE-139_HILIC_USHGX01163_NEG_MSMS_12C-plant_unk_2_Rg70to1050-CE102040-127-S1_Run413.mzML,20190103_KBL_JP_502924_Soil_13CFlux_QE-139_HILIC_USHGX01163_NEG_MSMS_12C-plant_unk_2_Rg70to1050-CE102040-127-S1_Run413.mzML,61025471
/Volumes/LaCie/nmdc_data/pettridge_11_076c9980/raw/20190103_KBL_JP_502924_Soil_13CFlux_QE-139_HILIC_USHGX01163_POS_MSMS_GRE-MB-004_pretreat-00C-oxic-00-030_1_Rg70to1050-CE102040-4-S1_Run17.mzML,20190103_KBL_JP_502924_Soil_13CFlux_QE-139_HILIC_USHGX01163_POS_MSMS_GRE-MB-004_pretreat-00C-oxic-00-030_1_Rg70to1050-CE102040-4-S1_Run17.mzML,61354341
/Volumes/LaCie/nmdc_data/pettridge_11_076c9980/raw/20190103_KBL_JP_502924_Soil_13CFlux_QE-139_HILIC_USHGX01163_POS_MSMS_GRE-MB-166_flux4day-13C-oxic-44-000_3_Rg70to1050-CE102040-104-S1_Run316.mzML,20190103_KBL_JP_502924_Soil_13CFlux_QE-139_HILIC_USHGX01163_POS_MSMS_GRE-MB-166_flux4day-13C-oxic-44-000_3_Rg70to1050-CE102040-104-S1_Run316.mzML,64994356
/Volumes/LaCie/nmdc_data/pettridge_11_076c9980/raw/20190103_KBL_JP_502924_Soil_13CFlux_QE-139_HILIC_USHGX01163_NEG_MSMS_GRE-MB-035_flux8day-12C-oxic-33-000_2_Rg70to1050-CE102040-32-S1_Run172.mzML,20190103_KBL_JP_502924_Soil_13CFlux_QE-139_HILIC_USHGX01163_NEG_MSMS_GRE-MB-035_flux8day-12C-oxic-33-000_2_Rg70to1050-CE102040-32-S1_Run172.mzML,63509574
/Volumes/LaCie/nmdc_data/pettridge_11_076c9980/raw/20190103_KBL_JP_502924_Soil_13CFlux_QE-139_HILIC_USHGX01163_POS_MSMS_GRE-MB-109_statanox-12C-anox-44-000_1_Rg70to1050-CE102040-82-S1_Run93.mzML,20190103_KBL_JP_502924_Soil_13CFlux_QE-139_HILIC_USHGX01163_POS_MSMS_GRE-MB-109_statanox-12C-anox-44-000_1_Rg70to1050-CE102040-82-S1_Run93.mzML,64041691
/Volumes/LaCie/nmdc_data/pettridge_11_076c9980/raw/20190103_KBL_JP_502924_Soil_13CFlux_QE-139_HILIC_USHGX01163_NEG_MSMS_GRE-MB-171_flux4day-12C-oxic-44-000_2_Rg70to1050-CE102040-109-S1_Run221.mzML,20190103_KBL_JP_502924_Soil_13CFlux_QE-139_HILIC_USHGX01163_NEG_MSMS_GRE-MB-171_flux4day-12C-oxic-44-000_2_Rg70to1050-CE102040-109-S1_Run221.mzML,63658345
/Volumes/LaCie/nmdc_data/pettridge_11_076c9980/raw/20190103_KBL_JP_502924_Soil_13CFlux_QE-139_HILIC_USHGX01163_NEG_MSMS_GRE-MB-031_flux8day-12C-oxic-23-210_1_Rg70to1050-CE102040-29-S1_Run47.mzML,20190103_KBL_JP_502924_Soil_13CFlux_QE-139_HILIC_USHGX01163_NEG_MSMS_GRE-MB-031_flux8day-12C-oxic-23-210_1_Rg70to1050-CE102040-29-S1_Run47.mzML,61631189
