raw_file_name,raw_file_type,biosample_id,biosample_name,match_confidence,processedsample_placeholder,material_processing_protocol_id
20210819_JGI-AK_MK_506588_SoilWaterRep_final_QE-139_HILICZ_USHXG01490_NEG_MSMS_25_S32-D89_A_Rg70to1050-CE102040-soil-S1_Run20.raw,sample,nmdc:bsm-11-dq9ezy55,S32_A_D89 hydrophilic,high,ProcessedSample2_metabolomics_extraction,metabolomics_extraction
20210915_JGI-AK_MK_506588_SoilWaterRep_final_QE-HF_C18_USDAY63680_POS_MSMS_51_S40-D89_C_Rg80to1200-CE102040-soil-S1_Run226.raw,sample,nmdc:bsm-11-m01vy390,S40_C_D89 hydrophobic,high,ProcessedSample2_metabolomics_extraction,metabolomics_extraction
20210819_JGI-AK_MK_506588_SoilWaterRep_final_QE-139_HILICZ_USHXG01490_POS_MSMS_50_S40-D89_B_Rg70to1050-CE205060-soil-S1_Run141.raw,sample,nmdc:bsm-11-ekqspq89,S40_B_D89 hydrophobic,high,ProcessedSample2_metabolomics_extraction,metabolomics_extraction
20210819_JGI-AK_MK_506588_SoilWaterRep_final_QE-139_HILICZ_USHXG01490_NEG_MSMS_22_S17-D89_A_Rg70to1050-CE102040-soil-S1_Run72.raw,sample,nmdc:bsm-11-44xrre38,S17_A_D89 hydrophilic,high,ProcessedSample2_metabolomics_extraction,metabolomics_extraction
20210915_JGI-AK_MK_506588_SoilWaterRep_final_QE-HF_C18_USDAY63680_NEG_MSMS_1_S16-D30_A_Rg80to1200-CE102040-soil-S1_Run80.raw,sample,nmdc:bsm-11-bspxw403,S16_A_D30 hydrophilic,high,ProcessedSample2_metabolomics_extraction,metabolomics_extraction
20210915_JGI-AK_MK_506588_SoilWaterRep_final_QE-HF_C18_USDAY63680_POS_MSMS_12_S16-D45_C_Rg80to1200-CE102040-soil-S1_Run202.raw,sample,nmdc:bsm-11-e7ztgg08,S16_C_D45 hydrophilic,high,ProcessedSample2_metabolomics_extraction,metabolomics_extraction
20210915_JGI-AK_MK_506588_SoilWaterRep_final_QE-HF_C18_USDAY63680_POS_MSMS_14_S17-D45_B_Rg80to1200-CE205060-soil-S1_Run100.raw,sample,nmdc:bsm-11-jmxr0p77,S17_B_D45 hydrophilic,high,ProcessedSample2_metabolomics_extraction,metabolomics_extraction
20210915_JGI-AK_MK_506588_SoilWaterRep_final_QE-HF_C18_USDAY63680_NEG_MSMS_42_S40-D45_C_Rg80to1200-CE102040-soil-S1_Run192.raw,sample,nmdc:bsm-11-xh9qrs70,S40_C_D45 hydrophobic,high,ProcessedSample2_metabolomics_extraction,metabolomics_extraction
20210819_JGI-AK_MK_506588_SoilWaterRep_final_QE-139_HILICZ_USHXG01490_POS_MSMS_44_S53-D45_B_Rg70to1050-CE205060-soil-S1_Run95.raw,sample,nmdc:bsm-11-ksnxcm30,S53_B_D45 hydrophobic,high,ProcessedSample2_metabolomics_extraction,metabolomics_extraction
20210915_JGI-AK_MK_506588_SoilWaterRep_final_QE-HF_C18_USDAY63680_NEG_MSMS_12_S16-D45_C_Rg80to1200-CE102040-soil-S1_Run203.raw,sample,nmdc:bsm-11-e7ztgg08,S16_C_D45 hydrophilic,high,ProcessedSample2_metabolomics_extraction,metabolomics_extraction
20210915_JGI-AK_MK_506588_SoilWaterRep_final_QE-HF_C18_USDAY63680_NEG_MSMS_49_S40-D89_A_Rg80to1200-CE102040-soil-S1_Run33.raw,sample,nmdc:bsm-11-gkkhv091,S40_A_D89 hydrophobic,high,ProcessedSample2_metabolomics_extraction,metabolomics_extraction
20210915_JGI-AK_MK_506588_SoilWaterRep_final_QE-HF_C18_USDAY63680_NEG_MSMS_25_S32-D89_A_Rg80to1200-CE102040-soil-S1_Run21.raw,sample,nmdc:bsm-11-dq9ezy55,S32_A_D89 hydrophilic,high,ProcessedSample2_metabolomics_extraction,metabolomics_extraction
20210819_JGI-AK_MK_506588_SoilWaterRep_final_QE-139_HILICZ_USHXG01490_NEG_MSMS_3_S16-D30_C_Rg70to1050-CE102040-soil-S1_Run194.raw,sample,nmdc:bsm-11-pqw2sg11,S16_C_D30 hydrophilic,high,ProcessedSample2_metabolomics_extraction,metabolomics_extraction
20210819_JGI-AK_MK_506588_SoilWaterRep_final_QE-139_HILICZ_USHXG01490_POS_MSMS_48_S29-D89_C_Rg70to1050-CE102040-soil-S1_Run190.raw,sample,nmdc:bsm-11-p27p6894,S29_C_D89 hydrophobic,high,ProcessedSample2_metabolomics_extraction,metabolomics_extraction
20210915_JGI-AK_MK_506588_SoilWaterRep_final_QE-HF_C18_USDAY63680_NEG_MSMS_34_S53-D30_A_Rg80to1200-CE102040-soil-S1_Run71.raw,sample,nmdc:bsm-11-k0kvye53,S53_A_D30 hydrophobic,high,ProcessedSample2_metabolomics_extraction,metabolomics_extraction
20210819_JGI-AK_MK_506588_SoilWaterRep_final_QE-139_HILICZ_USHXG01490_NEG_MSMS_45_S53-D45_C_Rg70to1050-CE102040-soil-S1_Run207.raw,sample,nmdc:bsm-11-8eq0ee41,S53_C_D45 hydrophobic,high,ProcessedSample2_metabolomics_extraction,metabolomics_extraction
20210819_JGI-AK_MK_506588_SoilWaterRep_final_QE-139_HILICZ_USHXG01490_NEG_MSMS_19_S16-D89_A_Rg70to1050-CE102040-soil-S1_Run84.raw,sample,nmdc:bsm-11-8kc4dg60,S16_A_D89 hydrophilic,high,ProcessedSample2_metabolomics_extraction,metabolomics_extraction
20210819_JGI-AK_MK_506588_SoilWaterRep_final_QE-139_HILICZ_USHXG01490_NEG_MSMS_47_S29-D89_B_Rg70to1050-CE205060-soil-S1_Run115.raw,sample,nmdc:bsm-11-62qeyh21,S29_B_D89 hydrophobic,high,ProcessedSample2_metabolomics_extraction,metabolomics_extraction
20210915_JGI-AK_MK_506588_SoilWaterRep_final_QE-HF_C18_USDAY63680_NEG_MSMS_2_S16-D30_B_Rg80to1200-CE205060-soil-S1_Run159.raw,sample,nmdc:bsm-11-b093gn20,S16_B_D30 hydrophilic,high,ProcessedSample2_metabolomics_extraction,metabolomics_extraction
20210819_JGI-AK_MK_506588_SoilWaterRep_final_QE-139_HILICZ_USHXG01490_NEG_MSMS_49_S40-D89_A_Rg70to1050-CE102040-soil-S1_Run32.raw,sample,nmdc:bsm-11-gkkhv091,S40_A_D89 hydrophobic,high,ProcessedSample2_metabolomics_extraction,metabolomics_extraction
20210915_JGI-AK_MK_506588_SoilWaterRep_final_QE-HF_C18_USDAY63680_POS_MSMS_2_S16-D30_B_Rg80to1200-CE205060-soil-S1_Run158.raw,sample,nmdc:bsm-11-b093gn20,S16_B_D30 hydrophilic,high,ProcessedSample2_metabolomics_extraction,metabolomics_extraction
20210819_JGI-AK_MK_506588_SoilWaterRep_final_QE-139_HILICZ_USHXG01490_POS_MSMS_30_S29-D30_C_Rg70to1050-CE102040-soil-S1_Run181.raw,sample,nmdc:bsm-11-ct6ede57,S29_C_D30 hydrophobic,high,ProcessedSample2_metabolomics_extraction,metabolomics_extraction
20210915_JGI-AK_MK_506588_SoilWaterRep_final_QE-HF_C18_USDAY63680_POS_MSMS_21_S16-D89_C_Rg80to1200-CE102040-soil-S1_Run220.raw,sample,nmdc:bsm-11-5d48pv16,S16_C_D89 hydrophilic,high,ProcessedSample2_metabolomics_extraction,metabolomics_extraction
20210819_JGI-AK_MK_506588_SoilWaterRep_final_QE-139_HILICZ_USHXG01490_POS_MSMS_46_S29-D89_A_Rg70to1050-CE102040-soil-S1_Run74.raw,sample,nmdc:bsm-11-vpqnkr76,S29_A_D89 hydrophobic,high,ProcessedSample2_metabolomics_extraction,metabolomics_extraction
20210915_JGI-AK_MK_506588_SoilWaterRep_final_QE-HF_C18_USDAY63680_POS_MSMS_18_S32-D45_C_Rg80to1200-CE102040-soil-S1_Run235.raw,sample,nmdc:bsm-11-frvbjc93,S32_C_D45 hydrophilic,high,ProcessedSample2_metabolomics_extraction,metabolomics_extraction
20210915_JGI-AK_MK_506588_SoilWaterRep_final_QE-HF_C18_USDAY63680_POS_MSMS_45_S53-D45_C_Rg80to1200-CE102040-soil-S1_Run211.raw,sample,nmdc:bsm-11-8eq0ee41,S53_C_D45 hydrophobic,high,ProcessedSample2_metabolomics_extraction,metabolomics_extraction
20210819_JGI-AK_MK_506588_SoilWaterRep_final_QE-139_HILICZ_USHXG01490_NEG_MSMS_24_S17-D89_C_Rg70to1050-CE102040-soil-S1_Run185.raw,sample,nmdc:bsm-11-548sqg02,S17_C_D89 hydrophilic,high,ProcessedSample2_metabolomics_extraction,metabolomics_extraction
20210819_JGI-AK_MK_506588_SoilWaterRep_final_QE-139_HILICZ_USHXG01490_NEG_MSMS_51_S40-D89_C_Rg70to1050-CE102040-soil-S1_Run222.raw,sample,nmdc:bsm-11-m01vy390,S40_C_D89 hydrophobic,high,ProcessedSample2_metabolomics_extraction,metabolomics_extraction
20210819_JGI-AK_MK_506588_SoilWaterRep_final_QE-139_HILICZ_USHXG01490_POS_MSMS_32_S40-D30_B_Rg70to1050-CE205060-soil-S1_Run86.raw,sample,nmdc:bsm-11-d497zd30,S40_B_D30 hydrophobic,high,ProcessedSample2_metabolomics_extraction,metabolomics_extraction
20210819_JGI-AK_MK_506588_SoilWaterRep_final_QE-139_HILICZ_USHXG01490_POS_MSMS_45_S53-D45_C_Rg70to1050-CE102040-soil-S1_Run206.raw,sample,nmdc:bsm-11-8eq0ee41,S53_C_D45 hydrophobic,high,ProcessedSample2_metabolomics_extraction,metabolomics_extraction
20210915_JGI-AK_MK_506588_SoilWaterRep_final_QE-HF_C18_USDAY63680_POS_MSMS_5_S17-D30_B_Rg80to1200-CE205060-soil-S1_Run103.raw,sample,nmdc:bsm-11-m6dyp824,S17_B_D30 hydrophilic,high,ProcessedSample2_metabolomics_extraction,metabolomics_extraction
20210915_JGI-AK_MK_506588_SoilWaterRep_final_QE-HF_C18_USDAY63680_NEG_MSMS_38_S29-D45_B_Rg80to1200-CE205060-soil-S1_Run92.raw,sample,nmdc:bsm-11-47981f15,S29_B_D45 hydrophobic,high,ProcessedSample2_metabolomics_extraction,metabolomics_extraction
20210915_JGI-AK_MK_506588_SoilWaterRep_final_QE-HF_C18_USDAY63680_NEG_MSMS_29_S29-D30_B_Rg80to1200-CE205060-soil-S1_Run109.raw,sample,nmdc:bsm-11-w9bg3c13,S29_B_D30 hydrophobic,high,ProcessedSample2_metabolomics_extraction,metabolomics_extraction
20210915_JGI-AK_MK_506588_SoilWaterRep_final_QE-HF_C18_USDAY63680_NEG_MSMS_53_S53-D89_B_Rg80to1200-CE205060-soil-S1_Run156.raw,sample,nmdc:bsm-11-hpc0y385,S53_B_D89 hydrophobic,high,ProcessedSample2_metabolomics_extraction,metabolomics_extraction
20210819_JGI-AK_MK_506588_SoilWaterRep_final_QE-139_HILICZ_USHXG01490_NEG_MSMS_31_S40-D30_A_Rg70to1050-CE102040-soil-S1_Run17.raw,sample,nmdc:bsm-11-085vbj75,S40_A_D30 hydrophobic,high,ProcessedSample2_metabolomics_extraction,metabolomics_extraction
20210819_JGI-AK_MK_506588_SoilWaterRep_final_QE-139_HILICZ_USHXG01490_POS_MSMS_15_S17-D45_C_Rg70to1050-CE102040-soil-S1_Run163.raw,sample,nmdc:bsm-11-jxezhe49,S17_C_D45 hydrophilic,high,ProcessedSample2_metabolomics_extraction,metabolomics_extraction
20210819_JGI-AK_MK_506588_SoilWaterRep_final_QE-139_HILICZ_USHXG01490_NEG_MSMS_11_S16-D45_B_Rg70to1050-CE205060-soil-S1_Run127.raw,sample,nmdc:bsm-11-t2ner660,S16_B_D45 hydrophilic,high,ProcessedSample2_metabolomics_extraction,metabolomics_extraction
20210915_JGI-AK_MK_506588_SoilWaterRep_final_QE-HF_C18_USDAY63680_NEG_MSMS_41_S40-D45_B_Rg80to1200-CE205060-soil-S1_Run142.raw,sample,nmdc:bsm-11-1d28pq90,S40_B_D45 hydrophobic,high,ProcessedSample2_metabolomics_extraction,metabolomics_extraction
20210819_JGI-AK_MK_506588_SoilWaterRep_final_QE-139_HILICZ_USHXG01490_NEG_MSMS_53_S53-D89_B_Rg70to1050-CE205060-soil-S1_Run152.raw,sample,nmdc:bsm-11-hpc0y385,S53_B_D89 hydrophobic,high,ProcessedSample2_metabolomics_extraction,metabolomics_extraction
20210819_JGI-AK_MK_506588_SoilWaterRep_final_QE-139_HILICZ_USHXG01490_NEG_MSMS_43_S53-D45_A_Rg70to1050-CE102040-soil-S1_Run23.raw,sample,nmdc:bsm-11-s9pzk442,S53_A_D45 hydrophobic,high,ProcessedSample2_metabolomics_extraction,metabolomics_extraction
20210915_JGI-AK_MK_506588_SoilWaterRep_final_QE-HF_C18_USDAY63680_POS_MSMS_20_S16-D89_B_Rg80to1200-CE205060-soil-S1_Run120.raw,sample,nmdc:bsm-11-apaqh958,S16_B_D89 hydrophilic,high,ProcessedSample2_metabolomics_extraction,metabolomics_extraction
20210915_JGI-AK_MK_506588_SoilWaterRep_final_QE-HF_C18_USDAY63680_NEG_MSMS_35_S53-D30_B_Rg80to1200-CE205060-soil-S1_Run127.raw,sample,nmdc:bsm-11-1t3pb707,S53_B_D30 hydrophobic,high,ProcessedSample2_metabolomics_extraction,metabolomics_extraction
20210915_JGI-AK_MK_506588_SoilWaterRep_final_QE-HF_C18_USDAY63680_NEG_MSMS_54_S53-D89_C_Rg80to1200-CE102040-soil-S1_Run206.raw,sample,nmdc:bsm-11-36k9py90,S53_C_D89 hydrophobic,high,ProcessedSample2_metabolomics_extraction,metabolomics_extraction
20210915_JGI-AK_MK_506588_SoilWaterRep_final_QE-HF_C18_USDAY63680_POS_MSMS_10_S16-D45_A_Rg80to1200-CE102040-soil-S1_Run53.raw,sample,nmdc:bsm-11-qn720m46,S16_A_D45 hydrophilic,high,ProcessedSample2_metabolomics_extraction,metabolomics_extraction
20210915_JGI-AK_MK_506588_SoilWaterRep_final_QE-HF_C18_USDAY63680_POS_MSMS_46_S29-D89_A_Rg80to1200-CE102040-soil-S1_Run76.raw,sample,nmdc:bsm-11-vpqnkr76,S29_A_D89 hydrophobic,high,ProcessedSample2_metabolomics_extraction,metabolomics_extraction
20210915_JGI-AK_MK_506588_SoilWaterRep_final_QE-HF_C18_USDAY63680_NEG_MSMS_48_S29-D89_C_Rg80to1200-CE102040-soil-S1_Run195.raw,sample,nmdc:bsm-11-p27p6894,S29_C_D89 hydrophobic,high,ProcessedSample2_metabolomics_extraction,metabolomics_extraction
20210915_JGI-AK_MK_506588_SoilWaterRep_final_QE-HF_C18_USDAY63680_NEG_MSMS_15_S17-D45_C_Rg80to1200-CE102040-soil-S1_Run168.raw,sample,nmdc:bsm-11-jxezhe49,S17_C_D45 hydrophilic,high,ProcessedSample2_metabolomics_extraction,metabolomics_extraction
20210819_JGI-AK_MK_506588_SoilWaterRep_final_QE-139_HILICZ_USHXG01490_NEG_MSMS_8_S32-D30_B_Rg70to1050-CE205060-soil-S1_Run112.raw,sample,nmdc:bsm-11-8kd7tk20,S32_B_D30 hydrophilic,high,ProcessedSample2_metabolomics_extraction,metabolomics_extraction
20210915_JGI-AK_MK_506588_SoilWaterRep_final_QE-HF_C18_USDAY63680_NEG_MSMS_46_S29-D89_A_Rg80to1200-CE102040-soil-S1_Run77.raw,sample,nmdc:bsm-11-vpqnkr76,S29_A_D89 hydrophobic,high,ProcessedSample2_metabolomics_extraction,metabolomics_extraction
20210915_JGI-AK_MK_506588_SoilWaterRep_final_QE-HF_C18_USDAY63680_NEG_MSMS_23_S17-D89_B_Rg80to1200-CE205060-soil-S1_Run148.raw,sample,nmdc:bsm-11-3ywmq490,S17_B_D89 hydrophilic,high,ProcessedSample2_metabolomics_extraction,metabolomics_extraction
20210915_JGI-AK_MK_506588_SoilWaterRep_final_QE-HF_C18_USDAY63680_NEG_MSMS_36_S53-D30_C_Rg80to1200-CE102040-soil-S1_Run218.raw,sample,nmdc:bsm-11-k8xjhe51,S53_C_D30 hydrophobic,high,ProcessedSample2_metabolomics_extraction,metabolomics_extraction
20210819_JGI-AK_MK_506588_SoilWaterRep_final_QE-139_HILICZ_USHXG01490_POS_MSMS_35_S53-D30_B_Rg70to1050-CE205060-soil-S1_Run123.raw,sample,nmdc:bsm-11-1t3pb707,S53_B_D30 hydrophobic,high,ProcessedSample2_metabolomics_extraction,metabolomics_extraction
20210915_JGI-AK_MK_506588_SoilWaterRep_final_QE-HF_C18_USDAY63680_NEG_MSMS_7_S32-D30_A_Rg80to1200-CE102040-soil-S1_Run39.raw,sample,nmdc:bsm-11-djeh8w09,S32_A_D30 hydrophilic,high,ProcessedSample2_metabolomics_extraction,metabolomics_extraction
20210819_JGI-AK_MK_506588_SoilWaterRep_final_QE-139_HILICZ_USHXG01490_NEG_MSMS_15_S17-D45_C_Rg70to1050-CE102040-soil-S1_Run164.raw,sample,nmdc:bsm-11-jxezhe49,S17_C_D45 hydrophilic,high,ProcessedSample2_metabolomics_extraction,metabolomics_extraction
20210915_JGI-AK_MK_506588_SoilWaterRep_final_QE-HF_C18_USDAY63680_NEG_MSMS_21_S16-D89_C_Rg80to1200-CE102040-soil-S1_Run221.raw,sample,nmdc:bsm-11-5d48pv16,S16_C_D89 hydrophilic,high,ProcessedSample2_metabolomics_extraction,metabolomics_extraction
20210915_JGI-AK_MK_506588_SoilWaterRep_final_QE-HF_C18_USDAY63680_NEG_MSMS_11_S16-D45_B_Rg80to1200-CE205060-soil-S1_Run130.raw,sample,nmdc:bsm-11-t2ner660,S16_B_D45 hydrophilic,high,ProcessedSample2_metabolomics_extraction,metabolomics_extraction
20210819_JGI-AK_MK_506588_SoilWaterRep_final_QE-139_HILICZ_USHXG01490_NEG_MSMS_9_S32-D30_C_Rg70to1050-CE102040-soil-S1_Run179.raw,sample,nmdc:bsm-11-xzah9h77,S32_C_D30 hydrophilic,high,ProcessedSample2_metabolomics_extraction,metabolomics_extraction
20210915_JGI-AK_MK_506588_SoilWaterRep_final_QE-HF_C18_USDAY63680_NEG_MSMS_16_S32-D45_A_Rg80to1200-CE102040-soil-S1_Run30.raw,sample,nmdc:bsm-11-pmz6mf62,S32_A_D45 hydrophilic,high,ProcessedSample2_metabolomics_extraction,metabolomics_extraction
20210819_JGI-AK_MK_506588_SoilWaterRep_final_QE-139_HILICZ_USHXG01490_NEG_MSMS_33_S40-D30_C_Rg70to1050-CE102040-soil-S1_Run228.raw,sample,nmdc:bsm-11-0fntz079,S40_C_D30 hydrophobic,high,ProcessedSample2_metabolomics_extraction,metabolomics_extraction
20210915_JGI-AK_MK_506588_SoilWaterRep_final_QE-HF_C18_USDAY63680_NEG_MSMS_3_S16-D30_C_Rg80to1200-CE102040-soil-S1_Run198.raw,sample,nmdc:bsm-11-pqw2sg11,S16_C_D30 hydrophilic,high,ProcessedSample2_metabolomics_extraction,metabolomics_extraction
20210915_JGI-AK_MK_506588_SoilWaterRep_final_QE-HF_C18_USDAY63680_POS_MSMS_47_S29-D89_B_Rg80to1200-CE205060-soil-S1_Run117.raw,sample,nmdc:bsm-11-62qeyh21,S29_B_D89 hydrophobic,high,ProcessedSample2_metabolomics_extraction,metabolomics_extraction
20210819_JGI-AK_MK_506588_SoilWaterRep_final_QE-139_HILICZ_USHXG01490_NEG_MSMS_52_S53-D89_A_Rg70to1050-CE102040-soil-S1_Run66.raw,sample,nmdc:bsm-11-5ktpn654,S53_A_D89 hydrophobic,high,ProcessedSample2_metabolomics_extraction,metabolomics_extraction
20210915_JGI-AK_MK_506588_SoilWaterRep_final_QE-HF_C18_USDAY63680_NEG_MSMS_14_S17-D45_B_Rg80to1200-CE205060-soil-S1_Run101.raw,sample,nmdc:bsm-11-jmxr0p77,S17_B_D45 hydrophilic,high,ProcessedSample2_metabolomics_extraction,metabolomics_extraction
20210819_JGI-AK_MK_506588_SoilWaterRep_final_QE-139_HILICZ_USHXG01490_NEG_MSMS_39_S29-D45_C_Rg70to1050-CE102040-soil-S1_Run176.raw,sample,nmdc:bsm-11-c351j824,S29_C_D45 hydrophobic,high,ProcessedSample2_metabolomics_extraction,metabolomics_extraction
20210819_JGI-AK_MK_506588_SoilWaterRep_final_QE-139_HILICZ_USHXG01490_NEG_MSMS_13_S17-D45_A_Rg70to1050-CE102040-soil-S1_Run44.raw,sample,nmdc:bsm-11-pdcjjc38,S17_A_D45 hydrophilic,high,ProcessedSample2_metabolomics_extraction,metabolomics_extraction
20210915_JGI-AK_MK_506588_SoilWaterRep_final_QE-HF_C18_USDAY63680_NEG_MSMS_27_S32-D89_C_Rg80to1200-CE102040-soil-S1_Run171.raw,sample,nmdc:bsm-11-qnnjrr65,S32_C_D89 hydrophilic,high,ProcessedSample2_metabolomics_extraction,metabolomics_extraction
20210915_JGI-AK_MK_506588_SoilWaterRep_final_QE-HF_C18_USDAY63680_POS_MSMS_9_S32-D30_C_Rg80to1200-CE102040-soil-S1_Run182.raw,sample,nmdc:bsm-11-xzah9h77,S32_C_D30 hydrophilic,high,ProcessedSample2_metabolomics_extraction,metabolomics_extraction
20210819_JGI-AK_MK_506588_SoilWaterRep_final_QE-139_HILICZ_USHXG01490_NEG_MSMS_16_S32-D45_A_Rg70to1050-CE102040-soil-S1_Run29.raw,sample,nmdc:bsm-11-pmz6mf62,S32_A_D45 hydrophilic,high,ProcessedSample2_metabolomics_extraction,metabolomics_extraction
20210819_JGI-AK_MK_506588_SoilWaterRep_final_QE-139_HILICZ_USHXG01490_POS_MSMS_41_S40-D45_B_Rg70to1050-CE205060-soil-S1_Run138.raw,sample,nmdc:bsm-11-1d28pq90,S40_B_D45 hydrophobic,high,ProcessedSample2_metabolomics_extraction,metabolomics_extraction
20210819_JGI-AK_MK_506588_SoilWaterRep_final_QE-139_HILICZ_USHXG01490_POS_MSMS_34_S53-D30_A_Rg70to1050-CE102040-soil-S1_Run68.raw,sample,nmdc:bsm-11-k0kvye53,S53_A_D30 hydrophobic,high,ProcessedSample2_metabolomics_extraction,metabolomics_extraction
20210819_JGI-AK_MK_506588_SoilWaterRep_final_QE-139_HILICZ_USHXG01490_NEG_MSMS_46_S29-D89_A_Rg70to1050-CE102040-soil-S1_Run75.raw,sample,nmdc:bsm-11-vpqnkr76,S29_A_D89 hydrophobic,high,ProcessedSample2_metabolomics_extraction,metabolomics_extraction
20210819_JGI-AK_MK_506588_SoilWaterRep_final_QE-139_HILICZ_USHXG01490_POS_MSMS_18_S32-D45_C_Rg70to1050-CE102040-soil-S1_Run230.raw,sample,nmdc:bsm-11-frvbjc93,S32_C_D45 hydrophilic,high,ProcessedSample2_metabolomics_extraction,metabolomics_extraction
20210915_JGI-AK_MK_506588_SoilWaterRep_final_QE-HF_C18_USDAY63680_NEG_MSMS_50_S40-D89_B_Rg80to1200-CE205060-soil-S1_Run145.raw,sample,nmdc:bsm-11-ekqspq89,S40_B_D89 hydrophobic,high,ProcessedSample2_metabolomics_extraction,metabolomics_extraction
20210915_JGI-AK_MK_506588_SoilWaterRep_final_QE-HF_C18_USDAY63680_NEG_MSMS_22_S17-D89_A_Rg80to1200-CE102040-soil-S1_Run74.raw,sample,nmdc:bsm-11-44xrre38,S17_A_D89 hydrophilic,high,ProcessedSample2_metabolomics_extraction,metabolomics_extraction
20210819_JGI-AK_MK_506588_SoilWaterRep_final_QE-139_HILICZ_USHXG01490_POS_MSMS_13_S17-D45_A_Rg70to1050-CE102040-soil-S1_Run43.raw,sample,nmdc:bsm-11-pdcjjc38,S17_A_D45 hydrophilic,high,ProcessedSample2_metabolomics_extraction,metabolomics_extraction
20210819_JGI-AK_MK_506588_SoilWaterRep_final_QE-139_HILICZ_USHXG01490_NEG_MSMS_27_S32-D89_C_Rg70to1050-CE102040-soil-S1_Run167.raw,sample,nmdc:bsm-11-qnnjrr65,S32_C_D89 hydrophilic,high,ProcessedSample2_metabolomics_extraction,metabolomics_extraction
20210819_JGI-AK_MK_506588_SoilWaterRep_final_QE-139_HILICZ_USHXG01490_POS_MSMS_12_S16-D45_C_Rg70to1050-CE102040-soil-S1_Run197.raw,sample,nmdc:bsm-11-e7ztgg08,S16_C_D45 hydrophilic,high,ProcessedSample2_metabolomics_extraction,metabolomics_extraction
20210915_JGI-AK_MK_506588_SoilWaterRep_final_QE-HF_C18_USDAY63680_POS_MSMS_48_S29-D89_C_Rg80to1200-CE102040-soil-S1_Run194.raw,sample,nmdc:bsm-11-p27p6894,S29_C_D89 hydrophobic,high,ProcessedSample2_metabolomics_extraction,metabolomics_extraction
20210819_JGI-AK_MK_506588_SoilWaterRep_final_QE-139_HILICZ_USHXG01490_NEG_MSMS_42_S40-D45_C_Rg70to1050-CE102040-soil-S1_Run188.raw,sample,nmdc:bsm-11-xh9qrs70,S40_C_D45 hydrophobic,high,ProcessedSample2_metabolomics_extraction,metabolomics_extraction
20210819_JGI-AK_MK_506588_SoilWaterRep_final_QE-139_HILICZ_USHXG01490_POS_MSMS_52_S53-D89_A_Rg70to1050-CE102040-soil-S1_Run65.raw,sample,nmdc:bsm-11-5ktpn654,S53_A_D89 hydrophobic,high,ProcessedSample2_metabolomics_extraction,metabolomics_extraction
20210915_JGI-AK_MK_506588_SoilWaterRep_final_QE-HF_C18_USDAY63680_POS_MSMS_7_S32-D30_A_Rg80to1200-CE102040-soil-S1_Run38.raw,sample,nmdc:bsm-11-djeh8w09,S32_A_D30 hydrophilic,high,ProcessedSample2_metabolomics_extraction,metabolomics_extraction
20210819_JGI-AK_MK_506588_SoilWaterRep_final_QE-139_HILICZ_USHXG01490_POS_MSMS_51_S40-D89_C_Rg70to1050-CE102040-soil-S1_Run221.raw,sample,nmdc:bsm-11-m01vy390,S40_C_D89 hydrophobic,high,ProcessedSample2_metabolomics_extraction,metabolomics_extraction
20210819_JGI-AK_MK_506588_SoilWaterRep_final_QE-139_HILICZ_USHXG01490_NEG_MSMS_26_S32-D89_B_Rg70to1050-CE205060-soil-S1_Run148.raw,sample,nmdc:bsm-11-eft4hz10,S32_B_D89 hydrophilic,high,ProcessedSample2_metabolomics_extraction,metabolomics_extraction
20210819_JGI-AK_MK_506588_SoilWaterRep_final_QE-139_HILICZ_USHXG01490_NEG_MSMS_4_S17-D30_A_Rg70to1050-CE102040-soil-S1_Run60.raw,sample,nmdc:bsm-11-0j16a127,S17_A_D30 hydrophilic,high,ProcessedSample2_metabolomics_extraction,metabolomics_extraction
20210915_JGI-AK_MK_506588_SoilWaterRep_final_QE-HF_C18_USDAY63680_NEG_MSMS_6_S17-D30_C_Rg80to1200-CE102040-soil-S1_Run174.raw,sample,nmdc:bsm-11-p2hefv39,S17_C_D30 hydrophilic,high,ProcessedSample2_metabolomics_extraction,metabolomics_extraction
20210819_JGI-AK_MK_506588_SoilWaterRep_final_QE-139_HILICZ_USHXG01490_NEG_MSMS_7_S32-D30_A_Rg70to1050-CE102040-soil-S1_Run38.raw,sample,nmdc:bsm-11-djeh8w09,S32_A_D30 hydrophilic,high,ProcessedSample2_metabolomics_extraction,metabolomics_extraction
20210915_JGI-AK_MK_506588_SoilWaterRep_final_QE-HF_C18_USDAY63680_NEG_MSMS_9_S32-D30_C_Rg80to1200-CE102040-soil-S1_Run183.raw,sample,nmdc:bsm-11-xzah9h77,S32_C_D30 hydrophilic,high,ProcessedSample2_metabolomics_extraction,metabolomics_extraction
20210915_JGI-AK_MK_506588_SoilWaterRep_final_QE-HF_C18_USDAY63680_NEG_MSMS_51_S40-D89_C_Rg80to1200-CE102040-soil-S1_Run227.raw,sample,nmdc:bsm-11-m01vy390,S40_C_D89 hydrophobic,high,ProcessedSample2_metabolomics_extraction,metabolomics_extraction
20210819_JGI-AK_MK_506588_SoilWaterRep_final_QE-139_HILICZ_USHXG01490_POS_MSMS_20_S16-D89_B_Rg70to1050-CE205060-soil-S1_Run117.raw,sample,nmdc:bsm-11-apaqh958,S16_B_D89 hydrophilic,high,ProcessedSample2_metabolomics_extraction,metabolomics_extraction
20210915_JGI-AK_MK_506588_SoilWaterRep_final_QE-HF_C18_USDAY63680_NEG_MSMS_17_S32-D45_B_Rg80to1200-CE205060-soil-S1_Run112.raw,sample,nmdc:bsm-11-7f5qmk63,S32_B_D45 hydrophilic,high,ProcessedSample2_metabolomics_extraction,metabolomics_extraction
20210819_JGI-AK_MK_506588_SoilWaterRep_final_QE-139_HILICZ_USHXG01490_POS_MSMS_40_S40-D45_A_Rg70to1050-CE102040-soil-S1_Run49.raw,sample,nmdc:bsm-11-ph0fwv60,S40_A_D45 hydrophobic,high,ProcessedSample2_metabolomics_extraction,metabolomics_extraction
20210915_JGI-AK_MK_506588_SoilWaterRep_final_QE-HF_C18_USDAY63680_NEG_MSMS_20_S16-D89_B_Rg80to1200-CE205060-soil-S1_Run121.raw,sample,nmdc:bsm-11-apaqh958,S16_B_D89 hydrophilic,high,ProcessedSample2_metabolomics_extraction,metabolomics_extraction
20210915_JGI-AK_MK_506588_SoilWaterRep_final_QE-HF_C18_USDAY63680_POS_MSMS_53_S53-D89_B_Rg80to1200-CE205060-soil-S1_Run155.raw,sample,nmdc:bsm-11-hpc0y385,S53_B_D89 hydrophobic,high,ProcessedSample2_metabolomics_extraction,metabolomics_extraction
20210819_JGI-AK_MK_506588_SoilWaterRep_final_QE-139_HILICZ_USHXG01490_NEG_MSMS_37_S29-D45_A_Rg70to1050-CE102040-soil-S1_Run26.raw,sample,nmdc:bsm-11-q1kss226,S29_A_D45 hydrophobic,high,ProcessedSample2_metabolomics_extraction,metabolomics_extraction
20210915_JGI-AK_MK_506588_SoilWaterRep_final_QE-HF_C18_USDAY63680_POS_MSMS_40_S40-D45_A_Rg80to1200-CE102040-soil-S1_Run50.raw,sample,nmdc:bsm-11-ph0fwv60,S40_A_D45 hydrophobic,high,ProcessedSample2_metabolomics_extraction,metabolomics_extraction
20210819_JGI-AK_MK_506588_SoilWaterRep_final_QE-139_HILICZ_USHXG01490_POS_MSMS_10_S16-D45_A_Rg70to1050-CE102040-soil-S1_Run52.raw,sample,nmdc:bsm-11-qn720m46,S16_A_D45 hydrophilic,high,ProcessedSample2_metabolomics_extraction,metabolomics_extraction
20210819_JGI-AK_MK_506588_SoilWaterRep_final_QE-139_HILICZ_USHXG01490_NEG_MSMS_20_S16-D89_B_Rg70to1050-CE205060-soil-S1_Run118.raw,sample,nmdc:bsm-11-apaqh958,S16_B_D89 hydrophilic,high,ProcessedSample2_metabolomics_extraction,metabolomics_extraction
20210819_JGI-AK_MK_506588_SoilWaterRep_final_QE-139_HILICZ_USHXG01490_NEG_MSMS_10_S16-D45_A_Rg70to1050-CE102040-soil-S1_Run53.raw,sample,nmdc:bsm-11-qn720m46,S16_A_D45 hydrophilic,high,ProcessedSample2_metabolomics_extraction,metabolomics_extraction
20210915_JGI-AK_MK_506588_SoilWaterRep_final_QE-HF_C18_USDAY63680_NEG_MSMS_8_S32-D30_B_Rg80to1200-CE205060-soil-S1_Run115.raw,sample,nmdc:bsm-11-8kd7tk20,S32_B_D30 hydrophilic,high,ProcessedSample2_metabolomics_extraction,metabolomics_extraction
20210819_JGI-AK_MK_506588_SoilWaterRep_final_QE-139_HILICZ_USHXG01490_POS_MSMS_14_S17-D45_B_Rg70to1050-CE205060-soil-S1_Run98.raw,sample,nmdc:bsm-11-jmxr0p77,S17_B_D45 hydrophilic,high,ProcessedSample2_metabolomics_extraction,metabolomics_extraction
20210915_JGI-AK_MK_506588_SoilWaterRep_final_QE-HF_C18_USDAY63680_POS_MSMS_19_S16-D89_A_Rg80to1200-CE102040-soil-S1_Run85.raw,sample,nmdc:bsm-11-8kc4dg60,S16_A_D89 hydrophilic,high,ProcessedSample2_metabolomics_extraction,metabolomics_extraction
20210819_JGI-AK_MK_506588_SoilWaterRep_final_QE-139_HILICZ_USHXG01490_NEG_MSMS_17_S32-D45_B_Rg70to1050-CE205060-soil-S1_Run109.raw,sample,nmdc:bsm-11-7f5qmk63,S32_B_D45 hydrophilic,high,ProcessedSample2_metabolomics_extraction,metabolomics_extraction
20210819_JGI-AK_MK_506588_SoilWaterRep_final_QE-139_HILICZ_USHXG01490_POS_MSMS_36_S53-D30_C_Rg70to1050-CE102040-soil-S1_Run212.raw,sample,nmdc:bsm-11-k8xjhe51,S53_C_D30 hydrophobic,high,ProcessedSample2_metabolomics_extraction,metabolomics_extraction
20210915_JGI-AK_MK_506588_SoilWaterRep_final_QE-HF_C18_USDAY63680_POS_MSMS_16_S32-D45_A_Rg80to1200-CE102040-soil-S1_Run29.raw,sample,nmdc:bsm-11-pmz6mf62,S32_A_D45 hydrophilic,high,ProcessedSample2_metabolomics_extraction,metabolomics_extraction
20210819_JGI-AK_MK_506588_SoilWaterRep_final_QE-139_HILICZ_USHXG01490_POS_MSMS_8_S32-D30_B_Rg70to1050-CE205060-soil-S1_Run111.raw,sample,nmdc:bsm-11-8kd7tk20,S32_B_D30 hydrophilic,high,ProcessedSample2_metabolomics_extraction,metabolomics_extraction
20210819_JGI-AK_MK_506588_SoilWaterRep_final_QE-139_HILICZ_USHXG01490_NEG_MSMS_30_S29-D30_C_Rg70to1050-CE102040-soil-S1_Run182.raw,sample,nmdc:bsm-11-ct6ede57,S29_C_D30 hydrophobic,high,ProcessedSample2_metabolomics_extraction,metabolomics_extraction
20210819_JGI-AK_MK_506588_SoilWaterRep_final_QE-139_HILICZ_USHXG01490_NEG_MSMS_6_S17-D30_C_Rg70to1050-CE102040-soil-S1_Run170.raw,sample,nmdc:bsm-11-p2hefv39,S17_C_D30 hydrophilic,high,ProcessedSample2_metabolomics_extraction,metabolomics_extraction
20210819_JGI-AK_MK_506588_SoilWaterRep_final_QE-139_HILICZ_USHXG01490_NEG_MSMS_41_S40-D45_B_Rg70to1050-CE205060-soil-S1_Run139.raw,sample,nmdc:bsm-11-1d28pq90,S40_B_D45 hydrophobic,high,ProcessedSample2_metabolomics_extraction,metabolomics_extraction
20210819_JGI-AK_MK_506588_SoilWaterRep_final_QE-139_HILICZ_USHXG01490_NEG_MSMS_32_S40-D30_B_Rg70to1050-CE205060-soil-S1_Run87.raw,sample,nmdc:bsm-11-d497zd30,S40_B_D30 hydrophobic,high,ProcessedSample2_metabolomics_extraction,metabolomics_extraction
20210915_JGI-AK_MK_506588_SoilWaterRep_final_QE-HF_C18_USDAY63680_POS_MSMS_26_S32-D89_B_Rg80to1200-CE205060-soil-S1_Run150.raw,sample,nmdc:bsm-11-eft4hz10,S32_B_D89 hydrophilic,high,ProcessedSample2_metabolomics_extraction,metabolomics_extraction
20210819_JGI-AK_MK_506588_SoilWaterRep_final_QE-139_HILICZ_USHXG01490_NEG_MSMS_54_S53-D89_C_Rg70to1050-CE102040-soil-S1_Run201.raw,sample,nmdc:bsm-11-36k9py90,S53_C_D89 hydrophobic,high,ProcessedSample2_metabolomics_extraction,metabolomics_extraction
20210915_JGI-AK_MK_506588_SoilWaterRep_final_QE-HF_C18_USDAY63680_POS_MSMS_37_S29-D45_A_Rg80to1200-CE102040-soil-S1_Run26.raw,sample,nmdc:bsm-11-q1kss226,S29_A_D45 hydrophobic,high,ProcessedSample2_metabolomics_extraction,metabolomics_extraction
20210819_JGI-AK_MK_506588_SoilWaterRep_final_QE-139_HILICZ_USHXG01490_POS_MSMS_17_S32-D45_B_Rg70to1050-CE205060-soil-S1_Run108.raw,sample,nmdc:bsm-11-7f5qmk63,S32_B_D45 hydrophilic,high,ProcessedSample2_metabolomics_extraction,metabolomics_extraction
20210819_JGI-AK_MK_506588_SoilWaterRep_final_QE-139_HILICZ_USHXG01490_POS_MSMS_49_S40-D89_A_Rg70to1050-CE102040-soil-S1_Run31.raw,sample,nmdc:bsm-11-gkkhv091,S40_A_D89 hydrophobic,high,ProcessedSample2_metabolomics_extraction,metabolomics_extraction
20210915_JGI-AK_MK_506588_SoilWaterRep_final_QE-HF_C18_USDAY63680_NEG_MSMS_31_S40-D30_A_Rg80to1200-CE102040-soil-S1_Run18.raw,sample,nmdc:bsm-11-085vbj75,S40_A_D30 hydrophobic,high,ProcessedSample2_metabolomics_extraction,metabolomics_extraction
20210819_JGI-AK_MK_506588_SoilWaterRep_final_QE-139_HILICZ_USHXG01490_NEG_MSMS_38_S29-D45_B_Rg70to1050-CE205060-soil-S1_Run90.raw,sample,nmdc:bsm-11-47981f15,S29_B_D45 hydrophobic,high,ProcessedSample2_metabolomics_extraction,metabolomics_extraction
20210819_JGI-AK_MK_506588_SoilWaterRep_final_QE-139_HILICZ_USHXG01490_POS_MSMS_25_S32-D89_A_Rg70to1050-CE102040-soil-S1_Run19.raw,sample,nmdc:bsm-11-dq9ezy55,S32_A_D89 hydrophilic,high,ProcessedSample2_metabolomics_extraction,metabolomics_extraction
20210819_JGI-AK_MK_506588_SoilWaterRep_final_QE-139_HILICZ_USHXG01490_POS_MSMS_22_S17-D89_A_Rg70to1050-CE102040-soil-S1_Run71.raw,sample,nmdc:bsm-11-44xrre38,S17_A_D89 hydrophilic,high,ProcessedSample2_metabolomics_extraction,metabolomics_extraction
20210915_JGI-AK_MK_506588_SoilWaterRep_final_QE-HF_C18_USDAY63680_POS_MSMS_30_S29-D30_C_Rg80to1200-CE102040-soil-S1_Run185.raw,sample,nmdc:bsm-11-ct6ede57,S29_C_D30 hydrophobic,high,ProcessedSample2_metabolomics_extraction,metabolomics_extraction
20210915_JGI-AK_MK_506588_SoilWaterRep_final_QE-HF_C18_USDAY63680_POS_MSMS_17_S32-D45_B_Rg80to1200-CE205060-soil-S1_Run111.raw,sample,nmdc:bsm-11-7f5qmk63,S32_B_D45 hydrophilic,high,ProcessedSample2_metabolomics_extraction,metabolomics_extraction
20210819_JGI-AK_MK_506588_SoilWaterRep_final_QE-139_HILICZ_USHXG01490_POS_MSMS_54_S53-D89_C_Rg70to1050-CE102040-soil-S1_Run200.raw,sample,nmdc:bsm-11-36k9py90,S53_C_D89 hydrophobic,high,ProcessedSample2_metabolomics_extraction,metabolomics_extraction
20210915_JGI-AK_MK_506588_SoilWaterRep_final_QE-HF_C18_USDAY63680_POS_MSMS_38_S29-D45_B_Rg80to1200-CE205060-soil-S1_Run91.raw,sample,nmdc:bsm-11-47981f15,S29_B_D45 hydrophobic,high,ProcessedSample2_metabolomics_extraction,metabolomics_extraction
20210819_JGI-AK_MK_506588_SoilWaterRep_final_QE-139_HILICZ_USHXG01490_NEG_MSMS_1_S16-D30_A_Rg70to1050-CE102040-soil-S1_Run78.raw,sample,nmdc:bsm-11-bspxw403,S16_A_D30 hydrophilic,high,ProcessedSample2_metabolomics_extraction,metabolomics_extraction
20210915_JGI-AK_MK_506588_SoilWaterRep_final_QE-HF_C18_USDAY63680_POS_MSMS_36_S53-D30_C_Rg80to1200-CE102040-soil-S1_Run217.raw,sample,nmdc:bsm-11-k8xjhe51,S53_C_D30 hydrophobic,high,ProcessedSample2_metabolomics_extraction,metabolomics_extraction
20210915_JGI-AK_MK_506588_SoilWaterRep_final_QE-HF_C18_USDAY63680_POS_MSMS_4_S17-D30_A_Rg80to1200-CE102040-soil-S1_Run61.raw,sample,nmdc:bsm-11-0j16a127,S17_A_D30 hydrophilic,high,ProcessedSample2_metabolomics_extraction,metabolomics_extraction
20210819_JGI-AK_MK_506588_SoilWaterRep_final_QE-139_HILICZ_USHXG01490_NEG_MSMS_28_S29-D30_A_Rg70to1050-CE102040-soil-S1_Run41.raw,sample,nmdc:bsm-11-xyjkwb46,S29_A_D30 hydrophobic,high,ProcessedSample2_metabolomics_extraction,metabolomics_extraction
20210819_JGI-AK_MK_506588_SoilWaterRep_final_QE-139_HILICZ_USHXG01490_POS_MSMS_42_S40-D45_C_Rg70to1050-CE102040-soil-S1_Run187.raw,sample,nmdc:bsm-11-xh9qrs70,S40_C_D45 hydrophobic,high,ProcessedSample2_metabolomics_extraction,metabolomics_extraction
20210819_JGI-AK_MK_506588_SoilWaterRep_final_QE-139_HILICZ_USHXG01490_NEG_MSMS_40_S40-D45_A_Rg70to1050-CE102040-soil-S1_Run50.raw,sample,nmdc:bsm-11-ph0fwv60,S40_A_D45 hydrophobic,high,ProcessedSample2_metabolomics_extraction,metabolomics_extraction
20210915_JGI-AK_MK_506588_SoilWaterRep_final_QE-HF_C18_USDAY63680_POS_MSMS_23_S17-D89_B_Rg80to1200-CE205060-soil-S1_Run147.raw,sample,nmdc:bsm-11-3ywmq490,S17_B_D89 hydrophilic,high,ProcessedSample2_metabolomics_extraction,metabolomics_extraction
20210819_JGI-AK_MK_506588_SoilWaterRep_final_QE-139_HILICZ_USHXG01490_POS_MSMS_53_S53-D89_B_Rg70to1050-CE205060-soil-S1_Run151.raw,sample,nmdc:bsm-11-hpc0y385,S53_B_D89 hydrophobic,high,ProcessedSample2_metabolomics_extraction,metabolomics_extraction
20210819_JGI-AK_MK_506588_SoilWaterRep_final_QE-139_HILICZ_USHXG01490_POS_MSMS_29_S29-D30_B_Rg70to1050-CE205060-soil-S1_Run105.raw,sample,nmdc:bsm-11-w9bg3c13,S29_B_D30 hydrophobic,high,ProcessedSample2_metabolomics_extraction,metabolomics_extraction
20210915_JGI-AK_MK_506588_SoilWaterRep_final_QE-HF_C18_USDAY63680_POS_MSMS_1_S16-D30_A_Rg80to1200-CE102040-soil-S1_Run79.raw,sample,nmdc:bsm-11-bspxw403,S16_A_D30 hydrophilic,high,ProcessedSample2_metabolomics_extraction,metabolomics_extraction
20210819_JGI-AK_MK_506588_SoilWaterRep_final_QE-139_HILICZ_USHXG01490_POS_MSMS_2_S16-D30_B_Rg70to1050-CE205060-soil-S1_Run154.raw,sample,nmdc:bsm-11-b093gn20,S16_B_D30 hydrophilic,high,ProcessedSample2_metabolomics_extraction,metabolomics_extraction
20210819_JGI-AK_MK_506588_SoilWaterRep_final_QE-139_HILICZ_USHXG01490_POS_MSMS_3_S16-D30_C_Rg70to1050-CE102040-soil-S1_Run193.raw,sample,nmdc:bsm-11-pqw2sg11,S16_C_D30 hydrophilic,high,ProcessedSample2_metabolomics_extraction,metabolomics_extraction
20210915_JGI-AK_MK_506588_SoilWaterRep_final_QE-HF_C18_USDAY63680_NEG_MSMS_44_S53-D45_B_Rg80to1200-CE205060-soil-S1_Run98.raw,sample,nmdc:bsm-11-ksnxcm30,S53_B_D45 hydrophobic,high,ProcessedSample2_metabolomics_extraction,metabolomics_extraction
20210819_JGI-AK_MK_506588_SoilWaterRep_final_QE-139_HILICZ_USHXG01490_NEG_MSMS_18_S32-D45_C_Rg70to1050-CE102040-soil-S1_Run231.raw,sample,nmdc:bsm-11-frvbjc93,S32_C_D45 hydrophilic,high,ProcessedSample2_metabolomics_extraction,metabolomics_extraction
20210915_JGI-AK_MK_506588_SoilWaterRep_final_QE-HF_C18_USDAY63680_POS_MSMS_3_S16-D30_C_Rg80to1200-CE102040-soil-S1_Run197.raw,sample,nmdc:bsm-11-pqw2sg11,S16_C_D30 hydrophilic,high,ProcessedSample2_metabolomics_extraction,metabolomics_extraction
20210915_JGI-AK_MK_506588_SoilWaterRep_final_QE-HF_C18_USDAY63680_POS_MSMS_41_S40-D45_B_Rg80to1200-CE205060-soil-S1_Run141.raw,sample,nmdc:bsm-11-1d28pq90,S40_B_D45 hydrophobic,high,ProcessedSample2_metabolomics_extraction,metabolomics_extraction
20210819_JGI-AK_MK_506588_SoilWaterRep_final_QE-139_HILICZ_USHXG01490_POS_MSMS_47_S29-D89_B_Rg70to1050-CE205060-soil-S1_Run114.raw,sample,nmdc:bsm-11-62qeyh21,S29_B_D89 hydrophobic,high,ProcessedSample2_metabolomics_extraction,metabolomics_extraction
20210915_JGI-AK_MK_506588_SoilWaterRep_final_QE-HF_C18_USDAY63680_POS_MSMS_52_S53-D89_A_Rg80to1200-CE102040-soil-S1_Run67.raw,sample,nmdc:bsm-11-5ktpn654,S53_A_D89 hydrophobic,high,ProcessedSample2_metabolomics_extraction,metabolomics_extraction
20210819_JGI-AK_MK_506588_SoilWaterRep_final_QE-139_HILICZ_USHXG01490_POS_MSMS_24_S17-D89_C_Rg70to1050-CE102040-soil-S1_Run184.raw,sample,nmdc:bsm-11-548sqg02,S17_C_D89 hydrophilic,high,ProcessedSample2_metabolomics_extraction,metabolomics_extraction
20210915_JGI-AK_MK_506588_SoilWaterRep_final_QE-HF_C18_USDAY63680_POS_MSMS_43_S53-D45_A_Rg80to1200-CE102040-soil-S1_Run23.raw,sample,nmdc:bsm-11-s9pzk442,S53_A_D45 hydrophobic,high,ProcessedSample2_metabolomics_extraction,metabolomics_extraction
20210819_JGI-AK_MK_506588_SoilWaterRep_final_QE-139_HILICZ_USHXG01490_POS_MSMS_28_S29-D30_A_Rg70to1050-CE102040-soil-S1_Run40.raw,sample,nmdc:bsm-11-xyjkwb46,S29_A_D30 hydrophobic,high,ProcessedSample2_metabolomics_extraction,metabolomics_extraction
20210819_JGI-AK_MK_506588_SoilWaterRep_final_QE-139_HILICZ_USHXG01490_POS_MSMS_11_S16-D45_B_Rg70to1050-CE205060-soil-S1_Run126.raw,sample,nmdc:bsm-11-t2ner660,S16_B_D45 hydrophilic,high,ProcessedSample2_metabolomics_extraction,metabolomics_extraction
20210819_JGI-AK_MK_506588_SoilWaterRep_final_QE-139_HILICZ_USHXG01490_NEG_MSMS_2_S16-D30_B_Rg70to1050-CE205060-soil-S1_Run155.raw,sample,nmdc:bsm-11-b093gn20,S16_B_D30 hydrophilic,high,ProcessedSample2_metabolomics_extraction,metabolomics_extraction
20210819_JGI-AK_MK_506588_SoilWaterRep_final_QE-139_HILICZ_USHXG01490_POS_MSMS_23_S17-D89_B_Rg70to1050-CE205060-soil-S1_Run144.raw,sample,nmdc:bsm-11-3ywmq490,S17_B_D89 hydrophilic,high,ProcessedSample2_metabolomics_extraction,metabolomics_extraction
20210915_JGI-AK_MK_506588_SoilWaterRep_final_QE-HF_C18_USDAY63680_POS_MSMS_34_S53-D30_A_Rg80to1200-CE102040-soil-S1_Run70.raw,sample,nmdc:bsm-11-k0kvye53,S53_A_D30 hydrophobic,high,ProcessedSample2_metabolomics_extraction,metabolomics_extraction
20210915_JGI-AK_MK_506588_SoilWaterRep_final_QE-HF_C18_USDAY63680_NEG_MSMS_13_S17-D45_A_Rg80to1200-CE102040-soil-S1_Run45.raw,sample,nmdc:bsm-11-pdcjjc38,S17_A_D45 hydrophilic,high,ProcessedSample2_metabolomics_extraction,metabolomics_extraction
20210915_JGI-AK_MK_506588_SoilWaterRep_final_QE-HF_C18_USDAY63680_POS_MSMS_44_S53-D45_B_Rg80to1200-CE205060-soil-S1_Run97.raw,sample,nmdc:bsm-11-ksnxcm30,S53_B_D45 hydrophobic,high,ProcessedSample2_metabolomics_extraction,metabolomics_extraction
20210915_JGI-AK_MK_506588_SoilWaterRep_final_QE-HF_C18_USDAY63680_POS_MSMS_33_S40-D30_C_Rg80to1200-CE102040-soil-S1_Run232.raw,sample,nmdc:bsm-11-0fntz079,S40_C_D30 hydrophobic,high,ProcessedSample2_metabolomics_extraction,metabolomics_extraction
20210819_JGI-AK_MK_506588_SoilWaterRep_final_QE-139_HILICZ_USHXG01490_NEG_MSMS_23_S17-D89_B_Rg70to1050-CE205060-soil-S1_Run145.raw,sample,nmdc:bsm-11-3ywmq490,S17_B_D89 hydrophilic,high,ProcessedSample2_metabolomics_extraction,metabolomics_extraction
20210915_JGI-AK_MK_506588_SoilWaterRep_final_QE-HF_C18_USDAY63680_NEG_MSMS_10_S16-D45_A_Rg80to1200-CE102040-soil-S1_Run54.raw,sample,nmdc:bsm-11-qn720m46,S16_A_D45 hydrophilic,high,ProcessedSample2_metabolomics_extraction,metabolomics_extraction
20210819_JGI-AK_MK_506588_SoilWaterRep_final_QE-139_HILICZ_USHXG01490_NEG_MSMS_35_S53-D30_B_Rg70to1050-CE205060-soil-S1_Run124.raw,sample,nmdc:bsm-11-1t3pb707,S53_B_D30 hydrophobic,high,ProcessedSample2_metabolomics_extraction,metabolomics_extraction
20210915_JGI-AK_MK_506588_SoilWaterRep_final_QE-HF_C18_USDAY63680_NEG_MSMS_40_S40-D45_A_Rg80to1200-CE102040-soil-S1_Run51.raw,sample,nmdc:bsm-11-ph0fwv60,S40_A_D45 hydrophobic,high,ProcessedSample2_metabolomics_extraction,metabolomics_extraction
20210819_JGI-AK_MK_506588_SoilWaterRep_final_QE-139_HILICZ_USHXG01490_POS_MSMS_4_S17-D30_A_Rg70to1050-CE102040-soil-S1_Run59.raw,sample,nmdc:bsm-11-0j16a127,S17_A_D30 hydrophilic,high,ProcessedSample2_metabolomics_extraction,metabolomics_extraction
20210915_JGI-AK_MK_506588_SoilWaterRep_final_QE-HF_C18_USDAY63680_POS_MSMS_28_S29-D30_A_Rg80to1200-CE102040-soil-S1_Run41.raw,sample,nmdc:bsm-11-xyjkwb46,S29_A_D30 hydrophobic,high,ProcessedSample2_metabolomics_extraction,metabolomics_extraction
20210819_JGI-AK_MK_506588_SoilWaterRep_final_QE-139_HILICZ_USHXG01490_NEG_MSMS_12_S16-D45_C_Rg70to1050-CE102040-soil-S1_Run198.raw,sample,nmdc:bsm-11-e7ztgg08,S16_C_D45 hydrophilic,high,ProcessedSample2_metabolomics_extraction,metabolomics_extraction
20210915_JGI-AK_MK_506588_SoilWaterRep_final_QE-HF_C18_USDAY63680_NEG_MSMS_30_S29-D30_C_Rg80to1200-CE102040-soil-S1_Run186.raw,sample,nmdc:bsm-11-ct6ede57,S29_C_D30 hydrophobic,high,ProcessedSample2_metabolomics_extraction,metabolomics_extraction
20210915_JGI-AK_MK_506588_SoilWaterRep_final_QE-HF_C18_USDAY63680_POS_MSMS_15_S17-D45_C_Rg80to1200-CE102040-soil-S1_Run167.raw,sample,nmdc:bsm-11-jxezhe49,S17_C_D45 hydrophilic,high,ProcessedSample2_metabolomics_extraction,metabolomics_extraction
20210819_JGI-AK_MK_506588_SoilWaterRep_final_QE-139_HILICZ_USHXG01490_POS_MSMS_7_S32-D30_A_Rg70to1050-CE102040-soil-S1_Run37.raw,sample,nmdc:bsm-11-djeh8w09,S32_A_D30 hydrophilic,high,ProcessedSample2_metabolomics_extraction,metabolomics_extraction
20210915_JGI-AK_MK_506588_SoilWaterRep_final_QE-HF_C18_USDAY63680_NEG_MSMS_32_S40-D30_B_Rg80to1200-CE205060-soil-S1_Run89.raw,sample,nmdc:bsm-11-d497zd30,S40_B_D30 hydrophobic,high,ProcessedSample2_metabolomics_extraction,metabolomics_extraction
20210819_JGI-AK_MK_506588_SoilWaterRep_final_QE-139_HILICZ_USHXG01490_NEG_MSMS_48_S29-D89_C_Rg70to1050-CE102040-soil-S1_Run191.raw,sample,nmdc:bsm-11-p27p6894,S29_C_D89 hydrophobic,high,ProcessedSample2_metabolomics_extraction,metabolomics_extraction
20210915_JGI-AK_MK_506588_SoilWaterRep_final_QE-HF_C18_USDAY63680_NEG_MSMS_28_S29-D30_A_Rg80to1200-CE102040-soil-S1_Run42.raw,sample,nmdc:bsm-11-xyjkwb46,S29_A_D30 hydrophobic,high,ProcessedSample2_metabolomics_extraction,metabolomics_extraction
20210819_JGI-AK_MK_506588_SoilWaterRep_final_QE-139_HILICZ_USHXG01490_POS_MSMS_39_S29-D45_C_Rg70to1050-CE102040-soil-S1_Run175.raw,sample,nmdc:bsm-11-c351j824,S29_C_D45 hydrophobic,high,ProcessedSample2_metabolomics_extraction,metabolomics_extraction
20210915_JGI-AK_MK_506588_SoilWaterRep_final_QE-HF_C18_USDAY63680_POS_MSMS_11_S16-D45_B_Rg80to1200-CE205060-soil-S1_Run129.raw,sample,nmdc:bsm-11-t2ner660,S16_B_D45 hydrophilic,high,ProcessedSample2_metabolomics_extraction,metabolomics_extraction
20210915_JGI-AK_MK_506588_SoilWaterRep_final_QE-HF_C18_USDAY63680_NEG_MSMS_37_S29-D45_A_Rg80to1200-CE102040-soil-S1_Run27.raw,sample,nmdc:bsm-11-q1kss226,S29_A_D45 hydrophobic,high,ProcessedSample2_metabolomics_extraction,metabolomics_extraction
20210915_JGI-AK_MK_506588_SoilWaterRep_final_QE-HF_C18_USDAY63680_POS_MSMS_42_S40-D45_C_Rg80to1200-CE102040-soil-S1_Run191.raw,sample,nmdc:bsm-11-xh9qrs70,S40_C_D45 hydrophobic,high,ProcessedSample2_metabolomics_extraction,metabolomics_extraction
20210915_JGI-AK_MK_506588_SoilWaterRep_final_QE-HF_C18_USDAY63680_NEG_MSMS_19_S16-D89_A_Rg80to1200-CE102040-soil-S1_Run86.raw,sample,nmdc:bsm-11-8kc4dg60,S16_A_D89 hydrophilic,high,ProcessedSample2_metabolomics_extraction,metabolomics_extraction
20210915_JGI-AK_MK_506588_SoilWaterRep_final_QE-HF_C18_USDAY63680_POS_MSMS_24_S17-D89_C_Rg80to1200-CE102040-soil-S1_Run188.raw,sample,nmdc:bsm-11-548sqg02,S17_C_D89 hydrophilic,high,ProcessedSample2_metabolomics_extraction,metabolomics_extraction
20210915_JGI-AK_MK_506588_SoilWaterRep_final_QE-HF_C18_USDAY63680_POS_MSMS_6_S17-D30_C_Rg80to1200-CE102040-soil-S1_Run173.raw,sample,nmdc:bsm-11-p2hefv39,S17_C_D30 hydrophilic,high,ProcessedSample2_metabolomics_extraction,metabolomics_extraction
20210819_JGI-AK_MK_506588_SoilWaterRep_final_QE-139_HILICZ_USHXG01490_POS_MSMS_33_S40-D30_C_Rg70to1050-CE102040-soil-S1_Run227.raw,sample,nmdc:bsm-11-0fntz079,S40_C_D30 hydrophobic,high,ProcessedSample2_metabolomics_extraction,metabolomics_extraction
20210915_JGI-AK_MK_506588_SoilWaterRep_final_QE-HF_C18_USDAY63680_POS_MSMS_25_S32-D89_A_Rg80to1200-CE102040-soil-S1_Run20.raw,sample,nmdc:bsm-11-dq9ezy55,S32_A_D89 hydrophilic,high,ProcessedSample2_metabolomics_extraction,metabolomics_extraction
20210915_JGI-AK_MK_506588_SoilWaterRep_final_QE-HF_C18_USDAY63680_POS_MSMS_39_S29-D45_C_Rg80to1200-CE102040-soil-S1_Run179.raw,sample,nmdc:bsm-11-c351j824,S29_C_D45 hydrophobic,high,ProcessedSample2_metabolomics_extraction,metabolomics_extraction
20210819_JGI-AK_MK_506588_SoilWaterRep_final_QE-139_HILICZ_USHXG01490_NEG_MSMS_5_S17-D30_B_Rg70to1050-CE205060-soil-S1_Run102.raw,sample,nmdc:bsm-11-m6dyp824,S17_B_D30 hydrophilic,high,ProcessedSample2_metabolomics_extraction,metabolomics_extraction
20210915_JGI-AK_MK_506588_SoilWaterRep_final_QE-HF_C18_USDAY63680_POS_MSMS_8_S32-D30_B_Rg80to1200-CE205060-soil-S1_Run114.raw,sample,nmdc:bsm-11-8kd7tk20,S32_B_D30 hydrophilic,high,ProcessedSample2_metabolomics_extraction,metabolomics_extraction
20210819_JGI-AK_MK_506588_SoilWaterRep_final_QE-139_HILICZ_USHXG01490_NEG_MSMS_14_S17-D45_B_Rg70to1050-CE205060-soil-S1_Run99.raw,sample,nmdc:bsm-11-jmxr0p77,S17_B_D45 hydrophilic,high,ProcessedSample2_metabolomics_extraction,metabolomics_extraction
20210915_JGI-AK_MK_506588_SoilWaterRep_final_QE-HF_C18_USDAY63680_POS_MSMS_50_S40-D89_B_Rg80to1200-CE205060-soil-S1_Run144.raw,sample,nmdc:bsm-11-ekqspq89,S40_B_D89 hydrophobic,high,ProcessedSample2_metabolomics_extraction,metabolomics_extraction
20210915_JGI-AK_MK_506588_SoilWaterRep_final_QE-HF_C18_USDAY63680_POS_MSMS_22_S17-D89_A_Rg80to1200-CE102040-soil-S1_Run73.raw,sample,nmdc:bsm-11-44xrre38,S17_A_D89 hydrophilic,high,ProcessedSample2_metabolomics_extraction,metabolomics_extraction
20210819_JGI-AK_MK_506588_SoilWaterRep_final_QE-139_HILICZ_USHXG01490_POS_MSMS_38_S29-D45_B_Rg70to1050-CE205060-soil-S1_Run89.raw,sample,nmdc:bsm-11-47981f15,S29_B_D45 hydrophobic,high,ProcessedSample2_metabolomics_extraction,metabolomics_extraction
20210915_JGI-AK_MK_506588_SoilWaterRep_final_QE-HF_C18_USDAY63680_NEG_MSMS_39_S29-D45_C_Rg80to1200-CE102040-soil-S1_Run180.raw,sample,nmdc:bsm-11-c351j824,S29_C_D45 hydrophobic,high,ProcessedSample2_metabolomics_extraction,metabolomics_extraction
20210915_JGI-AK_MK_506588_SoilWaterRep_final_QE-HF_C18_USDAY63680_POS_MSMS_13_S17-D45_A_Rg80to1200-CE102040-soil-S1_Run44.raw,sample,nmdc:bsm-11-pdcjjc38,S17_A_D45 hydrophilic,high,ProcessedSample2_metabolomics_extraction,metabolomics_extraction
20210819_JGI-AK_MK_506588_SoilWaterRep_final_QE-139_HILICZ_USHXG01490_POS_MSMS_6_S17-D30_C_Rg70to1050-CE102040-soil-S1_Run169.raw,sample,nmdc:bsm-11-p2hefv39,S17_C_D30 hydrophilic,high,ProcessedSample2_metabolomics_extraction,metabolomics_extraction
20210915_JGI-AK_MK_506588_SoilWaterRep_final_QE-HF_C18_USDAY63680_POS_MSMS_49_S40-D89_A_Rg80to1200-CE102040-soil-S1_Run32.raw,sample,nmdc:bsm-11-gkkhv091,S40_A_D89 hydrophobic,high,ProcessedSample2_metabolomics_extraction,metabolomics_extraction
20210819_JGI-AK_MK_506588_SoilWaterRep_final_QE-139_HILICZ_USHXG01490_NEG_MSMS_44_S53-D45_B_Rg70to1050-CE205060-soil-S1_Run96.raw,sample,nmdc:bsm-11-ksnxcm30,S53_B_D45 hydrophobic,high,ProcessedSample2_metabolomics_extraction,metabolomics_extraction
20210819_JGI-AK_MK_506588_SoilWaterRep_final_QE-139_HILICZ_USHXG01490_POS_MSMS_21_S16-D89_C_Rg70to1050-CE102040-soil-S1_Run215.raw,sample,nmdc:bsm-11-5d48pv16,S16_C_D89 hydrophilic,high,ProcessedSample2_metabolomics_extraction,metabolomics_extraction
20210819_JGI-AK_MK_506588_SoilWaterRep_final_QE-139_HILICZ_USHXG01490_NEG_MSMS_50_S40-D89_B_Rg70to1050-CE205060-soil-S1_Run142.raw,sample,nmdc:bsm-11-ekqspq89,S40_B_D89 hydrophobic,high,ProcessedSample2_metabolomics_extraction,metabolomics_extraction
20210915_JGI-AK_MK_506588_SoilWaterRep_final_QE-HF_C18_USDAY63680_POS_MSMS_35_S53-D30_B_Rg80to1200-CE205060-soil-S1_Run126.raw,sample,nmdc:bsm-11-1t3pb707,S53_B_D30 hydrophobic,high,ProcessedSample2_metabolomics_extraction,metabolomics_extraction
20210915_JGI-AK_MK_506588_SoilWaterRep_final_QE-HF_C18_USDAY63680_NEG_MSMS_52_S53-D89_A_Rg80to1200-CE102040-soil-S1_Run68.raw,sample,nmdc:bsm-11-5ktpn654,S53_A_D89 hydrophobic,high,ProcessedSample2_metabolomics_extraction,metabolomics_extraction
20210819_JGI-AK_MK_506588_SoilWaterRep_final_QE-139_HILICZ_USHXG01490_NEG_MSMS_29_S29-D30_B_Rg70to1050-CE205060-soil-S1_Run106.raw,sample,nmdc:bsm-11-w9bg3c13,S29_B_D30 hydrophobic,high,ProcessedSample2_metabolomics_extraction,metabolomics_extraction
20210915_JGI-AK_MK_506588_SoilWaterRep_final_QE-HF_C18_USDAY63680_NEG_MSMS_24_S17-D89_C_Rg80to1200-CE102040-soil-S1_Run189.raw,sample,nmdc:bsm-11-548sqg02,S17_C_D89 hydrophilic,high,ProcessedSample2_metabolomics_extraction,metabolomics_extraction
20210915_JGI-AK_MK_506588_SoilWaterRep_final_QE-HF_C18_USDAY63680_NEG_MSMS_45_S53-D45_C_Rg80to1200-CE102040-soil-S1_Run212.raw,sample,nmdc:bsm-11-8eq0ee41,S53_C_D45 hydrophobic,high,ProcessedSample2_metabolomics_extraction,metabolomics_extraction
20210915_JGI-AK_MK_506588_SoilWaterRep_final_QE-HF_C18_USDAY63680_NEG_MSMS_4_S17-D30_A_Rg80to1200-CE102040-soil-S1_Run62.raw,sample,nmdc:bsm-11-0j16a127,S17_A_D30 hydrophilic,high,ProcessedSample2_metabolomics_extraction,metabolomics_extraction
20210915_JGI-AK_MK_506588_SoilWaterRep_final_QE-HF_C18_USDAY63680_NEG_MSMS_43_S53-D45_A_Rg80to1200-CE102040-soil-S1_Run24.raw,sample,nmdc:bsm-11-s9pzk442,S53_A_D45 hydrophobic,high,ProcessedSample2_metabolomics_extraction,metabolomics_extraction
20210915_JGI-AK_MK_506588_SoilWaterRep_final_QE-HF_C18_USDAY63680_POS_MSMS_32_S40-D30_B_Rg80to1200-CE205060-soil-S1_Run88.raw,sample,nmdc:bsm-11-d497zd30,S40_B_D30 hydrophobic,high,ProcessedSample2_metabolomics_extraction,metabolomics_extraction
20210819_JGI-AK_MK_506588_SoilWaterRep_final_QE-139_HILICZ_USHXG01490_NEG_MSMS_34_S53-D30_A_Rg70to1050-CE102040-soil-S1_Run69.raw,sample,nmdc:bsm-11-k0kvye53,S53_A_D30 hydrophobic,high,ProcessedSample2_metabolomics_extraction,metabolomics_extraction
20210915_JGI-AK_MK_506588_SoilWaterRep_final_QE-HF_C18_USDAY63680_NEG_MSMS_47_S29-D89_B_Rg80to1200-CE205060-soil-S1_Run118.raw,sample,nmdc:bsm-11-62qeyh21,S29_B_D89 hydrophobic,high,ProcessedSample2_metabolomics_extraction,metabolomics_extraction
20210915_JGI-AK_MK_506588_SoilWaterRep_final_QE-HF_C18_USDAY63680_POS_MSMS_27_S32-D89_C_Rg80to1200-CE102040-soil-S1_Run170.raw,sample,nmdc:bsm-11-qnnjrr65,S32_C_D89 hydrophilic,high,ProcessedSample2_metabolomics_extraction,metabolomics_extraction
20210819_JGI-AK_MK_506588_SoilWaterRep_final_QE-139_HILICZ_USHXG01490_POS_MSMS_31_S40-D30_A_Rg70to1050-CE102040-soil-S1_Run16.raw,sample,nmdc:bsm-11-085vbj75,S40_A_D30 hydrophobic,high,ProcessedSample2_metabolomics_extraction,metabolomics_extraction
20210915_JGI-AK_MK_506588_SoilWaterRep_final_QE-HF_C18_USDAY63680_NEG_MSMS_26_S32-D89_B_Rg80to1200-CE205060-soil-S1_Run151.raw,sample,nmdc:bsm-11-eft4hz10,S32_B_D89 hydrophilic,high,ProcessedSample2_metabolomics_extraction,metabolomics_extraction
20210819_JGI-AK_MK_506588_SoilWaterRep_final_QE-139_HILICZ_USHXG01490_POS_MSMS_9_S32-D30_C_Rg70to1050-CE102040-soil-S1_Run178.raw,sample,nmdc:bsm-11-xzah9h77,S32_C_D30 hydrophilic,high,ProcessedSample2_metabolomics_extraction,metabolomics_extraction
20210819_JGI-AK_MK_506588_SoilWaterRep_final_QE-139_HILICZ_USHXG01490_NEG_MSMS_21_S16-D89_C_Rg70to1050-CE102040-soil-S1_Run216.raw,sample,nmdc:bsm-11-5d48pv16,S16_C_D89 hydrophilic,high,ProcessedSample2_metabolomics_extraction,metabolomics_extraction
20210819_JGI-AK_MK_506588_SoilWaterRep_final_QE-139_HILICZ_USHXG01490_POS_MSMS_43_S53-D45_A_Rg70to1050-CE102040-soil-S1_Run22.raw,sample,nmdc:bsm-11-s9pzk442,S53_A_D45 hydrophobic,high,ProcessedSample2_metabolomics_extraction,metabolomics_extraction
20210819_JGI-AK_MK_506588_SoilWaterRep_final_QE-139_HILICZ_USHXG01490_POS_MSMS_1_S16-D30_A_Rg70to1050-CE102040-soil-S1_Run77.raw,sample,nmdc:bsm-11-bspxw403,S16_A_D30 hydrophilic,high,ProcessedSample2_metabolomics_extraction,metabolomics_extraction
20210915_JGI-AK_MK_506588_SoilWaterRep_final_QE-HF_C18_USDAY63680_POS_MSMS_54_S53-D89_C_Rg80to1200-CE102040-soil-S1_Run205.raw,sample,nmdc:bsm-11-36k9py90,S53_C_D89 hydrophobic,high,ProcessedSample2_metabolomics_extraction,metabolomics_extraction
20210819_JGI-AK_MK_506588_SoilWaterRep_final_QE-139_HILICZ_USHXG01490_NEG_MSMS_36_S53-D30_C_Rg70to1050-CE102040-soil-S1_Run213.raw,sample,nmdc:bsm-11-k8xjhe51,S53_C_D30 hydrophobic,high,ProcessedSample2_metabolomics_extraction,metabolomics_extraction
20210819_JGI-AK_MK_506588_SoilWaterRep_final_QE-139_HILICZ_USHXG01490_POS_MSMS_26_S32-D89_B_Rg70to1050-CE205060-soil-S1_Run147.raw,sample,nmdc:bsm-11-eft4hz10,S32_B_D89 hydrophilic,high,ProcessedSample2_metabolomics_extraction,metabolomics_extraction
20210819_JGI-AK_MK_506588_SoilWaterRep_final_QE-139_HILICZ_USHXG01490_POS_MSMS_19_S16-D89_A_Rg70to1050-CE102040-soil-S1_Run83.raw,sample,nmdc:bsm-11-8kc4dg60,S16_A_D89 hydrophilic,high,ProcessedSample2_metabolomics_extraction,metabolomics_extraction
20210915_JGI-AK_MK_506588_SoilWaterRep_final_QE-HF_C18_USDAY63680_POS_MSMS_29_S29-D30_B_Rg80to1200-CE205060-soil-S1_Run108.raw,sample,nmdc:bsm-11-w9bg3c13,S29_B_D30 hydrophobic,high,ProcessedSample2_metabolomics_extraction,metabolomics_extraction
20210819_JGI-AK_MK_506588_SoilWaterRep_final_QE-139_HILICZ_USHXG01490_POS_MSMS_37_S29-D45_A_Rg70to1050-CE102040-soil-S1_Run25.raw,sample,nmdc:bsm-11-q1kss226,S29_A_D45 hydrophobic,high,ProcessedSample2_metabolomics_extraction,metabolomics_extraction
20210915_JGI-AK_MK_506588_SoilWaterRep_final_QE-HF_C18_USDAY63680_NEG_MSMS_18_S32-D45_C_Rg80to1200-CE102040-soil-S1_Run236.raw,sample,nmdc:bsm-11-frvbjc93,S32_C_D45 hydrophilic,high,ProcessedSample2_metabolomics_extraction,metabolomics_extraction
20210915_JGI-AK_MK_506588_SoilWaterRep_final_QE-HF_C18_USDAY63680_NEG_MSMS_5_S17-D30_B_Rg80to1200-CE205060-soil-S1_Run104.raw,sample,nmdc:bsm-11-m6dyp824,S17_B_D30 hydrophilic,high,ProcessedSample2_metabolomics_extraction,metabolomics_extraction
20210819_JGI-AK_MK_506588_SoilWaterRep_final_QE-139_HILICZ_USHXG01490_POS_MSMS_16_S32-D45_A_Rg70to1050-CE102040-soil-S1_Run28.raw,sample,nmdc:bsm-11-pmz6mf62,S32_A_D45 hydrophilic,high,ProcessedSample2_metabolomics_extraction,metabolomics_extraction
20210819_JGI-AK_MK_506588_SoilWaterRep_final_QE-139_HILICZ_USHXG01490_POS_MSMS_5_S17-D30_B_Rg70to1050-CE205060-soil-S1_Run101.raw,sample,nmdc:bsm-11-m6dyp824,S17_B_D30 hydrophilic,high,ProcessedSample2_metabolomics_extraction,metabolomics_extraction
20210819_JGI-AK_MK_506588_SoilWaterRep_final_QE-139_HILICZ_USHXG01490_POS_MSMS_27_S32-D89_C_Rg70to1050-CE102040-soil-S1_Run166.raw,sample,nmdc:bsm-11-qnnjrr65,S32_C_D89 hydrophilic,high,ProcessedSample2_metabolomics_extraction,metabolomics_extraction
20210915_JGI-AK_MK_506588_SoilWaterRep_final_QE-HF_C18_USDAY63680_POS_MSMS_31_S40-D30_A_Rg80to1200-CE102040-soil-S1_Run17.raw,sample,nmdc:bsm-11-085vbj75,S40_A_D30 hydrophobic,high,ProcessedSample2_metabolomics_extraction,metabolomics_extraction
20210915_JGI-AK_MK_506588_SoilWaterRep_final_QE-HF_C18_USDAY63680_NEG_MSMS_33_S40-D30_C_Rg80to1200-CE102040-soil-S1_Run233.raw,sample,nmdc:bsm-11-0fntz079,S40_C_D30 hydrophobic,high,ProcessedSample2_metabolomics_extraction,metabolomics_extraction
20210915_JGI-AK_MK_506588_SoilWaterRep_final_QE-HF_C18_USDAY63680_POS_MSMS_74_ExCtrl_B_Rg80to1200-CE205060-soil-S1_Run123.raw,blank,,,no_match,ProcessedSample2_metabolomics_extraction,metabolomics_extraction
20201023_JGI-AK_MK_506588_SoilWaterRep_pilot_QE-139_C18_USDAY59430_NEG_MSMS_10-NP_ExCtrl_A_Rg80to1200-CE102040-none-S1_Run16.raw,blank,,,no_match,ProcessedSample2_metabolomics_extraction,metabolomics_extraction
20210915_JGI-AK_MK_506588_SoilWaterRep_final_QE-HF_C18_USDAY63680_POS_MSMS_60_Neg-D45_C_Rg80to1200-CE102040-soil-S1_Run229.raw,blank,,,no_match,ProcessedSample2_metabolomics_extraction,metabolomics_extraction
20210819_JGI-AK_MK_506588_SoilWaterRep_final_QE-139_HILICZ_USHXG01490_POS_MSMS_0_QC_Pre_Rg70to1050-CE102040--QC_Run7.raw,qc,,,no_match,ProcessedSample2_metabolomics_extraction,metabolomics_extraction
20210819_JGI-AK_MK_506588_SoilWaterRep_final_QE-139_HILICZ_USHXG01490_NEG_MSMS_56_Neg-D30_B_Rg70to1050-CE205060-soil-S1_Run93.raw,blank,,,no_match,ProcessedSample2_metabolomics_extraction,metabolomics_extraction
20201028_JGI-AK_MK_506588_SoilWaterRep_pilot_QE-HF_HILICZ_USHXG01583_POS_MSMS_4-P_S47-D59-hydrophobic_A_Rg70to1050-CE102040-soil-S1_Run19.raw,unknown,,,no_match,ProcessedSample2_metabolomics_extraction,metabolomics_extraction
20210915_JGI-AK_MK_506588_SoilWaterRep_final_QE-HF_C18_USDAY63680_NEG_MSMS_64_Sterile-sand_A_Rg80to1200-CE102040-soil-S1_Run36.raw,blank,,,no_match,ProcessedSample2_metabolomics_extraction,metabolomics_extraction
20210915_JGI-AK_MK_506588_SoilWaterRep_final_QE-HF_C18_USDAY63680_POS_MSMS_56_Neg-D30_B_Rg80to1200-CE205060-soil-S1_Run94.raw,blank,,,no_match,ProcessedSample2_metabolomics_extraction,metabolomics_extraction
20210819_JGI-AK_MK_506588_SoilWaterRep_final_QE-139_HILICZ_USHXG01490_POS_MSMS_55_Neg-D30_A_Rg70to1050-CE102040-soil-S1_Run80.raw,blank,,,no_match,ProcessedSample2_metabolomics_extraction,metabolomics_extraction
20201023_JGI-AK_MK_506588_SoilWaterRep_pilot_QE-139_C18_USDAY59430_NEG_MSMS_9-NP_Neg-D59-Ctrl_C_Rg80to1200-CE102040-ctrl-S1_Run42.raw,blank,,,no_match,ProcessedSample2_metabolomics_extraction,metabolomics_extraction
20210915_JGI-AK_MK_506588_SoilWaterRep_final_QE-HF_C18_USDAY63680_NEG_MSMS_63_Neg-D89_C_Rg80to1200-CE102040-soil-S1_Run215.raw,blank,,,no_match,ProcessedSample2_metabolomics_extraction,metabolomics_extraction
20210819_JGI-AK_MK_506588_SoilWaterRep_final_QE-139_HILICZ_USHXG01490_NEG_MSMS_66_Sterile-BGramaLit_A_Rg70to1050-CE102040-soil-S1_Run47.raw,blank,,,no_match,ProcessedSample2_metabolomics_extraction,metabolomics_extraction
20201023_JGI-AK_MK_506588_SoilWaterRep_pilot_QE-139_C18_USDAY59430_POS_MSMS_8-NP_Neg-D59-Ctrl_B_Rg80to1200-CE102040-ctrl-S1_Run30.raw,blank,,,no_match,ProcessedSample2_metabolomics_extraction,metabolomics_extraction
20201023_JGI-AK_MK_506588_SoilWaterRep_pilot_QE-139_C18_USDAY59430_NEG_MSMS_6-NP_S47-D59-hydrophobic_C_Rg80to1200-CE102040-soil-S1_Run48.raw,unknown,,,no_match,ProcessedSample2_metabolomics_extraction,metabolomics_extraction
20210819_JGI-AK_MK_506588_SoilWaterRep_final_QE-139_HILICZ_USHXG01490_POS_MSMS_57_Neg-D30_C_Rg70to1050-CE102040-soil-S1_Run218.raw,blank,,,no_match,ProcessedSample2_metabolomics_extraction,metabolomics_extraction
20201023_JGI-AK_MK_506588_SoilWaterRep_pilot_QE-139_C18_USDAY59430_POS_MSMS_0_QC_Post_Rg80to1200-CE102040--QC_Run51.raw,qc,,,no_match,ProcessedSample2_metabolomics_extraction,metabolomics_extraction
20210819_JGI-AK_MK_506588_SoilWaterRep_final_QE-139_HILICZ_USHXG01490_NEG_MSMS_69_Sterile-BGramaLit_B_Rg70to1050-CE205060-soil-S1_Run158.raw,blank,,,no_match,ProcessedSample2_metabolomics_extraction,metabolomics_extraction
20201023_JGI-AK_MK_506588_SoilWaterRep_pilot_QE-139_C18_USDAY59430_POS_MSMS_0_QC_Pre_Rg80to1200-CE102040--QC_Run7.raw,qc,,,no_match,ProcessedSample2_metabolomics_extraction,metabolomics_extraction
20201023_JGI-AK_MK_506588_SoilWaterRep_pilot_QE-139_C18_USDAY59430_POS_MSMS_7-NP_Neg-D59-Ctrl_A_Rg80to1200-CE102040-ctrl-S1_Run18.raw,blank,,,no_match,ProcessedSample2_metabolomics_extraction,metabolomics_extraction
20210915_JGI-AK_MK_506588_SoilWaterRep_final_QE-HF_C18_USDAY63680_NEG_MSMS_58_Neg-D45_A_Rg80to1200-CE102040-soil-S1_Run57.raw,blank,,,no_match,ProcessedSample2_metabolomics_extraction,metabolomics_extraction
20210915_JGI-AK_MK_506588_SoilWaterRep_final_QE-HF_C18_USDAY63680_NEG_MSMS_59_Neg-D45_B_Rg80to1200-CE205060-soil-S1_Run133.raw,blank,,,no_match,ProcessedSample2_metabolomics_extraction,metabolomics_extraction
20210915_JGI-AK_MK_506588_SoilWaterRep_final_QE-HF_C18_USDAY63680_POS_MSMS_61_Neg-D89_A_Rg80to1200-CE102040-soil-S1_Run64.raw,blank,,,no_match,ProcessedSample2_metabolomics_extraction,metabolomics_extraction
20210915_JGI-AK_MK_506588_SoilWaterRep_final_QE-HF_C18_USDAY63680_NEG_MSMS_74_ExCtrl_B_Rg80to1200-CE205060-soil-S1_Run124.raw,blank,,,no_match,ProcessedSample2_metabolomics_extraction,metabolomics_extraction
20201028_JGI-AK_MK_506588_SoilWaterRep_pilot_QE-HF_HILICZ_USHXG01583_NEG_MSMS_11-P_ExCtrl_B_Rg70to1050-CE102040-none-S1_Run33.raw,blank,,,no_match,ProcessedSample2_metabolomics_extraction,metabolomics_extraction
20210819_JGI-AK_MK_506588_SoilWaterRep_final_QE-139_HILICZ_USHXG01490_NEG_MSMS_57_Neg-D30_C_Rg70to1050-CE102040-soil-S1_Run219.raw,blank,,,no_match,ProcessedSample2_metabolomics_extraction,metabolomics_extraction
20210819_JGI-AK_MK_506588_SoilWaterRep_final_QE-139_HILICZ_USHXG01490_NEG_MSMS_59_Neg-D45_B_Rg70to1050-CE205060-soil-S1_Run130.raw,blank,,,no_match,ProcessedSample2_metabolomics_extraction,metabolomics_extraction
20201028_JGI-AK_MK_506588_SoilWaterRep_pilot_QE-HF_HILICZ_USHXG01583_POS_MSMS_0_QC_Post_Rg70to1050-CE102040--QC_Run48.raw,qc,,,no_match,ProcessedSample2_metabolomics_extraction,metabolomics_extraction
20210819_JGI-AK_MK_506588_SoilWaterRep_final_QE-139_HILICZ_USHXG01490_NEG_MSMS_0_QC_Pre_Rg70to1050-CE102040--QC_Run8.raw,qc,,,no_match,ProcessedSample2_metabolomics_extraction,metabolomics_extraction
20201028_JGI-AK_MK_506588_SoilWaterRep_pilot_QE-HF_HILICZ_USHXG01583_NEG_MSMS_4-P_S47-D59-hydrophobic_A_Rg70to1050-CE102040-soil-S1_Run20.raw,unknown,,,no_match,ProcessedSample2_metabolomics_extraction,metabolomics_extraction
20201023_JGI-AK_MK_506588_SoilWaterRep_pilot_QE-139_C18_USDAY59430_POS_MSMS_2-NP_S17-D59-hydrophilic_B_Rg80to1200-CE102040-soil-S1_Run38.raw,unknown,,,no_match,ProcessedSample2_metabolomics_extraction,metabolomics_extraction
20210915_JGI-AK_MK_506588_SoilWaterRep_final_QE-HF_C18_USDAY63680_POS_MSMS_63_Neg-D89_C_Rg80to1200-CE102040-soil-S1_Run214.raw,blank,,,no_match,ProcessedSample2_metabolomics_extraction,metabolomics_extraction
20210915_JGI-AK_MK_506588_SoilWaterRep_final_QE-HF_C18_USDAY63680_NEG_MSMS_73_ExCtrl_A_Rg80to1200-CE102040-soil-S1_Run15.raw,blank,,,no_match,ProcessedSample2_metabolomics_extraction,metabolomics_extraction
20210915_JGI-AK_MK_506588_SoilWaterRep_final_QE-HF_C18_USDAY63680_NEG_MSMS_67_Sterile-sand_B_Rg80to1200-CE205060-soil-S1_Run139.raw,blank,,,no_match,ProcessedSample2_metabolomics_extraction,metabolomics_extraction
20210915_JGI-AK_MK_506588_SoilWaterRep_final_QE-HF_C18_USDAY63680_NEG_MSMS_55_Neg-D30_A_Rg80to1200-CE102040-soil-S1_Run83.raw,blank,,,no_match,ProcessedSample2_metabolomics_extraction,metabolomics_extraction
20201023_JGI-AK_MK_506588_SoilWaterRep_pilot_QE-139_C18_USDAY59430_NEG_MSMS_5-NP_S47-D59-hydrophobic_B_Rg80to1200-CE102040-soil-S1_Run28.raw,unknown,,,no_match,ProcessedSample2_metabolomics_extraction,metabolomics_extraction
20201023_JGI-AK_MK_506588_SoilWaterRep_pilot_QE-139_C18_USDAY59430_POS_MSMS_3-NP_S17-D59-hydrophilic_C_Rg80to1200-CE102040-soil-S1_Run44.raw,unknown,,,no_match,ProcessedSample2_metabolomics_extraction,metabolomics_extraction
20201028_JGI-AK_MK_506588_SoilWaterRep_pilot_QE-HF_HILICZ_USHXG01583_NEG_MSMS_5-P_S47-D59-hydrophobic_B_Rg70to1050-CE102040-soil-S1_Run26.raw,unknown,,,no_match,ProcessedSample2_metabolomics_extraction,metabolomics_extraction
20210819_JGI-AK_MK_506588_SoilWaterRep_final_QE-139_HILICZ_USHXG01490_POS_MSMS_58_Neg-D45_A_Rg70to1050-CE102040-soil-S1_Run55.raw,blank,,,no_match,ProcessedSample2_metabolomics_extraction,metabolomics_extraction
20210915_JGI-AK_MK_506588_SoilWaterRep_final_QE-HF_C18_USDAY63680_POS_MSMS_73_ExCtrl_A_Rg80to1200-CE102040-soil-S1_Run14.raw,blank,,,no_match,ProcessedSample2_metabolomics_extraction,metabolomics_extraction
20201023_JGI-AK_MK_506588_SoilWaterRep_pilot_QE-139_C18_USDAY59430_NEG_MSMS_0_QC-C18QU_Pre_Rg80to1200-CE102040--QC-C18QU_Run10.raw,qc,,,no_match,ProcessedSample2_metabolomics_extraction,metabolomics_extraction
20210819_JGI-AK_MK_506588_SoilWaterRep_final_QE-139_HILICZ_USHXG01490_NEG_MSMS_58_Neg-D45_A_Rg70to1050-CE102040-soil-S1_Run56.raw,blank,,,no_match,ProcessedSample2_metabolomics_extraction,metabolomics_extraction
20201023_JGI-AK_MK_506588_SoilWaterRep_pilot_QE-139_C18_USDAY59430_POS_MSMS_5-NP_S47-D59-hydrophobic_B_Rg80to1200-CE102040-soil-S1_Run27.raw,unknown,,,no_match,ProcessedSample2_metabolomics_extraction,metabolomics_extraction
20201023_JGI-AK_MK_506588_SoilWaterRep_pilot_QE-139_C18_USDAY59430_POS_MSMS_1-NP_S17-D59-hydrophilic_A_Rg80to1200-CE102040-soil-S1_Run24.raw,unknown,,,no_match,ProcessedSample2_metabolomics_extraction,metabolomics_extraction
20210915_JGI-AK_MK_506588_SoilWaterRep_final_QE-HF_C18_USDAY63680_NEG_MSMS_72_Sterile-BGramaLit_C_Rg80to1200-CE102040-soil-S1_Run177.raw,blank,,,no_match,ProcessedSample2_metabolomics_extraction,metabolomics_extraction
20210915_JGI-AK_MK_506588_SoilWaterRep_final_QE-HF_C18_USDAY63680_POS_MSMS_75_ExCtrl_C_Rg80to1200-CE102040-soil-S1_Run208.raw,blank,,,no_match,ProcessedSample2_metabolomics_extraction,metabolomics_extraction
20210915_JGI-AK_MK_506588_SoilWaterRep_final_QE-HF_C18_USDAY63680_POS_MSMS_69_Sterile-BGramaLit_B_Rg80to1200-CE205060-soil-S1_Run161.raw,blank,,,no_match,ProcessedSample2_metabolomics_extraction,metabolomics_extraction
20201023_JGI-AK_MK_506588_SoilWaterRep_pilot_QE-139_C18_USDAY59430_NEG_MSMS_0_QC_Pre_Rg80to1200-CE102040--QC_Run8.raw,qc,,,no_match,ProcessedSample2_metabolomics_extraction,metabolomics_extraction
20210819_JGI-AK_MK_506588_SoilWaterRep_final_QE-139_HILICZ_USHXG01490_NEG_MSMS_70_Sterile-sand_C_Rg70to1050-CE102040-soil-S1_Run161.raw,blank,,,no_match,ProcessedSample2_metabolomics_extraction,metabolomics_extraction
20201023_JGI-AK_MK_506588_SoilWaterRep_pilot_QE-139_C18_USDAY59430_POS_MSMS_11-NP_ExCtrl_B_Rg80to1200-CE102040-none-S1_Run35.raw,blank,,,no_match,ProcessedSample2_metabolomics_extraction,metabolomics_extraction
20201028_JGI-AK_MK_506588_SoilWaterRep_pilot_QE-HF_HILICZ_USHXG01583_POS_MSMS_0_QC_Pre_Rg70to1050-CE102040--QC_Run7.raw,qc,,,no_match,ProcessedSample2_metabolomics_extraction,metabolomics_extraction
20210915_JGI-AK_MK_506588_SoilWaterRep_final_QE-HF_C18_USDAY63680_NEG_MSMS_57_Neg-D30_C_Rg80to1200-CE102040-soil-S1_Run224.raw,blank,,,no_match,ProcessedSample2_metabolomics_extraction,metabolomics_extraction
20210819_JGI-AK_MK_506588_SoilWaterRep_final_QE-139_HILICZ_USHXG01490_NEG_MSMS_0_QC_Post_Rg70to1050-CE102040--QC_Run235.raw,qc,,,no_match,ProcessedSample2_metabolomics_extraction,metabolomics_extraction
20201023_JGI-AK_MK_506588_SoilWaterRep_pilot_QE-139_C18_USDAY59430_POS_MSMS_0_QC-C18QU_Pre_Rg80to1200-CE102040--QC-C18QU_Run9.raw,qc,,,no_match,ProcessedSample2_metabolomics_extraction,metabolomics_extraction
20210819_JGI-AK_MK_506588_SoilWaterRep_final_QE-139_HILICZ_USHXG01490_NEG_MSMS_63_Neg-D89_C_Rg70to1050-CE102040-soil-S1_Run210.raw,blank,,,no_match,ProcessedSample2_metabolomics_extraction,metabolomics_extraction
20210819_JGI-AK_MK_506588_SoilWaterRep_final_QE-139_HILICZ_USHXG01490_POS_MSMS_66_Sterile-BGramaLit_A_Rg70to1050-CE102040-soil-S1_Run46.raw,blank,,,no_match,ProcessedSample2_metabolomics_extraction,metabolomics_extraction
20201023_JGI-AK_MK_506588_SoilWaterRep_pilot_QE-139_C18_USDAY59430_NEG_MSMS_0_QC-C18QU_Post_Rg80to1200-CE102040--QC-C18QU_Run54.raw,qc,,,no_match,ProcessedSample2_metabolomics_extraction,metabolomics_extraction
20201028_JGI-AK_MK_506588_SoilWaterRep_pilot_QE-HF_HILICZ_USHXG01583_NEG_MSMS_10-P_ExCtrl_A_Rg70to1050-CE102040-none-S1_Run14.raw,blank,,,no_match,ProcessedSample2_metabolomics_extraction,metabolomics_extraction
20201023_JGI-AK_MK_506588_SoilWaterRep_pilot_QE-139_C18_USDAY59430_POS_MSMS_4-NP_S47-D59-hydrophobic_A_Rg80to1200-CE102040-soil-S1_Run21.raw,unknown,,,no_match,ProcessedSample2_metabolomics_extraction,metabolomics_extraction
20210915_JGI-AK_MK_506588_SoilWaterRep_final_QE-HF_C18_USDAY63680_POS_MSMS_58_Neg-D45_A_Rg80to1200-CE102040-soil-S1_Run56.raw,blank,,,no_match,ProcessedSample2_metabolomics_extraction,metabolomics_extraction
20210819_JGI-AK_MK_506588_SoilWaterRep_final_QE-139_HILICZ_USHXG01490_POS_MSMS_75_ExCtrl_C_Rg70to1050-CE102040-soil-S1_Run203.raw,blank,,,no_match,ProcessedSample2_metabolomics_extraction,metabolomics_extraction
20210915_JGI-AK_MK_506588_SoilWaterRep_final_QE-HF_C18_USDAY63680_POS_MSMS_70_Sterile-sand_C_Rg80to1200-CE102040-soil-S1_Run164.raw,blank,,,no_match,ProcessedSample2_metabolomics_extraction,metabolomics_extraction
20210819_JGI-AK_MK_506588_SoilWaterRep_final_QE-139_HILICZ_USHXG01490_NEG_MSMS_61_Neg-D89_A_Rg70to1050-CE102040-soil-S1_Run63.raw,blank,,,no_match,ProcessedSample2_metabolomics_extraction,metabolomics_extraction
20201028_JGI-AK_MK_506588_SoilWaterRep_pilot_QE-HF_HILICZ_USHXG01583_NEG_MSMS_8-P_Neg-D59-Ctrl_B_Rg70to1050-CE102040-ctrl-S1_Run29.raw,blank,,,no_match,ProcessedSample2_metabolomics_extraction,metabolomics_extraction
20210915_JGI-AK_MK_506588_SoilWaterRep_final_QE-HF_C18_USDAY63680_POS_MSMS_55_Neg-D30_A_Rg80to1200-CE102040-soil-S1_Run82.raw,blank,,,no_match,ProcessedSample2_metabolomics_extraction,metabolomics_extraction
20210915_JGI-AK_MK_506588_SoilWaterRep_final_QE-HF_C18_USDAY63680_NEG_MSMS_62_Neg-D89_B_Rg80to1200-CE205060-soil-S1_Run136.raw,blank,,,no_match,ProcessedSample2_metabolomics_extraction,metabolomics_extraction
20210915_JGI-AK_MK_506588_SoilWaterRep_final_QE-HF_C18_USDAY63680_NEG_MSMS_70_Sterile-sand_C_Rg80to1200-CE102040-soil-S1_Run165.raw,blank,,,no_match,ProcessedSample2_metabolomics_extraction,metabolomics_extraction
20210915_JGI-AK_MK_506588_SoilWaterRep_final_QE-HF_C18_USDAY63680_NEG_MSMS_0_QC_Pre_Rg80to1200-CE102040--QC_Run9.raw,qc,,,no_match,ProcessedSample2_metabolomics_extraction,metabolomics_extraction
20201028_JGI-AK_MK_506588_SoilWaterRep_pilot_QE-HF_HILICZ_USHXG01583_POS_MSMS_7-P_Neg-D59-Ctrl_A_Rg70to1050-CE102040-ctrl-S1_Run16.raw,blank,,,no_match,ProcessedSample2_metabolomics_extraction,metabolomics_extraction
20210819_JGI-AK_MK_506588_SoilWaterRep_final_QE-139_HILICZ_USHXG01490_POS_MSMS_67_Sterile-sand_B_Rg70to1050-CE205060-soil-S1_Run135.raw,blank,,,no_match,ProcessedSample2_metabolomics_extraction,metabolomics_extraction
20201028_JGI-AK_MK_506588_SoilWaterRep_pilot_QE-HF_HILICZ_USHXG01583_POS_MSMS_5-P_S47-D59-hydrophobic_B_Rg70to1050-CE102040-soil-S1_Run25.raw,unknown,,,no_match,ProcessedSample2_metabolomics_extraction,metabolomics_extraction
20210915_JGI-AK_MK_506588_SoilWaterRep_final_QE-HF_C18_USDAY63680_POS_MSMS_62_Neg-D89_B_Rg80to1200-CE205060-soil-S1_Run135.raw,blank,,,no_match,ProcessedSample2_metabolomics_extraction,metabolomics_extraction
20201023_JGI-AK_MK_506588_SoilWaterRep_pilot_QE-139_C18_USDAY59430_NEG_MSMS_0_QC_Post_Rg80to1200-CE102040--QC_Run52.raw,qc,,,no_match,ProcessedSample2_metabolomics_extraction,metabolomics_extraction
20210915_JGI-AK_MK_506588_SoilWaterRep_final_QE-HF_C18_USDAY63680_POS_MSMS_59_Neg-D45_B_Rg80to1200-CE205060-soil-S1_Run132.raw,blank,,,no_match,ProcessedSample2_metabolomics_extraction,metabolomics_extraction
20210915_JGI-AK_MK_506588_SoilWaterRep_final_QE-HF_C18_USDAY63680_POS_MSMS_72_Sterile-BGramaLit_C_Rg80to1200-CE102040-soil-S1_Run176.raw,blank,,,no_match,ProcessedSample2_metabolomics_extraction,metabolomics_extraction
20210819_JGI-AK_MK_506588_SoilWaterRep_final_QE-139_HILICZ_USHXG01490_NEG_MSMS_64_Sterile-sand_A_Rg70to1050-CE102040-soil-S1_Run35.raw,blank,,,no_match,ProcessedSample2_metabolomics_extraction,metabolomics_extraction
20210819_JGI-AK_MK_506588_SoilWaterRep_final_QE-139_HILICZ_USHXG01490_POS_MSMS_64_Sterile-sand_A_Rg70to1050-CE102040-soil-S1_Run34.raw,blank,,,no_match,ProcessedSample2_metabolomics_extraction,metabolomics_extraction
20201023_JGI-AK_MK_506588_SoilWaterRep_pilot_QE-139_C18_USDAY59430_NEG_MSMS_11-NP_ExCtrl_B_Rg80to1200-CE102040-none-S1_Run36.raw,blank,,,no_match,ProcessedSample2_metabolomics_extraction,metabolomics_extraction
20210819_JGI-AK_MK_506588_SoilWaterRep_final_QE-139_HILICZ_USHXG01490_NEG_MSMS_73_ExCtrl_A_Rg70to1050-CE102040-soil-S1_Run14.raw,blank,,,no_match,ProcessedSample2_metabolomics_extraction,metabolomics_extraction
20210819_JGI-AK_MK_506588_SoilWaterRep_final_QE-139_HILICZ_USHXG01490_NEG_MSMS_75_ExCtrl_C_Rg70to1050-CE102040-soil-S1_Run204.raw,blank,,,no_match,ProcessedSample2_metabolomics_extraction,metabolomics_extraction
20201028_JGI-AK_MK_506588_SoilWaterRep_pilot_QE-HF_HILICZ_USHXG01583_POS_MSMS_6-P_S47-D59-hydrophobic_C_Rg70to1050-CE102040-soil-S1_Run44.raw,unknown,,,no_match,ProcessedSample2_metabolomics_extraction,metabolomics_extraction
20201028_JGI-AK_MK_506588_SoilWaterRep_pilot_QE-HF_HILICZ_USHXG01583_NEG_MSMS_2-P_S17-D59-hydrophilic_B_Rg70to1050-CE102040-soil-S1_Run36.raw,unknown,,,no_match,ProcessedSample2_metabolomics_extraction,metabolomics_extraction
20201028_JGI-AK_MK_506588_SoilWaterRep_pilot_QE-HF_HILICZ_USHXG01583_POS_MSMS_11-P_ExCtrl_B_Rg70to1050-CE102040-none-S1_Run32.raw,blank,,,no_match,ProcessedSample2_metabolomics_extraction,metabolomics_extraction
20210819_JGI-AK_MK_506588_SoilWaterRep_final_QE-139_HILICZ_USHXG01490_NEG_MSMS_72_Sterile-BGramaLit_C_Rg70to1050-CE102040-soil-S1_Run173.raw,blank,,,no_match,ProcessedSample2_metabolomics_extraction,metabolomics_extraction
20210819_JGI-AK_MK_506588_SoilWaterRep_final_QE-139_HILICZ_USHXG01490_POS_MSMS_59_Neg-D45_B_Rg70to1050-CE205060-soil-S1_Run129.raw,blank,,,no_match,ProcessedSample2_metabolomics_extraction,metabolomics_extraction
20210915_JGI-AK_MK_506588_SoilWaterRep_final_QE-HF_C18_USDAY63680_POS_MSMS_0_QC_Pre_Rg80to1200-CE102040--QC_Run8.raw,qc,,,no_match,ProcessedSample2_metabolomics_extraction,metabolomics_extraction
20210819_JGI-AK_MK_506588_SoilWaterRep_final_QE-139_HILICZ_USHXG01490_POS_MSMS_0_QC_Post_Rg70to1050-CE102040--QC_Run234.raw,qc,,,no_match,ProcessedSample2_metabolomics_extraction,metabolomics_extraction
20210819_JGI-AK_MK_506588_SoilWaterRep_final_QE-139_HILICZ_USHXG01490_POS_MSMS_62_Neg-D89_B_Rg70to1050-CE205060-soil-S1_Run132.raw,blank,,,no_match,ProcessedSample2_metabolomics_extraction,metabolomics_extraction
20210915_JGI-AK_MK_506588_SoilWaterRep_final_QE-HF_C18_USDAY63680_NEG_MSMS_0_QC_Post_Rg80to1200-CE102040--QC_Run241.raw,qc,,,no_match,ProcessedSample2_metabolomics_extraction,metabolomics_extraction
20210915_JGI-AK_MK_506588_SoilWaterRep_final_QE-HF_C18_USDAY63680_POS_MSMS_66_Sterile-BGramaLit_A_Rg80to1200-CE102040-soil-S1_Run47.raw,blank,,,no_match,ProcessedSample2_metabolomics_extraction,metabolomics_extraction
20210819_JGI-AK_MK_506588_SoilWaterRep_final_QE-139_HILICZ_USHXG01490_NEG_MSMS_74_ExCtrl_B_Rg70to1050-CE205060-soil-S1_Run121.raw,blank,,,no_match,ProcessedSample2_metabolomics_extraction,metabolomics_extraction
20210819_JGI-AK_MK_506588_SoilWaterRep_final_QE-139_HILICZ_USHXG01490_POS_MSMS_69_Sterile-BGramaLit_B_Rg70to1050-CE205060-soil-S1_Run157.raw,blank,,,no_match,ProcessedSample2_metabolomics_extraction,metabolomics_extraction
20201023_JGI-AK_MK_506588_SoilWaterRep_pilot_QE-139_C18_USDAY59430_NEG_MSMS_7-NP_Neg-D59-Ctrl_A_Rg80to1200-CE102040-ctrl-S1_Run19.raw,blank,,,no_match,ProcessedSample2_metabolomics_extraction,metabolomics_extraction
20201028_JGI-AK_MK_506588_SoilWaterRep_pilot_QE-HF_HILICZ_USHXG01583_POS_MSMS_10-P_ExCtrl_A_Rg70to1050-CE102040-none-S1_Run13.raw,blank,,,no_match,ProcessedSample2_metabolomics_extraction,metabolomics_extraction
20210819_JGI-AK_MK_506588_SoilWaterRep_final_QE-139_HILICZ_USHXG01490_POS_MSMS_70_Sterile-sand_C_Rg70to1050-CE102040-soil-S1_Run160.raw,blank,,,no_match,ProcessedSample2_metabolomics_extraction,metabolomics_extraction
20210819_JGI-AK_MK_506588_SoilWaterRep_final_QE-139_HILICZ_USHXG01490_POS_MSMS_56_Neg-D30_B_Rg70to1050-CE205060-soil-S1_Run92.raw,blank,,,no_match,ProcessedSample2_metabolomics_extraction,metabolomics_extraction
20210819_JGI-AK_MK_506588_SoilWaterRep_final_QE-139_HILICZ_USHXG01490_POS_MSMS_72_Sterile-BGramaLit_C_Rg70to1050-CE102040-soil-S1_Run172.raw,blank,,,no_match,ProcessedSample2_metabolomics_extraction,metabolomics_extraction
20210819_JGI-AK_MK_506588_SoilWaterRep_final_QE-139_HILICZ_USHXG01490_NEG_MSMS_62_Neg-D89_B_Rg70to1050-CE205060-soil-S1_Run133.raw,blank,,,no_match,ProcessedSample2_metabolomics_extraction,metabolomics_extraction
20201023_JGI-AK_MK_506588_SoilWaterRep_pilot_QE-139_C18_USDAY59430_POS_MSMS_0_QC-C18QU_Post_Rg80to1200-CE102040--QC-C18QU_Run53.raw,qc,,,no_match,ProcessedSample2_metabolomics_extraction,metabolomics_extraction
20201028_JGI-AK_MK_506588_SoilWaterRep_pilot_QE-HF_HILICZ_USHXG01583_POS_MSMS_9-P_Neg-D59-Ctrl_C_Rg70to1050-CE102040-ctrl-S1_Run38.raw,blank,,,no_match,ProcessedSample2_metabolomics_extraction,metabolomics_extraction
20201028_JGI-AK_MK_506588_SoilWaterRep_pilot_QE-HF_HILICZ_USHXG01583_NEG_MSMS_9-P_Neg-D59-Ctrl_C_Rg70to1050-CE102040-ctrl-S1_Run39.raw,blank,,,no_match,ProcessedSample2_metabolomics_extraction,metabolomics_extraction
20210915_JGI-AK_MK_506588_SoilWaterRep_final_QE-HF_C18_USDAY63680_POS_MSMS_0_QC_Post_Rg80to1200-CE102040--QC_Run240.raw,qc,,,no_match,ProcessedSample2_metabolomics_extraction,metabolomics_extraction
20210819_JGI-AK_MK_506588_SoilWaterRep_final_QE-139_HILICZ_USHXG01490_NEG_MSMS_55_Neg-D30_A_Rg70to1050-CE102040-soil-S1_Run81.raw,blank,,,no_match,ProcessedSample2_metabolomics_extraction,metabolomics_extraction
20210915_JGI-AK_MK_506588_SoilWaterRep_final_QE-HF_C18_USDAY63680_NEG_MSMS_61_Neg-D89_A_Rg80to1200-CE102040-soil-S1_Run65.raw,blank,,,no_match,ProcessedSample2_metabolomics_extraction,metabolomics_extraction
20210915_JGI-AK_MK_506588_SoilWaterRep_final_QE-HF_C18_USDAY63680_NEG_MSMS_69_Sterile-BGramaLit_B_Rg80to1200-CE205060-soil-S1_Run162.raw,blank,,,no_match,ProcessedSample2_metabolomics_extraction,metabolomics_extraction
20210915_JGI-AK_MK_506588_SoilWaterRep_final_QE-HF_C18_USDAY63680_NEG_MSMS_66_Sterile-BGramaLit_A_Rg80to1200-CE102040-soil-S1_Run48.raw,blank,,,no_match,ProcessedSample2_metabolomics_extraction,metabolomics_extraction
20201023_JGI-AK_MK_506588_SoilWaterRep_pilot_QE-139_C18_USDAY59430_POS_MSMS_10-NP_ExCtrl_A_Rg80to1200-CE102040-none-S1_Run15.raw,blank,,,no_match,ProcessedSample2_metabolomics_extraction,metabolomics_extraction
20201023_JGI-AK_MK_506588_SoilWaterRep_pilot_QE-139_C18_USDAY59430_NEG_MSMS_8-NP_Neg-D59-Ctrl_B_Rg80to1200-CE102040-ctrl-S1_Run31.raw,blank,,,no_match,ProcessedSample2_metabolomics_extraction,metabolomics_extraction
20201028_JGI-AK_MK_506588_SoilWaterRep_pilot_QE-HF_HILICZ_USHXG01583_NEG_MSMS_6-P_S47-D59-hydrophobic_C_Rg70to1050-CE102040-soil-S1_Run45.raw,unknown,,,no_match,ProcessedSample2_metabolomics_extraction,metabolomics_extraction
20210915_JGI-AK_MK_506588_SoilWaterRep_final_QE-HF_C18_USDAY63680_NEG_MSMS_56_Neg-D30_B_Rg80to1200-CE205060-soil-S1_Run95.raw,blank,,,no_match,ProcessedSample2_metabolomics_extraction,metabolomics_extraction
20210819_JGI-AK_MK_506588_SoilWaterRep_final_QE-139_HILICZ_USHXG01490_POS_MSMS_63_Neg-D89_C_Rg70to1050-CE102040-soil-S1_Run209.raw,blank,,,no_match,ProcessedSample2_metabolomics_extraction,metabolomics_extraction
20210819_JGI-AK_MK_506588_SoilWaterRep_final_QE-139_HILICZ_USHXG01490_POS_MSMS_61_Neg-D89_A_Rg70to1050-CE102040-soil-S1_Run62.raw,blank,,,no_match,ProcessedSample2_metabolomics_extraction,metabolomics_extraction
20201028_JGI-AK_MK_506588_SoilWaterRep_pilot_QE-HF_HILICZ_USHXG01583_NEG_MSMS_0_QC_Post_Rg70to1050-CE102040--QC_Run49.raw,qc,,,no_match,ProcessedSample2_metabolomics_extraction,metabolomics_extraction
20210819_JGI-AK_MK_506588_SoilWaterRep_final_QE-139_HILICZ_USHXG01490_POS_MSMS_74_ExCtrl_B_Rg70to1050-CE205060-soil-S1_Run120.raw,blank,,,no_match,ProcessedSample2_metabolomics_extraction,metabolomics_extraction
20201028_JGI-AK_MK_506588_SoilWaterRep_pilot_QE-HF_HILICZ_USHXG01583_POS_MSMS_8-P_Neg-D59-Ctrl_B_Rg70to1050-CE102040-ctrl-S1_Run28.raw,blank,,,no_match,ProcessedSample2_metabolomics_extraction,metabolomics_extraction
20201028_JGI-AK_MK_506588_SoilWaterRep_pilot_QE-HF_HILICZ_USHXG01583_NEG_MSMS_7-P_Neg-D59-Ctrl_A_Rg70to1050-CE102040-ctrl-S1_Run17.raw,blank,,,no_match,ProcessedSample2_metabolomics_extraction,metabolomics_extraction
20210819_JGI-AK_MK_506588_SoilWaterRep_final_QE-139_HILICZ_USHXG01490_NEG_MSMS_67_Sterile-sand_B_Rg70to1050-CE205060-soil-S1_Run136.raw,blank,,,no_match,ProcessedSample2_metabolomics_extraction,metabolomics_extraction
20210819_JGI-AK_MK_506588_SoilWaterRep_final_QE-139_HILICZ_USHXG01490_POS_MSMS_60_Neg-D45_C_Rg70to1050-CE102040-soil-S1_Run224.raw,blank,,,no_match,ProcessedSample2_metabolomics_extraction,metabolomics_extraction
20201028_JGI-AK_MK_506588_SoilWaterRep_pilot_QE-HF_HILICZ_USHXG01583_POS_MSMS_1-P_S17-D59-hydrophilic_A_Rg70to1050-CE102040-soil-S1_Run22.raw,unknown,,,no_match,ProcessedSample2_metabolomics_extraction,metabolomics_extraction
20210819_JGI-AK_MK_506588_SoilWaterRep_final_QE-139_HILICZ_USHXG01490_POS_MSMS_73_ExCtrl_A_Rg70to1050-CE102040-soil-S1_Run13.raw,blank,,,no_match,ProcessedSample2_metabolomics_extraction,metabolomics_extraction
20201028_JGI-AK_MK_506588_SoilWaterRep_pilot_QE-HF_HILICZ_USHXG01583_POS_MSMS_2-P_S17-D59-hydrophilic_B_Rg70to1050-CE102040-soil-S1_Run35.raw,unknown,,,no_match,ProcessedSample2_metabolomics_extraction,metabolomics_extraction
20210915_JGI-AK_MK_506588_SoilWaterRep_final_QE-HF_C18_USDAY63680_POS_MSMS_67_Sterile-sand_B_Rg80to1200-CE205060-soil-S1_Run138.raw,blank,,,no_match,ProcessedSample2_metabolomics_extraction,metabolomics_extraction
20201023_JGI-AK_MK_506588_SoilWaterRep_pilot_QE-139_C18_USDAY59430_NEG_MSMS_1-NP_S17-D59-hydrophilic_A_Rg80to1200-CE102040-soil-S1_Run25.raw,unknown,,,no_match,ProcessedSample2_metabolomics_extraction,metabolomics_extraction
20210915_JGI-AK_MK_506588_SoilWaterRep_final_QE-HF_C18_USDAY63680_NEG_MSMS_60_Neg-D45_C_Rg80to1200-CE102040-soil-S1_Run230.raw,blank,,,no_match,ProcessedSample2_metabolomics_extraction,metabolomics_extraction
20201023_JGI-AK_MK_506588_SoilWaterRep_pilot_QE-139_C18_USDAY59430_NEG_MSMS_3-NP_S17-D59-hydrophilic_C_Rg80to1200-CE102040-soil-S1_Run45.raw,unknown,,,no_match,ProcessedSample2_metabolomics_extraction,metabolomics_extraction
20201023_JGI-AK_MK_506588_SoilWaterRep_pilot_QE-139_C18_USDAY59430_POS_MSMS_9-NP_Neg-D59-Ctrl_C_Rg80to1200-CE102040-ctrl-S1_Run41.raw,blank,,,no_match,ProcessedSample2_metabolomics_extraction,metabolomics_extraction
20210915_JGI-AK_MK_506588_SoilWaterRep_final_QE-HF_C18_USDAY63680_NEG_MSMS_75_ExCtrl_C_Rg80to1200-CE102040-soil-S1_Run209.raw,blank,,,no_match,ProcessedSample2_metabolomics_extraction,metabolomics_extraction
20210915_JGI-AK_MK_506588_SoilWaterRep_final_QE-HF_C18_USDAY63680_POS_MSMS_57_Neg-D30_C_Rg80to1200-CE102040-soil-S1_Run223.raw,blank,,,no_match,ProcessedSample2_metabolomics_extraction,metabolomics_extraction
20201023_JGI-AK_MK_506588_SoilWaterRep_pilot_QE-139_C18_USDAY59430_NEG_MSMS_4-NP_S47-D59-hydrophobic_A_Rg80to1200-CE102040-soil-S1_Run22.raw,unknown,,,no_match,ProcessedSample2_metabolomics_extraction,metabolomics_extraction
20201028_JGI-AK_MK_506588_SoilWaterRep_pilot_QE-HF_HILICZ_USHXG01583_NEG_MSMS_1-P_S17-D59-hydrophilic_A_Rg70to1050-CE102040-soil-S1_Run23.raw,unknown,,,no_match,ProcessedSample2_metabolomics_extraction,metabolomics_extraction
20201023_JGI-AK_MK_506588_SoilWaterRep_pilot_QE-139_C18_USDAY59430_NEG_MSMS_2-NP_S17-D59-hydrophilic_B_Rg80to1200-CE102040-soil-S1_Run39.raw,unknown,,,no_match,ProcessedSample2_metabolomics_extraction,metabolomics_extraction
20210915_JGI-AK_MK_506588_SoilWaterRep_final_QE-HF_C18_USDAY63680_POS_MSMS_64_Sterile-sand_A_Rg80to1200-CE102040-soil-S1_Run35.raw,blank,,,no_match,ProcessedSample2_metabolomics_extraction,metabolomics_extraction
20201028_JGI-AK_MK_506588_SoilWaterRep_pilot_QE-HF_HILICZ_USHXG01583_NEG_MSMS_0_QC_Pre_Rg70to1050-CE102040--QC_Run8.raw,qc,,,no_match,ProcessedSample2_metabolomics_extraction,metabolomics_extraction
20201028_JGI-AK_MK_506588_SoilWaterRep_pilot_QE-HF_HILICZ_USHXG01583_POS_MSMS_3-P_S17-D59-hydrophilic_C_Rg70to1050-CE102040-soil-S1_Run41.raw,unknown,,,no_match,ProcessedSample2_metabolomics_extraction,metabolomics_extraction
20201023_JGI-AK_MK_506588_SoilWaterRep_pilot_QE-139_C18_USDAY59430_POS_MSMS_6-NP_S47-D59-hydrophobic_C_Rg80to1200-CE102040-soil-S1_Run47.raw,unknown,,,no_match,ProcessedSample2_metabolomics_extraction,metabolomics_extraction
20201028_JGI-AK_MK_506588_SoilWaterRep_pilot_QE-HF_HILICZ_USHXG01583_NEG_MSMS_3-P_S17-D59-hydrophilic_C_Rg70to1050-CE102040-soil-S1_Run42.raw,unknown,,,no_match,ProcessedSample2_metabolomics_extraction,metabolomics_extraction
20210819_JGI-AK_MK_506588_SoilWaterRep_final_QE-139_HILICZ_USHXG01490_NEG_MSMS_60_Neg-D45_C_Rg70to1050-CE102040-soil-S1_Run225.raw,blank,,,no_match,ProcessedSample2_metabolomics_extraction,metabolomics_extraction
