raw_data_file_short,biosample_id,biosample.associated_studies,material_processing_type,raw_data_file,processed_data_directory,mass_spec_configuration_name,chromat_configuration_name,execution_resource,instrument_used,file_name,instrument_analysis_end_date,url,raw_data_url
4C1_3_60_pinto-63-s003-a04.raw,nmdc:bsm-11-0ve03274,['nmdc:sty-11-547rwq94'],unknown,/Users/heal742/Library/CloudStorage/OneDrive-PNNL/Documents/_DMS_data/_NMDC/_massive/_emp500_lcms/RAW/to_process/4C1_3_60_pinto-63-s003-a04.raw,/Users/heal742/Library/CloudStorage/OneDrive-PNNL/Documents/_DMS_data/_NMDC/_massive/_emp500_lcms/processed/202507/4C1_3_60_pinto-63-s003-a04.corems,LC-MS Metabolomics Method for EMP 500 Samples,LC-MS Chromatography Configuration for EMP 500 Samples,EMSL-RZR,QExactHF03,4C1_3_60_pinto-63-s003-a04.raw,2019-02-12T05:36:18Z,ftp://massive-ftp.ucsd.edu/v02/MSV000083475/raw/RAW/PLATE3and4/4C1_3_60_pinto-63-s003-a04.raw,https://massive.ucsd.edu/ProteoSAFe/DownloadResultFile?file=f.MSV000083475%2Fraw%2FRAW%2FPLATE3and4%2F4C1_3_60_pinto-63-s003-a04.raw&forceDownload=true
4D10_1_47_thomas-18-s034-a03.raw,nmdc:bsm-11-n5dtbe85,['nmdc:sty-11-547rwq94'],unknown,/Users/heal742/Library/CloudStorage/OneDrive-PNNL/Documents/_DMS_data/_NMDC/_massive/_emp500_lcms/RAW/to_process/4D10_1_47_thomas-18-s034-a03.raw,/Users/heal742/Library/CloudStorage/OneDrive-PNNL/Documents/_DMS_data/_NMDC/_massive/_emp500_lcms/processed/202507/4D10_1_47_thomas-18-s034-a03.corems,LC-MS Metabolomics Method for EMP 500 Samples,LC-MS Chromatography Configuration for EMP 500 Samples,EMSL-RZR,QExactHF03,4D10_1_47_thomas-18-s034-a03.raw,2019-02-11T14:54:57Z,ftp://massive-ftp.ucsd.edu/v02/MSV000083475/raw/RAW/PLATE3and4/4D10_1_47_thomas-18-s034-a03.raw,https://massive.ucsd.edu/ProteoSAFe/DownloadResultFile?file=f.MSV000083475%2Fraw%2FRAW%2FPLATE3and4%2F4D10_1_47_thomas-18-s034-a03.raw&forceDownload=true
4G12_7_36_zaneveld-9-s004-a04.raw,nmdc:bsm-11-8txch869,['nmdc:sty-11-547rwq94'],unknown,/Users/heal742/Library/CloudStorage/OneDrive-PNNL/Documents/_DMS_data/_NMDC/_massive/_emp500_lcms/RAW/to_process/4G12_7_36_zaneveld-9-s004-a04.raw,/Users/heal742/Library/CloudStorage/OneDrive-PNNL/Documents/_DMS_data/_NMDC/_massive/_emp500_lcms/processed/202507/4G12_7_36_zaneveld-9-s004-a04.corems,LC-MS Metabolomics Method for EMP 500 Samples,LC-MS Chromatography Configuration for EMP 500 Samples,EMSL-RZR,QExactHF03,4G12_7_36_zaneveld-9-s004-a04.raw,2019-02-10T19:01:58Z,ftp://massive-ftp.ucsd.edu/v02/MSV000083475/raw/RAW/PLATE3and4/4G12_7_36_zaneveld-9-s004-a04.raw,https://massive.ucsd.edu/ProteoSAFe/DownloadResultFile?file=f.MSV000083475%2Fraw%2FRAW%2FPLATE3and4%2F4G12_7_36_zaneveld-9-s004-a04.raw&forceDownload=true
4C7_3_80_pinto-63-s009-a04.raw,nmdc:bsm-11-d088ph59,['nmdc:sty-11-547rwq94'],unknown,/Users/heal742/Library/CloudStorage/OneDrive-PNNL/Documents/_DMS_data/_NMDC/_massive/_emp500_lcms/RAW/to_process/4C7_3_80_pinto-63-s009-a04.raw,/Users/heal742/Library/CloudStorage/OneDrive-PNNL/Documents/_DMS_data/_NMDC/_massive/_emp500_lcms/processed/202507/4C7_3_80_pinto-63-s009-a04.corems,LC-MS Metabolomics Method for EMP 500 Samples,LC-MS Chromatography Configuration for EMP 500 Samples,EMSL-RZR,QExactHF03,4C7_3_80_pinto-63-s009-a04.raw,2019-02-12T06:56:52Z,ftp://massive-ftp.ucsd.edu/v02/MSV000083475/raw/RAW/PLATE3and4/4C7_3_80_pinto-63-s009-a04.raw,https://massive.ucsd.edu/ProteoSAFe/DownloadResultFile?file=f.MSV000083475%2Fraw%2FRAW%2FPLATE3and4%2F4C7_3_80_pinto-63-s009-a04.raw&forceDownload=true
4A3_2_17_pinto-63-s016-a03.raw,nmdc:bsm-11-kbjn8y24,['nmdc:sty-11-547rwq94'],unknown,/Users/heal742/Library/CloudStorage/OneDrive-PNNL/Documents/_DMS_data/_NMDC/_massive/_emp500_lcms/RAW/to_process/4A3_2_17_pinto-63-s016-a03.raw,/Users/heal742/Library/CloudStorage/OneDrive-PNNL/Documents/_DMS_data/_NMDC/_massive/_emp500_lcms/processed/202507/4A3_2_17_pinto-63-s016-a03.corems,LC-MS Metabolomics Method for EMP 500 Samples,LC-MS Chromatography Configuration for EMP 500 Samples,EMSL-RZR,QExactHF03,4A3_2_17_pinto-63-s016-a03.raw,2019-02-12T00:50:48Z,ftp://massive-ftp.ucsd.edu/v02/MSV000083475/raw/RAW/PLATE3and4/4A3_2_17_pinto-63-s016-a03.raw,https://massive.ucsd.edu/ProteoSAFe/DownloadResultFile?file=f.MSV000083475%2Fraw%2FRAW%2FPLATE3and4%2F4A3_2_17_pinto-63-s016-a03.raw&forceDownload=true
4A2_2_6_pinto-63-s023-a04.raw,nmdc:bsm-11-rhmm8j58,['nmdc:sty-11-547rwq94'],unknown,/Users/heal742/Library/CloudStorage/OneDrive-PNNL/Documents/_DMS_data/_NMDC/_massive/_emp500_lcms/RAW/to_process/4A2_2_6_pinto-63-s023-a04.raw,/Users/heal742/Library/CloudStorage/OneDrive-PNNL/Documents/_DMS_data/_NMDC/_massive/_emp500_lcms/processed/202507/4A2_2_6_pinto-63-s023-a04.corems,LC-MS Metabolomics Method for EMP 500 Samples,LC-MS Chromatography Configuration for EMP 500 Samples,EMSL-RZR,QExactHF03,4A2_2_6_pinto-63-s023-a04.raw,2019-02-12T00:37:24Z,ftp://massive-ftp.ucsd.edu/v02/MSV000083475/raw/RAW/PLATE3and4/4A2_2_6_pinto-63-s023-a04.raw,https://massive.ucsd.edu/ProteoSAFe/DownloadResultFile?file=f.MSV000083475%2Fraw%2FRAW%2FPLATE3and4%2F4A2_2_6_pinto-63-s023-a04.raw&forceDownload=true
7B12_8_21_song-51-s008-a04.raw,nmdc:bsm-11-gcb2md35,['nmdc:sty-11-547rwq94'],unknown,/Users/heal742/Library/CloudStorage/OneDrive-PNNL/Documents/_DMS_data/_NMDC/_massive/_emp500_lcms/RAW/to_process/7B12_8_21_song-51-s008-a04.raw,/Users/heal742/Library/CloudStorage/OneDrive-PNNL/Documents/_DMS_data/_NMDC/_massive/_emp500_lcms/processed/202507/7B12_8_21_song-51-s008-a04.corems,LC-MS Metabolomics Method for EMP 500 Samples,LC-MS Chromatography Configuration for EMP 500 Samples,EMSL-RZR,QExactHF03,7B12_8_21_song-51-s008-a04.raw,2019-02-05T03:21:54Z,ftp://massive-ftp.ucsd.edu/v02/MSV000083475/raw/RAW/PLATE7/7B12_8_21_song-51-s008-a04.raw,https://massive.ucsd.edu/ProteoSAFe/DownloadResultFile?file=f.MSV000083475%2Fraw%2FRAW%2FPLATE7%2F7B12_8_21_song-51-s008-a04.raw&forceDownload=true
2A4_3_37_jensen-43-s017-a03.raw,nmdc:bsm-11-vk2m2b53,['nmdc:sty-11-547rwq94'],unknown,/Users/heal742/Library/CloudStorage/OneDrive-PNNL/Documents/_DMS_data/_NMDC/_massive/_emp500_lcms/RAW/to_process/2A4_3_37_jensen-43-s017-a03.raw,/Users/heal742/Library/CloudStorage/OneDrive-PNNL/Documents/_DMS_data/_NMDC/_massive/_emp500_lcms/processed/202507/2A4_3_37_jensen-43-s017-a03.corems,LC-MS Metabolomics Method for EMP 500 Samples,LC-MS Chromatography Configuration for EMP 500 Samples,EMSL-RZR,QExactHF03,2A4_3_37_jensen-43-s017-a03.raw,2019-02-07T04:33:16Z,ftp://massive-ftp.ucsd.edu/v02/MSV000083475/raw/RAW/PLATE1and2/2A4_3_37_jensen-43-s017-a03.raw,https://massive.ucsd.edu/ProteoSAFe/DownloadResultFile?file=f.MSV000083475%2Fraw%2FRAW%2FPLATE1and2%2F2A4_3_37_jensen-43-s017-a03.raw&forceDownload=true
4A1_2_4_pinto-63-s024-a04.raw,nmdc:bsm-11-edac4v19,['nmdc:sty-11-547rwq94'],unknown,/Users/heal742/Library/CloudStorage/OneDrive-PNNL/Documents/_DMS_data/_NMDC/_massive/_emp500_lcms/RAW/to_process/4A1_2_4_pinto-63-s024-a04.raw,/Users/heal742/Library/CloudStorage/OneDrive-PNNL/Documents/_DMS_data/_NMDC/_massive/_emp500_lcms/processed/202507/4A1_2_4_pinto-63-s024-a04.corems,LC-MS Metabolomics Method for EMP 500 Samples,LC-MS Chromatography Configuration for EMP 500 Samples,EMSL-RZR,QExactHF03,4A1_2_4_pinto-63-s024-a04.raw,2019-02-12T00:23:59Z,ftp://massive-ftp.ucsd.edu/v02/MSV000083475/raw/RAW/PLATE3and4/4A1_2_4_pinto-63-s024-a04.raw,https://massive.ucsd.edu/ProteoSAFe/DownloadResultFile?file=f.MSV000083475%2Fraw%2FRAW%2FPLATE3and4%2F4A1_2_4_pinto-63-s024-a04.raw&forceDownload=true
5C7_3_39_sandin-54-s005-a04.raw,nmdc:bsm-11-6wvmnx13,['nmdc:sty-11-547rwq94'],unknown,/Users/heal742/Library/CloudStorage/OneDrive-PNNL/Documents/_DMS_data/_NMDC/_massive/_emp500_lcms/RAW/to_process/5C7_3_39_sandin-54-s005-a04.raw,/Users/heal742/Library/CloudStorage/OneDrive-PNNL/Documents/_DMS_data/_NMDC/_massive/_emp500_lcms/processed/202507/5C7_3_39_sandin-54-s005-a04.corems,LC-MS Metabolomics Method for EMP 500 Samples,LC-MS Chromatography Configuration for EMP 500 Samples,EMSL-RZR,QExactHF03,5C7_3_39_sandin-54-s005-a04.raw,2019-02-03T21:28:05Z,ftp://massive-ftp.ucsd.edu/v02/MSV000083475/raw/RAW/PLATE5/5C7_3_39_sandin-54-s005-a04.raw,https://massive.ucsd.edu/ProteoSAFe/DownloadResultFile?file=f.MSV000083475%2Fraw%2FRAW%2FPLATE5%2F5C7_3_39_sandin-54-s005-a04.raw&forceDownload=true
1B9_1_31_berry-2-s017-a04.raw,nmdc:bsm-11-6kwr5c04,['nmdc:sty-11-547rwq94'],unknown,/Users/heal742/Library/CloudStorage/OneDrive-PNNL/Documents/_DMS_data/_NMDC/_massive/_emp500_lcms/RAW/to_process/1B9_1_31_berry-2-s017-a04.raw,/Users/heal742/Library/CloudStorage/OneDrive-PNNL/Documents/_DMS_data/_NMDC/_massive/_emp500_lcms/processed/202507/1B9_1_31_berry-2-s017-a04.corems,LC-MS Metabolomics Method for EMP 500 Samples,LC-MS Chromatography Configuration for EMP 500 Samples,EMSL-RZR,QExactHF03,1B9_1_31_berry-2-s017-a04.raw,2019-02-06T07:53:12Z,ftp://massive-ftp.ucsd.edu/v02/MSV000083475/raw/RAW/PLATE1and2/1B9_1_31_berry-2-s017-a04.raw,https://massive.ucsd.edu/ProteoSAFe/DownloadResultFile?file=f.MSV000083475%2Fraw%2FRAW%2FPLATE1and2%2F1B9_1_31_berry-2-s017-a04.raw&forceDownload=true
1E11_2_27_bowen-74-s010-a04.raw,nmdc:bsm-11-ehp0qr45,['nmdc:sty-11-547rwq94'],unknown,/Users/heal742/Library/CloudStorage/OneDrive-PNNL/Documents/_DMS_data/_NMDC/_massive/_emp500_lcms/RAW/to_process/1E11_2_27_bowen-74-s010-a04.raw,/Users/heal742/Library/CloudStorage/OneDrive-PNNL/Documents/_DMS_data/_NMDC/_massive/_emp500_lcms/processed/202507/1E11_2_27_bowen-74-s010-a04.corems,LC-MS Metabolomics Method for EMP 500 Samples,LC-MS Chromatography Configuration for EMP 500 Samples,EMSL-RZR,QExactHF03,,,ftp://massive-ftp.ucsd.edu/v02/MSV000083475/raw/RAW/PLATE1and2/1E11_2_27_bowen-74-s010-a04.raw,https://massive.ucsd.edu/ProteoSAFe/DownloadResultFile?file=f.MSV000083475%2Fraw%2FRAW%2FPLATE1and2%2F1E11_2_27_bowen-74-s010-a04.raw&forceDownload=true
4D11_1_48_thomas-18-s040-a03.raw,nmdc:bsm-11-hbzqap28,['nmdc:sty-11-547rwq94'],unknown,/Users/heal742/Library/CloudStorage/OneDrive-PNNL/Documents/_DMS_data/_NMDC/_massive/_emp500_lcms/RAW/to_process/4D11_1_48_thomas-18-s040-a03.raw,/Users/heal742/Library/CloudStorage/OneDrive-PNNL/Documents/_DMS_data/_NMDC/_massive/_emp500_lcms/processed/202507/4D11_1_48_thomas-18-s040-a03.corems,LC-MS Metabolomics Method for EMP 500 Samples,LC-MS Chromatography Configuration for EMP 500 Samples,EMSL-RZR,QExactHF03,4D11_1_48_thomas-18-s040-a03.raw,2019-02-11T15:08:22Z,ftp://massive-ftp.ucsd.edu/v02/MSV000083475/raw/RAW/PLATE3and4/4D11_1_48_thomas-18-s040-a03.raw,https://massive.ucsd.edu/ProteoSAFe/DownloadResultFile?file=f.MSV000083475%2Fraw%2FRAW%2FPLATE3and4%2F4D11_1_48_thomas-18-s040-a03.raw&forceDownload=true
4B2_2_57_pinto-63-s021-a04.raw,nmdc:bsm-11-k47vb326,['nmdc:sty-11-547rwq94'],unknown,/Users/heal742/Library/CloudStorage/OneDrive-PNNL/Documents/_DMS_data/_NMDC/_massive/_emp500_lcms/RAW/to_process/4B2_2_57_pinto-63-s021-a04.raw,/Users/heal742/Library/CloudStorage/OneDrive-PNNL/Documents/_DMS_data/_NMDC/_massive/_emp500_lcms/processed/202507/4B2_2_57_pinto-63-s021-a04.corems,LC-MS Metabolomics Method for EMP 500 Samples,LC-MS Chromatography Configuration for EMP 500 Samples,EMSL-RZR,QExactHF03,4B2_2_57_pinto-63-s021-a04.raw,2019-02-12T02:51:40Z,ftp://massive-ftp.ucsd.edu/v02/MSV000083475/raw/RAW/PLATE3and4/4B2_2_57_pinto-63-s021-a04.raw,https://massive.ucsd.edu/ProteoSAFe/DownloadResultFile?file=f.MSV000083475%2Fraw%2FRAW%2FPLATE3and4%2F4B2_2_57_pinto-63-s021-a04.raw&forceDownload=true
5A3_2_9_angenent-65-s002-a04.raw,nmdc:bsm-11-pnk53a41,['nmdc:sty-11-547rwq94'],unknown,/Users/heal742/Library/CloudStorage/OneDrive-PNNL/Documents/_DMS_data/_NMDC/_massive/_emp500_lcms/RAW/to_process/5A3_2_9_angenent-65-s002-a04.raw,/Users/heal742/Library/CloudStorage/OneDrive-PNNL/Documents/_DMS_data/_NMDC/_massive/_emp500_lcms/processed/202507/5A3_2_9_angenent-65-s002-a04.corems,LC-MS Metabolomics Method for EMP 500 Samples,LC-MS Chromatography Configuration for EMP 500 Samples,EMSL-RZR,QExactHF03,5A3_2_9_angenent-65-s002-a04.raw,2019-02-03T16:29:07Z,ftp://massive-ftp.ucsd.edu/v02/MSV000083475/raw/RAW/PLATE5/5A3_2_9_angenent-65-s002-a04.raw,https://massive.ucsd.edu/ProteoSAFe/DownloadResultFile?file=f.MSV000083475%2Fraw%2FRAW%2FPLATE5%2F5A3_2_9_angenent-65-s002-a04.raw&forceDownload=true
3E11_2_16_uren-82-s001-a04.raw,nmdc:bsm-11-8fbm4j90,['nmdc:sty-11-547rwq94'],unknown,/Users/heal742/Library/CloudStorage/OneDrive-PNNL/Documents/_DMS_data/_NMDC/_massive/_emp500_lcms/RAW/to_process/3E11_2_16_uren-82-s001-a04.raw,/Users/heal742/Library/CloudStorage/OneDrive-PNNL/Documents/_DMS_data/_NMDC/_massive/_emp500_lcms/processed/202507/3E11_2_16_uren-82-s001-a04.corems,LC-MS Metabolomics Method for EMP 500 Samples,LC-MS Chromatography Configuration for EMP 500 Samples,EMSL-RZR,QExactHF03,3E11_2_16_uren-82-s001-a04.raw,2019-02-10T10:17:23Z,ftp://massive-ftp.ucsd.edu/v02/MSV000083475/raw/RAW/PLATE3and4/3E11_2_16_uren-82-s001-a04.raw,https://massive.ucsd.edu/ProteoSAFe/DownloadResultFile?file=f.MSV000083475%2Fraw%2FRAW%2FPLATE3and4%2F3E11_2_16_uren-82-s001-a04.raw&forceDownload=true
4E3_1_58_thomas-18-s032-a04.raw,nmdc:bsm-11-fc8rcc81,['nmdc:sty-11-547rwq94'],unknown,/Users/heal742/Library/CloudStorage/OneDrive-PNNL/Documents/_DMS_data/_NMDC/_massive/_emp500_lcms/RAW/to_process/4E3_1_58_thomas-18-s032-a04.raw,/Users/heal742/Library/CloudStorage/OneDrive-PNNL/Documents/_DMS_data/_NMDC/_massive/_emp500_lcms/processed/202507/4E3_1_58_thomas-18-s032-a04.corems,LC-MS Metabolomics Method for EMP 500 Samples,LC-MS Chromatography Configuration for EMP 500 Samples,EMSL-RZR,QExactHF03,4E3_1_58_thomas-18-s032-a04.raw,2019-02-11T16:02:03Z,ftp://massive-ftp.ucsd.edu/v02/MSV000083475/raw/RAW/PLATE3and4/4E3_1_58_thomas-18-s032-a04.raw,https://massive.ucsd.edu/ProteoSAFe/DownloadResultFile?file=f.MSV000083475%2Fraw%2FRAW%2FPLATE3and4%2F4E3_1_58_thomas-18-s032-a04.raw&forceDownload=true
4B8_3_35_pinto-63-s004-a04.raw,nmdc:bsm-11-jztbkk08,['nmdc:sty-11-547rwq94'],unknown,/Users/heal742/Library/CloudStorage/OneDrive-PNNL/Documents/_DMS_data/_NMDC/_massive/_emp500_lcms/RAW/to_process/4B8_3_35_pinto-63-s004-a04.raw,/Users/heal742/Library/CloudStorage/OneDrive-PNNL/Documents/_DMS_data/_NMDC/_massive/_emp500_lcms/processed/202507/4B8_3_35_pinto-63-s004-a04.corems,LC-MS Metabolomics Method for EMP 500 Samples,LC-MS Chromatography Configuration for EMP 500 Samples,EMSL-RZR,QExactHF03,4B8_3_35_pinto-63-s004-a04.raw,2019-02-12T04:42:35Z,ftp://massive-ftp.ucsd.edu/v02/MSV000083475/raw/RAW/PLATE3and4/4B8_3_35_pinto-63-s004-a04.raw,https://massive.ucsd.edu/ProteoSAFe/DownloadResultFile?file=f.MSV000083475%2Fraw%2FRAW%2FPLATE3and4%2F4B8_3_35_pinto-63-s004-a04.raw&forceDownload=true
7C11_8_30_song-51-s015-a04.raw,nmdc:bsm-11-5jw9p947,['nmdc:sty-11-547rwq94'],unknown,/Users/heal742/Library/CloudStorage/OneDrive-PNNL/Documents/_DMS_data/_NMDC/_massive/_emp500_lcms/RAW/to_process/7C11_8_30_song-51-s015-a04.raw,/Users/heal742/Library/CloudStorage/OneDrive-PNNL/Documents/_DMS_data/_NMDC/_massive/_emp500_lcms/processed/202507/7C11_8_30_song-51-s015-a04.corems,LC-MS Metabolomics Method for EMP 500 Samples,LC-MS Chromatography Configuration for EMP 500 Samples,EMSL-RZR,QExactHF03,7C11_8_30_song-51-s015-a04.raw,2019-02-05T06:19:44Z,ftp://massive-ftp.ucsd.edu/v02/MSV000083475/raw/RAW/PLATE7/7C11_8_30_song-51-s015-a04.raw,https://massive.ucsd.edu/ProteoSAFe/DownloadResultFile?file=f.MSV000083475%2Fraw%2FRAW%2FPLATE7%2F7C11_8_30_song-51-s015-a04.raw&forceDownload=true
2B2_3_49_jensen-43-s014-a03.raw,nmdc:bsm-11-yjactw44,['nmdc:sty-11-547rwq94'],unknown,/Users/heal742/Library/CloudStorage/OneDrive-PNNL/Documents/_DMS_data/_NMDC/_massive/_emp500_lcms/RAW/to_process/2B2_3_49_jensen-43-s014-a03.raw,/Users/heal742/Library/CloudStorage/OneDrive-PNNL/Documents/_DMS_data/_NMDC/_massive/_emp500_lcms/processed/202507/2B2_3_49_jensen-43-s014-a03.corems,LC-MS Metabolomics Method for EMP 500 Samples,LC-MS Chromatography Configuration for EMP 500 Samples,EMSL-RZR,QExactHF03,2B2_3_49_jensen-43-s014-a03.raw,2019-02-07T04:46:41Z,ftp://massive-ftp.ucsd.edu/v02/MSV000083475/raw/RAW/PLATE1and2/2B2_3_49_jensen-43-s014-a03.raw,https://massive.ucsd.edu/ProteoSAFe/DownloadResultFile?file=f.MSV000083475%2Fraw%2FRAW%2FPLATE1and2%2F2B2_3_49_jensen-43-s014-a03.raw&forceDownload=true
4D1_1_16_thomas-18-s031-a04.raw,nmdc:bsm-11-hx5a6080,['nmdc:sty-11-547rwq94'],unknown,/Users/heal742/Library/CloudStorage/OneDrive-PNNL/Documents/_DMS_data/_NMDC/_massive/_emp500_lcms/RAW/to_process/4D1_1_16_thomas-18-s031-a04.raw,/Users/heal742/Library/CloudStorage/OneDrive-PNNL/Documents/_DMS_data/_NMDC/_massive/_emp500_lcms/processed/202507/4D1_1_16_thomas-18-s031-a04.corems,LC-MS Metabolomics Method for EMP 500 Samples,LC-MS Chromatography Configuration for EMP 500 Samples,EMSL-RZR,QExactHF03,4D1_1_16_thomas-18-s031-a04.raw,2019-02-11T12:07:51Z,ftp://massive-ftp.ucsd.edu/v02/MSV000083475/raw/RAW/PLATE3and4/4D1_1_16_thomas-18-s031-a04.raw,https://massive.ucsd.edu/ProteoSAFe/DownloadResultFile?file=f.MSV000083475%2Fraw%2FRAW%2FPLATE3and4%2F4D1_1_16_thomas-18-s031-a04.raw&forceDownload=true
4B3_2_65_pinto-63-s017-a03.raw,nmdc:bsm-11-851ejn28,['nmdc:sty-11-547rwq94'],unknown,/Users/heal742/Library/CloudStorage/OneDrive-PNNL/Documents/_DMS_data/_NMDC/_massive/_emp500_lcms/RAW/to_process/4B3_2_65_pinto-63-s017-a03.raw,/Users/heal742/Library/CloudStorage/OneDrive-PNNL/Documents/_DMS_data/_NMDC/_massive/_emp500_lcms/processed/202507/4B3_2_65_pinto-63-s017-a03.corems,LC-MS Metabolomics Method for EMP 500 Samples,LC-MS Chromatography Configuration for EMP 500 Samples,EMSL-RZR,QExactHF03,4B3_2_65_pinto-63-s017-a03.raw,2019-02-12T03:05:04Z,ftp://massive-ftp.ucsd.edu/v02/MSV000083475/raw/RAW/PLATE3and4/4B3_2_65_pinto-63-s017-a03.raw,https://massive.ucsd.edu/ProteoSAFe/DownloadResultFile?file=f.MSV000083475%2Fraw%2FRAW%2FPLATE3and4%2F4B3_2_65_pinto-63-s017-a03.raw&forceDownload=true
4D4_1_24_thomas-18-s033-a03.raw,nmdc:bsm-11-74x7mx45,['nmdc:sty-11-547rwq94'],unknown,/Users/heal742/Library/CloudStorage/OneDrive-PNNL/Documents/_DMS_data/_NMDC/_massive/_emp500_lcms/RAW/to_process/4D4_1_24_thomas-18-s033-a03.raw,/Users/heal742/Library/CloudStorage/OneDrive-PNNL/Documents/_DMS_data/_NMDC/_massive/_emp500_lcms/processed/202507/4D4_1_24_thomas-18-s033-a03.corems,LC-MS Metabolomics Method for EMP 500 Samples,LC-MS Chromatography Configuration for EMP 500 Samples,EMSL-RZR,QExactHF03,4D4_1_24_thomas-18-s033-a03.raw,2019-02-11T12:48:02Z,ftp://massive-ftp.ucsd.edu/v02/MSV000083475/raw/RAW/PLATE3and4/4D4_1_24_thomas-18-s033-a03.raw,https://massive.ucsd.edu/ProteoSAFe/DownloadResultFile?file=f.MSV000083475%2Fraw%2FRAW%2FPLATE3and4%2F4D4_1_24_thomas-18-s033-a03.raw&forceDownload=true
5C10_3_57_sandin-54-s002-a04.raw,nmdc:bsm-11-wwan3s29,['nmdc:sty-11-547rwq94'],unknown,/Users/heal742/Library/CloudStorage/OneDrive-PNNL/Documents/_DMS_data/_NMDC/_massive/_emp500_lcms/RAW/to_process/5C10_3_57_sandin-54-s002-a04.raw,/Users/heal742/Library/CloudStorage/OneDrive-PNNL/Documents/_DMS_data/_NMDC/_massive/_emp500_lcms/processed/202507/5C10_3_57_sandin-54-s002-a04.corems,LC-MS Metabolomics Method for EMP 500 Samples,LC-MS Chromatography Configuration for EMP 500 Samples,EMSL-RZR,QExactHF03,5C10_3_57_sandin-54-s002-a04.raw,2019-02-03T22:08:19Z,ftp://massive-ftp.ucsd.edu/v02/MSV000083475/raw/RAW/PLATE5/5C10_3_57_sandin-54-s002-a04.raw,https://massive.ucsd.edu/ProteoSAFe/DownloadResultFile?file=f.MSV000083475%2Fraw%2FRAW%2FPLATE5%2F5C10_3_57_sandin-54-s002-a04.raw&forceDownload=true
7D7_8_37_song-51-s018-a04.raw,nmdc:bsm-11-rhtezv89,['nmdc:sty-11-547rwq94'],unknown,/Users/heal742/Library/CloudStorage/OneDrive-PNNL/Documents/_DMS_data/_NMDC/_massive/_emp500_lcms/RAW/to_process/7D7_8_37_song-51-s018-a04.raw,/Users/heal742/Library/CloudStorage/OneDrive-PNNL/Documents/_DMS_data/_NMDC/_massive/_emp500_lcms/processed/202507/7D7_8_37_song-51-s018-a04.corems,LC-MS Metabolomics Method for EMP 500 Samples,LC-MS Chromatography Configuration for EMP 500 Samples,EMSL-RZR,QExactHF03,7D7_8_37_song-51-s018-a04.raw,2019-02-05T08:50:44Z,ftp://massive-ftp.ucsd.edu/v02/MSV000083475/raw/RAW/PLATE7/7D7_8_37_song-51-s018-a04.raw,https://massive.ucsd.edu/ProteoSAFe/DownloadResultFile?file=f.MSV000083475%2Fraw%2FRAW%2FPLATE7%2F7D7_8_37_song-51-s018-a04.raw&forceDownload=true
4E11_1_75_thomas-18-s039-a04.raw,nmdc:bsm-11-edap6131,['nmdc:sty-11-547rwq94'],unknown,/Users/heal742/Library/CloudStorage/OneDrive-PNNL/Documents/_DMS_data/_NMDC/_massive/_emp500_lcms/RAW/to_process/4E11_1_75_thomas-18-s039-a04.raw,/Users/heal742/Library/CloudStorage/OneDrive-PNNL/Documents/_DMS_data/_NMDC/_massive/_emp500_lcms/processed/202507/4E11_1_75_thomas-18-s039-a04.corems,LC-MS Metabolomics Method for EMP 500 Samples,LC-MS Chromatography Configuration for EMP 500 Samples,EMSL-RZR,QExactHF03,4E11_1_75_thomas-18-s039-a04.raw,2019-02-11T18:19:55Z,ftp://massive-ftp.ucsd.edu/v02/MSV000083475/raw/RAW/PLATE3and4/4E11_1_75_thomas-18-s039-a04.raw,https://massive.ucsd.edu/ProteoSAFe/DownloadResultFile?file=f.MSV000083475%2Fraw%2FRAW%2FPLATE3and4%2F4E11_1_75_thomas-18-s039-a04.raw&forceDownload=true
4D12_1_51_thomas-18-s051-a04.raw,nmdc:bsm-11-69qw4z81,['nmdc:sty-11-547rwq94'],unknown,/Users/heal742/Library/CloudStorage/OneDrive-PNNL/Documents/_DMS_data/_NMDC/_massive/_emp500_lcms/RAW/to_process/4D12_1_51_thomas-18-s051-a04.raw,/Users/heal742/Library/CloudStorage/OneDrive-PNNL/Documents/_DMS_data/_NMDC/_massive/_emp500_lcms/processed/202507/4D12_1_51_thomas-18-s051-a04.corems,LC-MS Metabolomics Method for EMP 500 Samples,LC-MS Chromatography Configuration for EMP 500 Samples,EMSL-RZR,QExactHF03,4D12_1_51_thomas-18-s051-a04.raw,2019-02-11T15:21:48Z,ftp://massive-ftp.ucsd.edu/v02/MSV000083475/raw/RAW/PLATE3and4/4D12_1_51_thomas-18-s051-a04.raw,https://massive.ucsd.edu/ProteoSAFe/DownloadResultFile?file=f.MSV000083475%2Fraw%2FRAW%2FPLATE3and4%2F4D12_1_51_thomas-18-s051-a04.raw&forceDownload=true
5B6_3_4_sandin-54-s010-a04.raw,nmdc:bsm-11-pvh31c44,['nmdc:sty-11-547rwq94'],unknown,/Users/heal742/Library/CloudStorage/OneDrive-PNNL/Documents/_DMS_data/_NMDC/_massive/_emp500_lcms/RAW/to_process/5B6_3_4_sandin-54-s010-a04.raw,/Users/heal742/Library/CloudStorage/OneDrive-PNNL/Documents/_DMS_data/_NMDC/_massive/_emp500_lcms/processed/202507/5B6_3_4_sandin-54-s010-a04.corems,LC-MS Metabolomics Method for EMP 500 Samples,LC-MS Chromatography Configuration for EMP 500 Samples,EMSL-RZR,QExactHF03,5B6_3_4_sandin-54-s010-a04.raw,2019-02-03T20:20:59Z,ftp://massive-ftp.ucsd.edu/v02/MSV000083475/raw/RAW/PLATE5/5B6_3_4_sandin-54-s010-a04.raw,https://massive.ucsd.edu/ProteoSAFe/DownloadResultFile?file=f.MSV000083475%2Fraw%2FRAW%2FPLATE5%2F5B6_3_4_sandin-54-s010-a04.raw&forceDownload=true
4C5_3_71_pinto-63-s014-a04.raw,nmdc:bsm-11-vtnvjb29,['nmdc:sty-11-547rwq94'],unknown,/Users/heal742/Library/CloudStorage/OneDrive-PNNL/Documents/_DMS_data/_NMDC/_massive/_emp500_lcms/RAW/to_process/4C5_3_71_pinto-63-s014-a04.raw,/Users/heal742/Library/CloudStorage/OneDrive-PNNL/Documents/_DMS_data/_NMDC/_massive/_emp500_lcms/processed/202507/4C5_3_71_pinto-63-s014-a04.corems,LC-MS Metabolomics Method for EMP 500 Samples,LC-MS Chromatography Configuration for EMP 500 Samples,EMSL-RZR,QExactHF03,4C5_3_71_pinto-63-s014-a04.raw,2019-02-12T06:30:01Z,ftp://massive-ftp.ucsd.edu/v02/MSV000083475/raw/RAW/PLATE3and4/4C5_3_71_pinto-63-s014-a04.raw,https://massive.ucsd.edu/ProteoSAFe/DownloadResultFile?file=f.MSV000083475%2Fraw%2FRAW%2FPLATE3and4%2F4C5_3_71_pinto-63-s014-a04.raw&forceDownload=true
7B7_8_16_song-51-s009-a04.raw,nmdc:bsm-11-vma72763,['nmdc:sty-11-547rwq94'],unknown,/Users/heal742/Library/CloudStorage/OneDrive-PNNL/Documents/_DMS_data/_NMDC/_massive/_emp500_lcms/RAW/to_process/7B7_8_16_song-51-s009-a04.raw,/Users/heal742/Library/CloudStorage/OneDrive-PNNL/Documents/_DMS_data/_NMDC/_massive/_emp500_lcms/processed/202507/7B7_8_16_song-51-s009-a04.corems,LC-MS Metabolomics Method for EMP 500 Samples,LC-MS Chromatography Configuration for EMP 500 Samples,EMSL-RZR,QExactHF03,7B7_8_16_song-51-s009-a04.raw,2019-02-05T02:14:50Z,ftp://massive-ftp.ucsd.edu/v02/MSV000083475/raw/RAW/PLATE7/7B7_8_16_song-51-s009-a04.raw,https://massive.ucsd.edu/ProteoSAFe/DownloadResultFile?file=f.MSV000083475%2Fraw%2FRAW%2FPLATE7%2F7B7_8_16_song-51-s009-a04.raw&forceDownload=true
8H3_Seedorf71-PP1soil-8.raw,nmdc:bsm-11-89q03t84,['nmdc:sty-11-547rwq94'],unknown,/Users/heal742/Library/CloudStorage/OneDrive-PNNL/Documents/_DMS_data/_NMDC/_massive/_emp500_lcms/RAW/to_process/8H3_Seedorf71-PP1soil-8.raw,/Users/heal742/Library/CloudStorage/OneDrive-PNNL/Documents/_DMS_data/_NMDC/_massive/_emp500_lcms/processed/202507/8H3_Seedorf71-PP1soil-8.corems,LC-MS Metabolomics Method for EMP 500 Samples,LC-MS Chromatography Configuration for EMP 500 Samples,EMSL-RZR,QExactHF03,8H3_Seedorf71-PP1soil-8.raw,2019-02-08T18:07:24Z,ftp://massive-ftp.ucsd.edu/v02/MSV000083475/raw/RAW/PLATE8and9/8H3_Seedorf71-PP1soil-8.raw,https://massive.ucsd.edu/ProteoSAFe/DownloadResultFile?file=f.MSV000083475%2Fraw%2FRAW%2FPLATE8and9%2F8H3_Seedorf71-PP1soil-8.raw&forceDownload=true
8E8_Schmidt56-soil-Nepal-5096.raw,nmdc:bsm-11-v68rva88,['nmdc:sty-11-547rwq94'],unknown,/Users/heal742/Library/CloudStorage/OneDrive-PNNL/Documents/_DMS_data/_NMDC/_massive/_emp500_lcms/RAW/to_process/8E8_Schmidt56-soil-Nepal-5096.raw,/Users/heal742/Library/CloudStorage/OneDrive-PNNL/Documents/_DMS_data/_NMDC/_massive/_emp500_lcms/processed/202507/8E8_Schmidt56-soil-Nepal-5096.corems,LC-MS Metabolomics Method for EMP 500 Samples,LC-MS Chromatography Configuration for EMP 500 Samples,EMSL-RZR,QExactHF03,8E8_Schmidt56-soil-Nepal-5096.raw,2019-02-08T09:08:32Z,ftp://massive-ftp.ucsd.edu/v02/MSV000083475/raw/RAW/PLATE8and9/8E8_Schmidt56-soil-Nepal-5096.raw,https://massive.ucsd.edu/ProteoSAFe/DownloadResultFile?file=f.MSV000083475%2Fraw%2FRAW%2FPLATE8and9%2F8E8_Schmidt56-soil-Nepal-5096.raw&forceDownload=true
7H2_8_73_thomas-19-s030-a02.raw,,['nmdc:sty-11-547rwq94'],unknown,/Users/heal742/Library/CloudStorage/OneDrive-PNNL/Documents/_DMS_data/_NMDC/_massive/_emp500_lcms/RAW/to_process/7H2_8_73_thomas-19-s030-a02.raw,/Users/heal742/Library/CloudStorage/OneDrive-PNNL/Documents/_DMS_data/_NMDC/_massive/_emp500_lcms/processed/202507/7H2_8_73_thomas-19-s030-a02.corems,LC-MS Metabolomics Method for EMP 500 Samples,LC-MS Chromatography Configuration for EMP 500 Samples,EMSL-RZR,QExactHF03,7H2_8_73_thomas-19-s030-a02.raw,2019-02-05T21:41:53Z,ftp://massive-ftp.ucsd.edu/v02/MSV000083475/raw/RAW/PLATE7/7H2_8_73_thomas-19-s030-a02.raw,https://massive.ucsd.edu/ProteoSAFe/DownloadResultFile?file=f.MSV000083475%2Fraw%2FRAW%2FPLATE7%2F7H2_8_73_thomas-19-s030-a02.raw&forceDownload=true
7B9_8_18_thomas-19-s041-a02.raw,,['nmdc:sty-11-547rwq94'],unknown,/Users/heal742/Library/CloudStorage/OneDrive-PNNL/Documents/_DMS_data/_NMDC/_massive/_emp500_lcms/RAW/to_process/7B9_8_18_thomas-19-s041-a02.raw,/Users/heal742/Library/CloudStorage/OneDrive-PNNL/Documents/_DMS_data/_NMDC/_massive/_emp500_lcms/processed/202507/7B9_8_18_thomas-19-s041-a02.corems,LC-MS Metabolomics Method for EMP 500 Samples,LC-MS Chromatography Configuration for EMP 500 Samples,EMSL-RZR,QExactHF03,7B9_8_18_thomas-19-s041-a02.raw,2019-02-05T02:41:38Z,ftp://massive-ftp.ucsd.edu/v02/MSV000083475/raw/RAW/PLATE7/7B9_8_18_thomas-19-s041-a02.raw,https://massive.ucsd.edu/ProteoSAFe/DownloadResultFile?file=f.MSV000083475%2Fraw%2FRAW%2FPLATE7%2F7B9_8_18_thomas-19-s041-a02.raw&forceDownload=true
7B10_8_19_thomas-19-s038-a02.raw,,['nmdc:sty-11-547rwq94'],unknown,/Users/heal742/Library/CloudStorage/OneDrive-PNNL/Documents/_DMS_data/_NMDC/_massive/_emp500_lcms/RAW/to_process/7B10_8_19_thomas-19-s038-a02.raw,/Users/heal742/Library/CloudStorage/OneDrive-PNNL/Documents/_DMS_data/_NMDC/_massive/_emp500_lcms/processed/202507/7B10_8_19_thomas-19-s038-a02.corems,LC-MS Metabolomics Method for EMP 500 Samples,LC-MS Chromatography Configuration for EMP 500 Samples,EMSL-RZR,QExactHF03,7B10_8_19_thomas-19-s038-a02.raw,2019-02-05T02:55:02Z,ftp://massive-ftp.ucsd.edu/v02/MSV000083475/raw/RAW/PLATE7/7B10_8_19_thomas-19-s038-a02.raw,https://massive.ucsd.edu/ProteoSAFe/DownloadResultFile?file=f.MSV000083475%2Fraw%2FRAW%2FPLATE7%2F7B10_8_19_thomas-19-s038-a02.raw&forceDownload=true
9C11_pinto62-undisturbedsoil-5.raw,,['nmdc:sty-11-547rwq94'],unknown,/Users/heal742/Library/CloudStorage/OneDrive-PNNL/Documents/_DMS_data/_NMDC/_massive/_emp500_lcms/RAW/to_process/9C11_pinto62-undisturbedsoil-5.raw,/Users/heal742/Library/CloudStorage/OneDrive-PNNL/Documents/_DMS_data/_NMDC/_massive/_emp500_lcms/processed/202507/9C11_pinto62-undisturbedsoil-5.corems,LC-MS Metabolomics Method for EMP 500 Samples,LC-MS Chromatography Configuration for EMP 500 Samples,EMSL-RZR,QExactHF03,9C11_pinto62-undisturbedsoil-5.raw,2019-02-09T06:22:55Z,ftp://massive-ftp.ucsd.edu/v02/MSV000083475/raw/RAW/PLATE9/9C11_pinto62-undisturbedsoil-5.raw,https://massive.ucsd.edu/ProteoSAFe/DownloadResultFile?file=f.MSV000083475%2Fraw%2FRAW%2FPLATE9%2F9C11_pinto62-undisturbedsoil-5.raw&forceDownload=true
7G6_8_66_thomas-19-s033-a02.raw,,['nmdc:sty-11-547rwq94'],unknown,/Users/heal742/Library/CloudStorage/OneDrive-PNNL/Documents/_DMS_data/_NMDC/_massive/_emp500_lcms/RAW/to_process/7G6_8_66_thomas-19-s033-a02.raw,/Users/heal742/Library/CloudStorage/OneDrive-PNNL/Documents/_DMS_data/_NMDC/_massive/_emp500_lcms/processed/202507/7G6_8_66_thomas-19-s033-a02.corems,LC-MS Metabolomics Method for EMP 500 Samples,LC-MS Chromatography Configuration for EMP 500 Samples,EMSL-RZR,QExactHF03,7G6_8_66_thomas-19-s033-a02.raw,2019-02-05T19:21:22Z,ftp://massive-ftp.ucsd.edu/v02/MSV000083475/raw/RAW/PLATE7/7G6_8_66_thomas-19-s033-a02.raw,https://massive.ucsd.edu/ProteoSAFe/DownloadResultFile?file=f.MSV000083475%2Fraw%2FRAW%2FPLATE7%2F7G6_8_66_thomas-19-s033-a02.raw&forceDownload=true
9B5_pinto62-excavatedsoil-1.raw,,['nmdc:sty-11-547rwq94'],unknown,/Users/heal742/Library/CloudStorage/OneDrive-PNNL/Documents/_DMS_data/_NMDC/_massive/_emp500_lcms/RAW/to_process/9B5_pinto62-excavatedsoil-1.raw,/Users/heal742/Library/CloudStorage/OneDrive-PNNL/Documents/_DMS_data/_NMDC/_massive/_emp500_lcms/processed/202507/9B5_pinto62-excavatedsoil-1.corems,LC-MS Metabolomics Method for EMP 500 Samples,LC-MS Chromatography Configuration for EMP 500 Samples,EMSL-RZR,QExactHF03,9B5_pinto62-excavatedsoil-1.raw,2019-02-09T01:50:52Z,ftp://massive-ftp.ucsd.edu/v02/MSV000083475/raw/RAW/PLATE9/9B5_pinto62-excavatedsoil-1.raw,https://massive.ucsd.edu/ProteoSAFe/DownloadResultFile?file=f.MSV000083475%2Fraw%2FRAW%2FPLATE9%2F9B5_pinto62-excavatedsoil-1.raw&forceDownload=true
7C5_8_25_thomas-19-s043-a02.raw,,['nmdc:sty-11-547rwq94'],unknown,/Users/heal742/Library/CloudStorage/OneDrive-PNNL/Documents/_DMS_data/_NMDC/_massive/_emp500_lcms/RAW/to_process/7C5_8_25_thomas-19-s043-a02.raw,/Users/heal742/Library/CloudStorage/OneDrive-PNNL/Documents/_DMS_data/_NMDC/_massive/_emp500_lcms/processed/202507/7C5_8_25_thomas-19-s043-a02.corems,LC-MS Metabolomics Method for EMP 500 Samples,LC-MS Chromatography Configuration for EMP 500 Samples,EMSL-RZR,QExactHF03,7C5_8_25_thomas-19-s043-a02.raw,2019-02-05T04:59:20Z,ftp://massive-ftp.ucsd.edu/v02/MSV000083475/raw/RAW/PLATE7/7C5_8_25_thomas-19-s043-a02.raw,https://massive.ucsd.edu/ProteoSAFe/DownloadResultFile?file=f.MSV000083475%2Fraw%2FRAW%2FPLATE7%2F7C5_8_25_thomas-19-s043-a02.raw&forceDownload=true
7H3_8_74_thomas-19-s040-a02.raw,,['nmdc:sty-11-547rwq94'],unknown,/Users/heal742/Library/CloudStorage/OneDrive-PNNL/Documents/_DMS_data/_NMDC/_massive/_emp500_lcms/RAW/to_process/7H3_8_74_thomas-19-s040-a02.raw,/Users/heal742/Library/CloudStorage/OneDrive-PNNL/Documents/_DMS_data/_NMDC/_massive/_emp500_lcms/processed/202507/7H3_8_74_thomas-19-s040-a02.corems,LC-MS Metabolomics Method for EMP 500 Samples,LC-MS Chromatography Configuration for EMP 500 Samples,EMSL-RZR,QExactHF03,7H3_8_74_thomas-19-s040-a02.raw,2019-02-05T21:55:19Z,ftp://massive-ftp.ucsd.edu/v02/MSV000083475/raw/RAW/PLATE7/7H3_8_74_thomas-19-s040-a02.raw,https://massive.ucsd.edu/ProteoSAFe/DownloadResultFile?file=f.MSV000083475%2Fraw%2FRAW%2FPLATE7%2F7H3_8_74_thomas-19-s040-a02.raw&forceDownload=true
9A6_stegen-activelayer-soil-T5-52m.raw,,['nmdc:sty-11-547rwq94'],unknown,/Users/heal742/Library/CloudStorage/OneDrive-PNNL/Documents/_DMS_data/_NMDC/_massive/_emp500_lcms/RAW/to_process/9A6_stegen-activelayer-soil-T5-52m.raw,/Users/heal742/Library/CloudStorage/OneDrive-PNNL/Documents/_DMS_data/_NMDC/_massive/_emp500_lcms/processed/202507/9A6_stegen-activelayer-soil-T5-52m.corems,LC-MS Metabolomics Method for EMP 500 Samples,LC-MS Chromatography Configuration for EMP 500 Samples,EMSL-RZR,QExactHF03,9A6_stegen-activelayer-soil-T5-52m.raw,2019-02-08T22:52:45Z,ftp://massive-ftp.ucsd.edu/v02/MSV000083475/raw/RAW/PLATE9/9A6_stegen-activelayer-soil-T5-52m.raw,https://massive.ucsd.edu/ProteoSAFe/DownloadResultFile?file=f.MSV000083475%2Fraw%2FRAW%2FPLATE9%2F9A6_stegen-activelayer-soil-T5-52m.raw&forceDownload=true
9C4_pinto62-bottonchambersoil-3.raw,,['nmdc:sty-11-547rwq94'],unknown,/Users/heal742/Library/CloudStorage/OneDrive-PNNL/Documents/_DMS_data/_NMDC/_massive/_emp500_lcms/RAW/to_process/9C4_pinto62-bottonchambersoil-3.raw,/Users/heal742/Library/CloudStorage/OneDrive-PNNL/Documents/_DMS_data/_NMDC/_massive/_emp500_lcms/processed/202507/9C4_pinto62-bottonchambersoil-3.corems,LC-MS Metabolomics Method for EMP 500 Samples,LC-MS Chromatography Configuration for EMP 500 Samples,EMSL-RZR,QExactHF03,9C4_pinto62-bottonchambersoil-3.raw,2019-02-09T04:48:52Z,ftp://massive-ftp.ucsd.edu/v02/MSV000083475/raw/RAW/PLATE9/9C4_pinto62-bottonchambersoil-3.raw,https://massive.ucsd.edu/ProteoSAFe/DownloadResultFile?file=f.MSV000083475%2Fraw%2FRAW%2FPLATE9%2F9C4_pinto62-bottonchambersoil-3.raw&forceDownload=true
9C6_pinto62-excavatedsoil-4.raw,,['nmdc:sty-11-547rwq94'],unknown,/Users/heal742/Library/CloudStorage/OneDrive-PNNL/Documents/_DMS_data/_NMDC/_massive/_emp500_lcms/RAW/to_process/9C6_pinto62-excavatedsoil-4.raw,/Users/heal742/Library/CloudStorage/OneDrive-PNNL/Documents/_DMS_data/_NMDC/_massive/_emp500_lcms/processed/202507/9C6_pinto62-excavatedsoil-4.corems,LC-MS Metabolomics Method for EMP 500 Samples,LC-MS Chromatography Configuration for EMP 500 Samples,EMSL-RZR,QExactHF03,9C6_pinto62-excavatedsoil-4.raw,2019-02-09T05:15:45Z,ftp://massive-ftp.ucsd.edu/v02/MSV000083475/raw/RAW/PLATE9/9C6_pinto62-excavatedsoil-4.raw,https://massive.ucsd.edu/ProteoSAFe/DownloadResultFile?file=f.MSV000083475%2Fraw%2FRAW%2FPLATE9%2F9C6_pinto62-excavatedsoil-4.raw&forceDownload=true
7A11_8_10_thomas-19-s037-a02.raw,,['nmdc:sty-11-547rwq94'],unknown,/Users/heal742/Library/CloudStorage/OneDrive-PNNL/Documents/_DMS_data/_NMDC/_massive/_emp500_lcms/RAW/to_process/7A11_8_10_thomas-19-s037-a02.raw,/Users/heal742/Library/CloudStorage/OneDrive-PNNL/Documents/_DMS_data/_NMDC/_massive/_emp500_lcms/processed/202507/7A11_8_10_thomas-19-s037-a02.corems,LC-MS Metabolomics Method for EMP 500 Samples,LC-MS Chromatography Configuration for EMP 500 Samples,EMSL-RZR,QExactHF03,7A11_8_10_thomas-19-s037-a02.raw,2019-02-04T23:57:10Z,ftp://massive-ftp.ucsd.edu/v02/MSV000083475/raw/RAW/PLATE7/7A11_8_10_thomas-19-s037-a02.raw,https://massive.ucsd.edu/ProteoSAFe/DownloadResultFile?file=f.MSV000083475%2Fraw%2FRAW%2FPLATE7%2F7A11_8_10_thomas-19-s037-a02.raw&forceDownload=true
9D1_pinto62-sidechambersoil-5.raw,,['nmdc:sty-11-547rwq94'],unknown,/Users/heal742/Library/CloudStorage/OneDrive-PNNL/Documents/_DMS_data/_NMDC/_massive/_emp500_lcms/RAW/to_process/9D1_pinto62-sidechambersoil-5.raw,/Users/heal742/Library/CloudStorage/OneDrive-PNNL/Documents/_DMS_data/_NMDC/_massive/_emp500_lcms/processed/202507/9D1_pinto62-sidechambersoil-5.corems,LC-MS Metabolomics Method for EMP 500 Samples,LC-MS Chromatography Configuration for EMP 500 Samples,EMSL-RZR,QExactHF03,9D1_pinto62-sidechambersoil-5.raw,2019-02-09T07:20:10Z,ftp://massive-ftp.ucsd.edu/v02/MSV000083475/raw/RAW/PLATE9/9D1_pinto62-sidechambersoil-5.raw,https://massive.ucsd.edu/ProteoSAFe/DownloadResultFile?file=f.MSV000083475%2Fraw%2FRAW%2FPLATE9%2F9D1_pinto62-sidechambersoil-5.raw&forceDownload=true
9C9_pinto62-sidechambersoil-4.raw,,['nmdc:sty-11-547rwq94'],unknown,/Users/heal742/Library/CloudStorage/OneDrive-PNNL/Documents/_DMS_data/_NMDC/_massive/_emp500_lcms/RAW/to_process/9C9_pinto62-sidechambersoil-4.raw,/Users/heal742/Library/CloudStorage/OneDrive-PNNL/Documents/_DMS_data/_NMDC/_massive/_emp500_lcms/processed/202507/9C9_pinto62-sidechambersoil-4.corems,LC-MS Metabolomics Method for EMP 500 Samples,LC-MS Chromatography Configuration for EMP 500 Samples,EMSL-RZR,QExactHF03,9C9_pinto62-sidechambersoil-4.raw,2019-02-09T05:56:03Z,ftp://massive-ftp.ucsd.edu/v02/MSV000083475/raw/RAW/PLATE9/9C9_pinto62-sidechambersoil-4.raw,https://massive.ucsd.edu/ProteoSAFe/DownloadResultFile?file=f.MSV000083475%2Fraw%2FRAW%2FPLATE9%2F9C9_pinto62-sidechambersoil-4.raw&forceDownload=true
9C1_pinto62-sidechambersoil-2.raw,,['nmdc:sty-11-547rwq94'],unknown,/Users/heal742/Library/CloudStorage/OneDrive-PNNL/Documents/_DMS_data/_NMDC/_massive/_emp500_lcms/RAW/to_process/9C1_pinto62-sidechambersoil-2.raw,/Users/heal742/Library/CloudStorage/OneDrive-PNNL/Documents/_DMS_data/_NMDC/_massive/_emp500_lcms/processed/202507/9C1_pinto62-sidechambersoil-2.corems,LC-MS Metabolomics Method for EMP 500 Samples,LC-MS Chromatography Configuration for EMP 500 Samples,EMSL-RZR,QExactHF03,9C1_pinto62-sidechambersoil-2.raw,2019-02-09T04:08:39Z,ftp://massive-ftp.ucsd.edu/v02/MSV000083475/raw/RAW/PLATE9/9C1_pinto62-sidechambersoil-2.raw,https://massive.ucsd.edu/ProteoSAFe/DownloadResultFile?file=f.MSV000083475%2Fraw%2FRAW%2FPLATE9%2F9C1_pinto62-sidechambersoil-2.raw&forceDownload=true
9B6_pinto62-undisturbedsoil-1.raw,,['nmdc:sty-11-547rwq94'],unknown,/Users/heal742/Library/CloudStorage/OneDrive-PNNL/Documents/_DMS_data/_NMDC/_massive/_emp500_lcms/RAW/to_process/9B6_pinto62-undisturbedsoil-1.raw,/Users/heal742/Library/CloudStorage/OneDrive-PNNL/Documents/_DMS_data/_NMDC/_massive/_emp500_lcms/processed/202507/9B6_pinto62-undisturbedsoil-1.corems,LC-MS Metabolomics Method for EMP 500 Samples,LC-MS Chromatography Configuration for EMP 500 Samples,EMSL-RZR,QExactHF03,9B6_pinto62-undisturbedsoil-1.raw,2019-02-09T02:04:17Z,ftp://massive-ftp.ucsd.edu/v02/MSV000083475/raw/RAW/PLATE9/9B6_pinto62-undisturbedsoil-1.raw,https://massive.ucsd.edu/ProteoSAFe/DownloadResultFile?file=f.MSV000083475%2Fraw%2FRAW%2FPLATE9%2F9B6_pinto62-undisturbedsoil-1.raw&forceDownload=true
7F2_8_53_thomas-19-s045-a02.raw,,['nmdc:sty-11-547rwq94'],unknown,/Users/heal742/Library/CloudStorage/OneDrive-PNNL/Documents/_DMS_data/_NMDC/_massive/_emp500_lcms/RAW/to_process/7F2_8_53_thomas-19-s045-a02.raw,/Users/heal742/Library/CloudStorage/OneDrive-PNNL/Documents/_DMS_data/_NMDC/_massive/_emp500_lcms/processed/202507/7F2_8_53_thomas-19-s045-a02.corems,LC-MS Metabolomics Method for EMP 500 Samples,LC-MS Chromatography Configuration for EMP 500 Samples,EMSL-RZR,QExactHF03,7F2_8_53_thomas-19-s045-a02.raw,2019-02-05T15:16:34Z,ftp://massive-ftp.ucsd.edu/v02/MSV000083475/raw/RAW/PLATE7/7F2_8_53_thomas-19-s045-a02.raw,https://massive.ucsd.edu/ProteoSAFe/DownloadResultFile?file=f.MSV000083475%2Fraw%2FRAW%2FPLATE7%2F7F2_8_53_thomas-19-s045-a02.raw&forceDownload=true
7H7_8_77_thomas-19-s032-a02.raw,,['nmdc:sty-11-547rwq94'],unknown,/Users/heal742/Library/CloudStorage/OneDrive-PNNL/Documents/_DMS_data/_NMDC/_massive/_emp500_lcms/RAW/to_process/7H7_8_77_thomas-19-s032-a02.raw,/Users/heal742/Library/CloudStorage/OneDrive-PNNL/Documents/_DMS_data/_NMDC/_massive/_emp500_lcms/processed/202507/7H7_8_77_thomas-19-s032-a02.corems,LC-MS Metabolomics Method for EMP 500 Samples,LC-MS Chromatography Configuration for EMP 500 Samples,EMSL-RZR,QExactHF03,7H7_8_77_thomas-19-s032-a02.raw,2019-02-05T22:48:59Z,ftp://massive-ftp.ucsd.edu/v02/MSV000083475/raw/RAW/PLATE7/7H7_8_77_thomas-19-s032-a02.raw,https://massive.ucsd.edu/ProteoSAFe/DownloadResultFile?file=f.MSV000083475%2Fraw%2FRAW%2FPLATE7%2F7H7_8_77_thomas-19-s032-a02.raw&forceDownload=true
9C2_pinto62-excavatedsoil-3.raw,,['nmdc:sty-11-547rwq94'],unknown,/Users/heal742/Library/CloudStorage/OneDrive-PNNL/Documents/_DMS_data/_NMDC/_massive/_emp500_lcms/RAW/to_process/9C2_pinto62-excavatedsoil-3.raw,/Users/heal742/Library/CloudStorage/OneDrive-PNNL/Documents/_DMS_data/_NMDC/_massive/_emp500_lcms/processed/202507/9C2_pinto62-excavatedsoil-3.corems,LC-MS Metabolomics Method for EMP 500 Samples,LC-MS Chromatography Configuration for EMP 500 Samples,EMSL-RZR,QExactHF03,9C2_pinto62-excavatedsoil-3.raw,2019-02-09T04:22:04Z,ftp://massive-ftp.ucsd.edu/v02/MSV000083475/raw/RAW/PLATE9/9C2_pinto62-excavatedsoil-3.raw,https://massive.ucsd.edu/ProteoSAFe/DownloadResultFile?file=f.MSV000083475%2Fraw%2FRAW%2FPLATE9%2F9C2_pinto62-excavatedsoil-3.raw&forceDownload=true
9D4_pinto62-bottonchambersoil-6.raw,,['nmdc:sty-11-547rwq94'],unknown,/Users/heal742/Library/CloudStorage/OneDrive-PNNL/Documents/_DMS_data/_NMDC/_massive/_emp500_lcms/RAW/to_process/9D4_pinto62-bottonchambersoil-6.raw,/Users/heal742/Library/CloudStorage/OneDrive-PNNL/Documents/_DMS_data/_NMDC/_massive/_emp500_lcms/processed/202507/9D4_pinto62-bottonchambersoil-6.corems,LC-MS Metabolomics Method for EMP 500 Samples,LC-MS Chromatography Configuration for EMP 500 Samples,EMSL-RZR,QExactHF03,9D4_pinto62-bottonchambersoil-6.raw,2019-02-09T08:00:23Z,ftp://massive-ftp.ucsd.edu/v02/MSV000083475/raw/RAW/PLATE9/9D4_pinto62-bottonchambersoil-6.raw,https://massive.ucsd.edu/ProteoSAFe/DownloadResultFile?file=f.MSV000083475%2Fraw%2FRAW%2FPLATE9%2F9D4_pinto62-bottonchambersoil-6.raw&forceDownload=true
9B8_pinto62-sidechambersoil-1.raw,,['nmdc:sty-11-547rwq94'],unknown,/Users/heal742/Library/CloudStorage/OneDrive-PNNL/Documents/_DMS_data/_NMDC/_massive/_emp500_lcms/RAW/to_process/9B8_pinto62-sidechambersoil-1.raw,/Users/heal742/Library/CloudStorage/OneDrive-PNNL/Documents/_DMS_data/_NMDC/_massive/_emp500_lcms/processed/202507/9B8_pinto62-sidechambersoil-1.corems,LC-MS Metabolomics Method for EMP 500 Samples,LC-MS Chromatography Configuration for EMP 500 Samples,EMSL-RZR,QExactHF03,9B8_pinto62-sidechambersoil-1.raw,2019-02-09T02:31:08Z,ftp://massive-ftp.ucsd.edu/v02/MSV000083475/raw/RAW/PLATE9/9B8_pinto62-sidechambersoil-1.raw,https://massive.ucsd.edu/ProteoSAFe/DownloadResultFile?file=f.MSV000083475%2Fraw%2FRAW%2FPLATE9%2F9B8_pinto62-sidechambersoil-1.raw&forceDownload=true
9C7_pinto62-undisturbedsoil-4.raw,,['nmdc:sty-11-547rwq94'],unknown,/Users/heal742/Library/CloudStorage/OneDrive-PNNL/Documents/_DMS_data/_NMDC/_massive/_emp500_lcms/RAW/to_process/9C7_pinto62-undisturbedsoil-4.raw,/Users/heal742/Library/CloudStorage/OneDrive-PNNL/Documents/_DMS_data/_NMDC/_massive/_emp500_lcms/processed/202507/9C7_pinto62-undisturbedsoil-4.corems,LC-MS Metabolomics Method for EMP 500 Samples,LC-MS Chromatography Configuration for EMP 500 Samples,EMSL-RZR,QExactHF03,9C7_pinto62-undisturbedsoil-4.raw,2019-02-09T05:29:11Z,ftp://massive-ftp.ucsd.edu/v02/MSV000083475/raw/RAW/PLATE9/9C7_pinto62-undisturbedsoil-4.raw,https://massive.ucsd.edu/ProteoSAFe/DownloadResultFile?file=f.MSV000083475%2Fraw%2FRAW%2FPLATE9%2F9C7_pinto62-undisturbedsoil-4.raw&forceDownload=true
7G7_8_67_thomas-19-s039-a02.raw,,['nmdc:sty-11-547rwq94'],unknown,/Users/heal742/Library/CloudStorage/OneDrive-PNNL/Documents/_DMS_data/_NMDC/_massive/_emp500_lcms/RAW/to_process/7G7_8_67_thomas-19-s039-a02.raw,/Users/heal742/Library/CloudStorage/OneDrive-PNNL/Documents/_DMS_data/_NMDC/_massive/_emp500_lcms/processed/202507/7G7_8_67_thomas-19-s039-a02.corems,LC-MS Metabolomics Method for EMP 500 Samples,LC-MS Chromatography Configuration for EMP 500 Samples,EMSL-RZR,QExactHF03,7G7_8_67_thomas-19-s039-a02.raw,2019-02-05T19:37:24Z,ftp://massive-ftp.ucsd.edu/v02/MSV000083475/raw/RAW/PLATE7/7G7_8_67_thomas-19-s039-a02.raw,https://massive.ucsd.edu/ProteoSAFe/DownloadResultFile?file=f.MSV000083475%2Fraw%2FRAW%2FPLATE7%2F7G7_8_67_thomas-19-s039-a02.raw&forceDownload=true
9C10_pinto62-excavatedsoil-5.raw,,['nmdc:sty-11-547rwq94'],unknown,/Users/heal742/Library/CloudStorage/OneDrive-PNNL/Documents/_DMS_data/_NMDC/_massive/_emp500_lcms/RAW/to_process/9C10_pinto62-excavatedsoil-5.raw,/Users/heal742/Library/CloudStorage/OneDrive-PNNL/Documents/_DMS_data/_NMDC/_massive/_emp500_lcms/processed/202507/9C10_pinto62-excavatedsoil-5.corems,LC-MS Metabolomics Method for EMP 500 Samples,LC-MS Chromatography Configuration for EMP 500 Samples,EMSL-RZR,QExactHF03,9C10_pinto62-excavatedsoil-5.raw,2019-02-09T06:09:29Z,ftp://massive-ftp.ucsd.edu/v02/MSV000083475/raw/RAW/PLATE9/9C10_pinto62-excavatedsoil-5.raw,https://massive.ucsd.edu/ProteoSAFe/DownloadResultFile?file=f.MSV000083475%2Fraw%2FRAW%2FPLATE9%2F9C10_pinto62-excavatedsoil-5.raw&forceDownload=true
7A2_8_2_thomas-19-s047-a02.raw,,['nmdc:sty-11-547rwq94'],unknown,/Users/heal742/Library/CloudStorage/OneDrive-PNNL/Documents/_DMS_data/_NMDC/_massive/_emp500_lcms/RAW/to_process/7A2_8_2_thomas-19-s047-a02.raw,/Users/heal742/Library/CloudStorage/OneDrive-PNNL/Documents/_DMS_data/_NMDC/_massive/_emp500_lcms/processed/202507/7A2_8_2_thomas-19-s047-a02.corems,LC-MS Metabolomics Method for EMP 500 Samples,LC-MS Chromatography Configuration for EMP 500 Samples,EMSL-RZR,QExactHF03,7A2_8_2_thomas-19-s047-a02.raw,2019-02-04T22:23:17Z,ftp://massive-ftp.ucsd.edu/v02/MSV000083475/raw/RAW/PLATE7/7A2_8_2_thomas-19-s047-a02.raw,https://massive.ucsd.edu/ProteoSAFe/DownloadResultFile?file=f.MSV000083475%2Fraw%2FRAW%2FPLATE7%2F7A2_8_2_thomas-19-s047-a02.raw&forceDownload=true
7F1_8_52_thomas-19-s034-a02.raw,,['nmdc:sty-11-547rwq94'],unknown,/Users/heal742/Library/CloudStorage/OneDrive-PNNL/Documents/_DMS_data/_NMDC/_massive/_emp500_lcms/RAW/to_process/7F1_8_52_thomas-19-s034-a02.raw,/Users/heal742/Library/CloudStorage/OneDrive-PNNL/Documents/_DMS_data/_NMDC/_massive/_emp500_lcms/processed/202507/7F1_8_52_thomas-19-s034-a02.corems,LC-MS Metabolomics Method for EMP 500 Samples,LC-MS Chromatography Configuration for EMP 500 Samples,EMSL-RZR,QExactHF03,7F1_8_52_thomas-19-s034-a02.raw,2019-02-05T15:03:12Z,ftp://massive-ftp.ucsd.edu/v02/MSV000083475/raw/RAW/PLATE7/7F1_8_52_thomas-19-s034-a02.raw,https://massive.ucsd.edu/ProteoSAFe/DownloadResultFile?file=f.MSV000083475%2Fraw%2FRAW%2FPLATE7%2F7F1_8_52_thomas-19-s034-a02.raw&forceDownload=true
7A7_8_6_thomas-19-s028-a02.raw,,['nmdc:sty-11-547rwq94'],unknown,/Users/heal742/Library/CloudStorage/OneDrive-PNNL/Documents/_DMS_data/_NMDC/_massive/_emp500_lcms/RAW/to_process/7A7_8_6_thomas-19-s028-a02.raw,/Users/heal742/Library/CloudStorage/OneDrive-PNNL/Documents/_DMS_data/_NMDC/_massive/_emp500_lcms/processed/202507/7A7_8_6_thomas-19-s028-a02.corems,LC-MS Metabolomics Method for EMP 500 Samples,LC-MS Chromatography Configuration for EMP 500 Samples,EMSL-RZR,QExactHF03,7A7_8_6_thomas-19-s028-a02.raw,2019-02-04T23:03:31Z,ftp://massive-ftp.ucsd.edu/v02/MSV000083475/raw/RAW/PLATE7/7A7_8_6_thomas-19-s028-a02.raw,https://massive.ucsd.edu/ProteoSAFe/DownloadResultFile?file=f.MSV000083475%2Fraw%2FRAW%2FPLATE7%2F7A7_8_6_thomas-19-s028-a02.raw&forceDownload=true
7E11_8_50_thomas-19-s046-a02.raw,,['nmdc:sty-11-547rwq94'],unknown,/Users/heal742/Library/CloudStorage/OneDrive-PNNL/Documents/_DMS_data/_NMDC/_massive/_emp500_lcms/RAW/to_process/7E11_8_50_thomas-19-s046-a02.raw,/Users/heal742/Library/CloudStorage/OneDrive-PNNL/Documents/_DMS_data/_NMDC/_massive/_emp500_lcms/processed/202507/7E11_8_50_thomas-19-s046-a02.corems,LC-MS Metabolomics Method for EMP 500 Samples,LC-MS Chromatography Configuration for EMP 500 Samples,EMSL-RZR,QExactHF03,7E11_8_50_thomas-19-s046-a02.raw,2019-02-05T14:06:02Z,ftp://massive-ftp.ucsd.edu/v02/MSV000083475/raw/RAW/PLATE7/7E11_8_50_thomas-19-s046-a02.raw,https://massive.ucsd.edu/ProteoSAFe/DownloadResultFile?file=f.MSV000083475%2Fraw%2FRAW%2FPLATE7%2F7E11_8_50_thomas-19-s046-a02.raw&forceDownload=true
7A1_8_1_thomas-19-s049-a02.raw,,['nmdc:sty-11-547rwq94'],unknown,/Users/heal742/Library/CloudStorage/OneDrive-PNNL/Documents/_DMS_data/_NMDC/_massive/_emp500_lcms/RAW/to_process/7A1_8_1_thomas-19-s049-a02.raw,/Users/heal742/Library/CloudStorage/OneDrive-PNNL/Documents/_DMS_data/_NMDC/_massive/_emp500_lcms/processed/202507/7A1_8_1_thomas-19-s049-a02.corems,LC-MS Metabolomics Method for EMP 500 Samples,LC-MS Chromatography Configuration for EMP 500 Samples,EMSL-RZR,QExactHF03,7A1_8_1_thomas-19-s049-a02.raw,2019-02-04T22:09:53Z,ftp://massive-ftp.ucsd.edu/v02/MSV000083475/raw/RAW/PLATE7/7A1_8_1_thomas-19-s049-a02.raw,https://massive.ucsd.edu/ProteoSAFe/DownloadResultFile?file=f.MSV000083475%2Fraw%2FRAW%2FPLATE7%2F7A1_8_1_thomas-19-s049-a02.raw&forceDownload=true
9C3_pinto62-undisturbedsoil-3.raw,,['nmdc:sty-11-547rwq94'],unknown,/Users/heal742/Library/CloudStorage/OneDrive-PNNL/Documents/_DMS_data/_NMDC/_massive/_emp500_lcms/RAW/to_process/9C3_pinto62-undisturbedsoil-3.raw,/Users/heal742/Library/CloudStorage/OneDrive-PNNL/Documents/_DMS_data/_NMDC/_massive/_emp500_lcms/processed/202507/9C3_pinto62-undisturbedsoil-3.corems,LC-MS Metabolomics Method for EMP 500 Samples,LC-MS Chromatography Configuration for EMP 500 Samples,EMSL-RZR,QExactHF03,9C3_pinto62-undisturbedsoil-3.raw,2019-02-09T04:35:28Z,ftp://massive-ftp.ucsd.edu/v02/MSV000083475/raw/RAW/PLATE9/9C3_pinto62-undisturbedsoil-3.raw,https://massive.ucsd.edu/ProteoSAFe/DownloadResultFile?file=f.MSV000083475%2Fraw%2FRAW%2FPLATE9%2F9C3_pinto62-undisturbedsoil-3.raw&forceDownload=true
9C5_pinto62-sidechambersoil-3.raw,,['nmdc:sty-11-547rwq94'],unknown,/Users/heal742/Library/CloudStorage/OneDrive-PNNL/Documents/_DMS_data/_NMDC/_massive/_emp500_lcms/RAW/to_process/9C5_pinto62-sidechambersoil-3.raw,/Users/heal742/Library/CloudStorage/OneDrive-PNNL/Documents/_DMS_data/_NMDC/_massive/_emp500_lcms/processed/202507/9C5_pinto62-sidechambersoil-3.corems,LC-MS Metabolomics Method for EMP 500 Samples,LC-MS Chromatography Configuration for EMP 500 Samples,EMSL-RZR,QExactHF03,9C5_pinto62-sidechambersoil-3.raw,2019-02-09T05:02:20Z,ftp://massive-ftp.ucsd.edu/v02/MSV000083475/raw/RAW/PLATE9/9C5_pinto62-sidechambersoil-3.raw,https://massive.ucsd.edu/ProteoSAFe/DownloadResultFile?file=f.MSV000083475%2Fraw%2FRAW%2FPLATE9%2F9C5_pinto62-sidechambersoil-3.raw&forceDownload=true
7C10_8_29_thomas-19-s036-a02.raw,,['nmdc:sty-11-547rwq94'],unknown,/Users/heal742/Library/CloudStorage/OneDrive-PNNL/Documents/_DMS_data/_NMDC/_massive/_emp500_lcms/RAW/to_process/7C10_8_29_thomas-19-s036-a02.raw,/Users/heal742/Library/CloudStorage/OneDrive-PNNL/Documents/_DMS_data/_NMDC/_massive/_emp500_lcms/processed/202507/7C10_8_29_thomas-19-s036-a02.corems,LC-MS Metabolomics Method for EMP 500 Samples,LC-MS Chromatography Configuration for EMP 500 Samples,EMSL-RZR,QExactHF03,7C10_8_29_thomas-19-s036-a02.raw,2019-02-05T06:06:20Z,ftp://massive-ftp.ucsd.edu/v02/MSV000083475/raw/RAW/PLATE7/7C10_8_29_thomas-19-s036-a02.raw,https://massive.ucsd.edu/ProteoSAFe/DownloadResultFile?file=f.MSV000083475%2Fraw%2FRAW%2FPLATE7%2F7C10_8_29_thomas-19-s036-a02.raw&forceDownload=true
7D4_8_34_thomas-19-s044-a02.raw,,['nmdc:sty-11-547rwq94'],unknown,/Users/heal742/Library/CloudStorage/OneDrive-PNNL/Documents/_DMS_data/_NMDC/_massive/_emp500_lcms/RAW/to_process/7D4_8_34_thomas-19-s044-a02.raw,/Users/heal742/Library/CloudStorage/OneDrive-PNNL/Documents/_DMS_data/_NMDC/_massive/_emp500_lcms/processed/202507/7D4_8_34_thomas-19-s044-a02.corems,LC-MS Metabolomics Method for EMP 500 Samples,LC-MS Chromatography Configuration for EMP 500 Samples,EMSL-RZR,QExactHF03,7D4_8_34_thomas-19-s044-a02.raw,2019-02-05T08:10:32Z,ftp://massive-ftp.ucsd.edu/v02/MSV000083475/raw/RAW/PLATE7/7D4_8_34_thomas-19-s044-a02.raw,https://massive.ucsd.edu/ProteoSAFe/DownloadResultFile?file=f.MSV000083475%2Fraw%2FRAW%2FPLATE7%2F7D4_8_34_thomas-19-s044-a02.raw&forceDownload=true
7H4_8_75_thomas-19-s031-a02.raw,,['nmdc:sty-11-547rwq94'],unknown,/Users/heal742/Library/CloudStorage/OneDrive-PNNL/Documents/_DMS_data/_NMDC/_massive/_emp500_lcms/RAW/to_process/7H4_8_75_thomas-19-s031-a02.raw,/Users/heal742/Library/CloudStorage/OneDrive-PNNL/Documents/_DMS_data/_NMDC/_massive/_emp500_lcms/processed/202507/7H4_8_75_thomas-19-s031-a02.corems,LC-MS Metabolomics Method for EMP 500 Samples,LC-MS Chromatography Configuration for EMP 500 Samples,EMSL-RZR,QExactHF03,7H4_8_75_thomas-19-s031-a02.raw,2019-02-05T22:08:46Z,ftp://massive-ftp.ucsd.edu/v02/MSV000083475/raw/RAW/PLATE7/7H4_8_75_thomas-19-s031-a02.raw,https://massive.ucsd.edu/ProteoSAFe/DownloadResultFile?file=f.MSV000083475%2Fraw%2FRAW%2FPLATE7%2F7H4_8_75_thomas-19-s031-a02.raw&forceDownload=true
9C12_pinto62-bottonchambersoil-5.raw,,['nmdc:sty-11-547rwq94'],unknown,/Users/heal742/Library/CloudStorage/OneDrive-PNNL/Documents/_DMS_data/_NMDC/_massive/_emp500_lcms/RAW/to_process/9C12_pinto62-bottonchambersoil-5.raw,/Users/heal742/Library/CloudStorage/OneDrive-PNNL/Documents/_DMS_data/_NMDC/_massive/_emp500_lcms/processed/202507/9C12_pinto62-bottonchambersoil-5.corems,LC-MS Metabolomics Method for EMP 500 Samples,LC-MS Chromatography Configuration for EMP 500 Samples,EMSL-RZR,QExactHF03,9C12_pinto62-bottonchambersoil-5.raw,2019-02-09T06:36:20Z,ftp://massive-ftp.ucsd.edu/v02/MSV000083475/raw/RAW/PLATE9/9C12_pinto62-bottonchambersoil-5.raw,https://massive.ucsd.edu/ProteoSAFe/DownloadResultFile?file=f.MSV000083475%2Fraw%2FRAW%2FPLATE9%2F9C12_pinto62-bottonchambersoil-5.raw&forceDownload=true
9B9_pinto62-excavatedsoil-2.raw,,['nmdc:sty-11-547rwq94'],unknown,/Users/heal742/Library/CloudStorage/OneDrive-PNNL/Documents/_DMS_data/_NMDC/_massive/_emp500_lcms/RAW/to_process/9B9_pinto62-excavatedsoil-2.raw,/Users/heal742/Library/CloudStorage/OneDrive-PNNL/Documents/_DMS_data/_NMDC/_massive/_emp500_lcms/processed/202507/9B9_pinto62-excavatedsoil-2.corems,LC-MS Metabolomics Method for EMP 500 Samples,LC-MS Chromatography Configuration for EMP 500 Samples,EMSL-RZR,QExactHF03,9B9_pinto62-excavatedsoil-2.raw,2019-02-09T02:44:34Z,ftp://massive-ftp.ucsd.edu/v02/MSV000083475/raw/RAW/PLATE9/9B9_pinto62-excavatedsoil-2.raw,https://massive.ucsd.edu/ProteoSAFe/DownloadResultFile?file=f.MSV000083475%2Fraw%2FRAW%2FPLATE9%2F9B9_pinto62-excavatedsoil-2.raw&forceDownload=true
7G5_8_65_thomas-19-s048-a02.raw,,['nmdc:sty-11-547rwq94'],unknown,/Users/heal742/Library/CloudStorage/OneDrive-PNNL/Documents/_DMS_data/_NMDC/_massive/_emp500_lcms/RAW/to_process/7G5_8_65_thomas-19-s048-a02.raw,/Users/heal742/Library/CloudStorage/OneDrive-PNNL/Documents/_DMS_data/_NMDC/_massive/_emp500_lcms/processed/202507/7G5_8_65_thomas-19-s048-a02.corems,LC-MS Metabolomics Method for EMP 500 Samples,LC-MS Chromatography Configuration for EMP 500 Samples,EMSL-RZR,QExactHF03,7G5_8_65_thomas-19-s048-a02.raw,2019-02-05T19:07:58Z,ftp://massive-ftp.ucsd.edu/v02/MSV000083475/raw/RAW/PLATE7/7G5_8_65_thomas-19-s048-a02.raw,https://massive.ucsd.edu/ProteoSAFe/DownloadResultFile?file=f.MSV000083475%2Fraw%2FRAW%2FPLATE7%2F7G5_8_65_thomas-19-s048-a02.raw&forceDownload=true
9B12_pinto62-bottonchambersoil-2.raw,,['nmdc:sty-11-547rwq94'],unknown,/Users/heal742/Library/CloudStorage/OneDrive-PNNL/Documents/_DMS_data/_NMDC/_massive/_emp500_lcms/RAW/to_process/9B12_pinto62-bottonchambersoil-2.raw,/Users/heal742/Library/CloudStorage/OneDrive-PNNL/Documents/_DMS_data/_NMDC/_massive/_emp500_lcms/processed/202507/9B12_pinto62-bottonchambersoil-2.corems,LC-MS Metabolomics Method for EMP 500 Samples,LC-MS Chromatography Configuration for EMP 500 Samples,EMSL-RZR,QExactHF03,9B12_pinto62-bottonchambersoil-2.raw,2019-02-09T03:24:51Z,ftp://massive-ftp.ucsd.edu/v02/MSV000083475/raw/RAW/PLATE9/9B12_pinto62-bottonchambersoil-2.raw,https://massive.ucsd.edu/ProteoSAFe/DownloadResultFile?file=f.MSV000083475%2Fraw%2FRAW%2FPLATE9%2F9B12_pinto62-bottonchambersoil-2.raw&forceDownload=true
2E1_5_22_rohwer_84_s006_a04.raw,,['nmdc:sty-11-547rwq94'],unknown,/Users/heal742/Library/CloudStorage/OneDrive-PNNL/Documents/_DMS_data/_NMDC/_massive/_emp500_lcms/RAW/to_process/2E1_5_22_rohwer_84_s006_a04.raw,/Users/heal742/Library/CloudStorage/OneDrive-PNNL/Documents/_DMS_data/_NMDC/_massive/_emp500_lcms/processed/202507/2E1_5_22_rohwer_84_s006_a04.corems,LC-MS Metabolomics Method for EMP 500 Samples,LC-MS Chromatography Configuration for EMP 500 Samples,EMSL-RZR,QExactHF03,2E1_5_22_rohwer_84_s006_a04.raw,2019-02-07T17:24:20Z,ftp://massive-ftp.ucsd.edu/v02/MSV000083475/raw/RAW/PLATE1and2/2E1_5_22_rohwer_84_s006_a04.raw,https://massive.ucsd.edu/ProteoSAFe/DownloadResultFile?file=f.MSV000083475%2Fraw%2FRAW%2FPLATE1and2%2F2E1_5_22_rohwer_84_s006_a04.raw&forceDownload=true
7E2_8_43_thomas-19-s027-a02.raw,,['nmdc:sty-11-547rwq94'],unknown,/Users/heal742/Library/CloudStorage/OneDrive-PNNL/Documents/_DMS_data/_NMDC/_massive/_emp500_lcms/RAW/to_process/7E2_8_43_thomas-19-s027-a02.raw,/Users/heal742/Library/CloudStorage/OneDrive-PNNL/Documents/_DMS_data/_NMDC/_massive/_emp500_lcms/processed/202507/7E2_8_43_thomas-19-s027-a02.corems,LC-MS Metabolomics Method for EMP 500 Samples,LC-MS Chromatography Configuration for EMP 500 Samples,EMSL-RZR,QExactHF03,7E2_8_43_thomas-19-s027-a02.raw,2019-02-05T12:05:24Z,ftp://massive-ftp.ucsd.edu/v02/MSV000083475/raw/RAW/PLATE7/7E2_8_43_thomas-19-s027-a02.raw,https://massive.ucsd.edu/ProteoSAFe/DownloadResultFile?file=f.MSV000083475%2Fraw%2FRAW%2FPLATE7%2F7E2_8_43_thomas-19-s027-a02.raw&forceDownload=true
7D2_8_33_thomas-19-s029-a02.raw,,['nmdc:sty-11-547rwq94'],unknown,/Users/heal742/Library/CloudStorage/OneDrive-PNNL/Documents/_DMS_data/_NMDC/_massive/_emp500_lcms/RAW/to_process/7D2_8_33_thomas-19-s029-a02.raw,/Users/heal742/Library/CloudStorage/OneDrive-PNNL/Documents/_DMS_data/_NMDC/_massive/_emp500_lcms/processed/202507/7D2_8_33_thomas-19-s029-a02.corems,LC-MS Metabolomics Method for EMP 500 Samples,LC-MS Chromatography Configuration for EMP 500 Samples,EMSL-RZR,QExactHF03,7D2_8_33_thomas-19-s029-a02.raw,2019-02-05T07:43:44Z,ftp://massive-ftp.ucsd.edu/v02/MSV000083475/raw/RAW/PLATE7/7D2_8_33_thomas-19-s029-a02.raw,https://massive.ucsd.edu/ProteoSAFe/DownloadResultFile?file=f.MSV000083475%2Fraw%2FRAW%2FPLATE7%2F7D2_8_33_thomas-19-s029-a02.raw&forceDownload=true
9B7_pinto62-bottonchambersoil-1.raw,,['nmdc:sty-11-547rwq94'],unknown,/Users/heal742/Library/CloudStorage/OneDrive-PNNL/Documents/_DMS_data/_NMDC/_massive/_emp500_lcms/RAW/to_process/9B7_pinto62-bottonchambersoil-1.raw,/Users/heal742/Library/CloudStorage/OneDrive-PNNL/Documents/_DMS_data/_NMDC/_massive/_emp500_lcms/processed/202507/9B7_pinto62-bottonchambersoil-1.corems,LC-MS Metabolomics Method for EMP 500 Samples,LC-MS Chromatography Configuration for EMP 500 Samples,EMSL-RZR,QExactHF03,9B7_pinto62-bottonchambersoil-1.raw,2019-02-09T02:17:43Z,ftp://massive-ftp.ucsd.edu/v02/MSV000083475/raw/RAW/PLATE9/9B7_pinto62-bottonchambersoil-1.raw,https://massive.ucsd.edu/ProteoSAFe/DownloadResultFile?file=f.MSV000083475%2Fraw%2FRAW%2FPLATE9%2F9B7_pinto62-bottonchambersoil-1.raw&forceDownload=true
9C8_pinto62-bottonchambersoil-4.raw,,['nmdc:sty-11-547rwq94'],unknown,/Users/heal742/Library/CloudStorage/OneDrive-PNNL/Documents/_DMS_data/_NMDC/_massive/_emp500_lcms/RAW/to_process/9C8_pinto62-bottonchambersoil-4.raw,/Users/heal742/Library/CloudStorage/OneDrive-PNNL/Documents/_DMS_data/_NMDC/_massive/_emp500_lcms/processed/202507/9C8_pinto62-bottonchambersoil-4.corems,LC-MS Metabolomics Method for EMP 500 Samples,LC-MS Chromatography Configuration for EMP 500 Samples,EMSL-RZR,QExactHF03,9C8_pinto62-bottonchambersoil-4.raw,2019-02-09T05:42:37Z,ftp://massive-ftp.ucsd.edu/v02/MSV000083475/raw/RAW/PLATE9/9C8_pinto62-bottonchambersoil-4.raw,https://massive.ucsd.edu/ProteoSAFe/DownloadResultFile?file=f.MSV000083475%2Fraw%2FRAW%2FPLATE9%2F9C8_pinto62-bottonchambersoil-4.raw&forceDownload=true
9D2_pinto62-excavatedsoil-6.raw,,['nmdc:sty-11-547rwq94'],unknown,/Users/heal742/Library/CloudStorage/OneDrive-PNNL/Documents/_DMS_data/_NMDC/_massive/_emp500_lcms/RAW/to_process/9D2_pinto62-excavatedsoil-6.raw,/Users/heal742/Library/CloudStorage/OneDrive-PNNL/Documents/_DMS_data/_NMDC/_massive/_emp500_lcms/processed/202507/9D2_pinto62-excavatedsoil-6.corems,LC-MS Metabolomics Method for EMP 500 Samples,LC-MS Chromatography Configuration for EMP 500 Samples,EMSL-RZR,QExactHF03,9D2_pinto62-excavatedsoil-6.raw,2019-02-09T07:33:34Z,ftp://massive-ftp.ucsd.edu/v02/MSV000083475/raw/RAW/PLATE9/9D2_pinto62-excavatedsoil-6.raw,https://massive.ucsd.edu/ProteoSAFe/DownloadResultFile?file=f.MSV000083475%2Fraw%2FRAW%2FPLATE9%2F9D2_pinto62-excavatedsoil-6.raw&forceDownload=true
9D3_pinto62-undisturbedsoil-6.raw,,['nmdc:sty-11-547rwq94'],unknown,/Users/heal742/Library/CloudStorage/OneDrive-PNNL/Documents/_DMS_data/_NMDC/_massive/_emp500_lcms/RAW/to_process/9D3_pinto62-undisturbedsoil-6.raw,/Users/heal742/Library/CloudStorage/OneDrive-PNNL/Documents/_DMS_data/_NMDC/_massive/_emp500_lcms/processed/202507/9D3_pinto62-undisturbedsoil-6.corems,LC-MS Metabolomics Method for EMP 500 Samples,LC-MS Chromatography Configuration for EMP 500 Samples,EMSL-RZR,QExactHF03,9D3_pinto62-undisturbedsoil-6.raw,2019-02-09T07:46:59Z,ftp://massive-ftp.ucsd.edu/v02/MSV000083475/raw/RAW/PLATE9/9D3_pinto62-undisturbedsoil-6.raw,https://massive.ucsd.edu/ProteoSAFe/DownloadResultFile?file=f.MSV000083475%2Fraw%2FRAW%2FPLATE9%2F9D3_pinto62-undisturbedsoil-6.raw&forceDownload=true
9D5_pinto62-sidechambersoil-6.raw,,['nmdc:sty-11-547rwq94'],unknown,/Users/heal742/Library/CloudStorage/OneDrive-PNNL/Documents/_DMS_data/_NMDC/_massive/_emp500_lcms/RAW/to_process/9D5_pinto62-sidechambersoil-6.raw,/Users/heal742/Library/CloudStorage/OneDrive-PNNL/Documents/_DMS_data/_NMDC/_massive/_emp500_lcms/processed/202507/9D5_pinto62-sidechambersoil-6.corems,LC-MS Metabolomics Method for EMP 500 Samples,LC-MS Chromatography Configuration for EMP 500 Samples,EMSL-RZR,QExactHF03,9D5_pinto62-sidechambersoil-6.raw,2019-02-09T08:13:48Z,ftp://massive-ftp.ucsd.edu/v02/MSV000083475/raw/RAW/PLATE9/9D5_pinto62-sidechambersoil-6.raw,https://massive.ucsd.edu/ProteoSAFe/DownloadResultFile?file=f.MSV000083475%2Fraw%2FRAW%2FPLATE9%2F9D5_pinto62-sidechambersoil-6.raw&forceDownload=true
7A6_8_5_thomas-19-s042-a02.raw,,['nmdc:sty-11-547rwq94'],unknown,/Users/heal742/Library/CloudStorage/OneDrive-PNNL/Documents/_DMS_data/_NMDC/_massive/_emp500_lcms/RAW/to_process/7A6_8_5_thomas-19-s042-a02.raw,/Users/heal742/Library/CloudStorage/OneDrive-PNNL/Documents/_DMS_data/_NMDC/_massive/_emp500_lcms/processed/202507/7A6_8_5_thomas-19-s042-a02.corems,LC-MS Metabolomics Method for EMP 500 Samples,LC-MS Chromatography Configuration for EMP 500 Samples,EMSL-RZR,QExactHF03,7A6_8_5_thomas-19-s042-a02.raw,2019-02-04T22:50:07Z,ftp://massive-ftp.ucsd.edu/v02/MSV000083475/raw/RAW/PLATE7/7A6_8_5_thomas-19-s042-a02.raw,https://massive.ucsd.edu/ProteoSAFe/DownloadResultFile?file=f.MSV000083475%2Fraw%2FRAW%2FPLATE7%2F7A6_8_5_thomas-19-s042-a02.raw&forceDownload=true
9B11_pinto62-undisturbedsoil-2.raw,,['nmdc:sty-11-547rwq94'],unknown,/Users/heal742/Library/CloudStorage/OneDrive-PNNL/Documents/_DMS_data/_NMDC/_massive/_emp500_lcms/RAW/to_process/9B11_pinto62-undisturbedsoil-2.raw,/Users/heal742/Library/CloudStorage/OneDrive-PNNL/Documents/_DMS_data/_NMDC/_massive/_emp500_lcms/processed/202507/9B11_pinto62-undisturbedsoil-2.corems,LC-MS Metabolomics Method for EMP 500 Samples,LC-MS Chromatography Configuration for EMP 500 Samples,EMSL-RZR,QExactHF03,9B11_pinto62-undisturbedsoil-2.raw,2019-02-09T03:11:26Z,ftp://massive-ftp.ucsd.edu/v02/MSV000083475/raw/RAW/PLATE9/9B11_pinto62-undisturbedsoil-2.raw,https://massive.ucsd.edu/ProteoSAFe/DownloadResultFile?file=f.MSV000083475%2Fraw%2FRAW%2FPLATE9%2F9B11_pinto62-undisturbedsoil-2.raw&forceDownload=true
7E3_8_44_thomas-19-s035-a02.raw,,['nmdc:sty-11-547rwq94'],unknown,/Users/heal742/Library/CloudStorage/OneDrive-PNNL/Documents/_DMS_data/_NMDC/_massive/_emp500_lcms/RAW/to_process/7E3_8_44_thomas-19-s035-a02.raw,/Users/heal742/Library/CloudStorage/OneDrive-PNNL/Documents/_DMS_data/_NMDC/_massive/_emp500_lcms/processed/202507/7E3_8_44_thomas-19-s035-a02.corems,LC-MS Metabolomics Method for EMP 500 Samples,LC-MS Chromatography Configuration for EMP 500 Samples,EMSL-RZR,QExactHF03,7E3_8_44_thomas-19-s035-a02.raw,2019-02-05T12:18:50Z,ftp://massive-ftp.ucsd.edu/v02/MSV000083475/raw/RAW/PLATE7/7E3_8_44_thomas-19-s035-a02.raw,https://massive.ucsd.edu/ProteoSAFe/DownloadResultFile?file=f.MSV000083475%2Fraw%2FRAW%2FPLATE7%2F7E3_8_44_thomas-19-s035-a02.raw&forceDownload=true
