biosample_name,raw_data_file_short
LabA_01_Axe_1,20240225_EB_VN_106100-001_RingTrial2_20230627_EXP120A_HILICZ_USHXG02065_POS_MS2_1_RtExu-A-EcoFAB-Brachy-Axenic_1__052.raw
LabA_02_Axe_2,20240225_EB_VN_106100-001_RingTrial2_20230627_EXP120A_HILICZ_USHXG02065_POS_MS2_2_RtExu-A-EcoFAB-Brachy-Axenic_2__070.raw
LabA_03_Axe_3,20240225_EB_VN_106100-001_RingTrial2_20230627_EXP120A_HILICZ_USHXG02065_POS_MS2_3_RtExu-A-EcoFAB-Brachy-Axenic_3__118.raw
LabA_04_Axe_4,20240225_EB_VN_106100-001_RingTrial2_20230627_EXP120A_HILICZ_USHXG02065_POS_MS2_4_RtExu-A-EcoFAB-Brachy-Axenic_4_Reinj_436.raw
LabA_05_Axe_5,20240225_EB_VN_106100-001_RingTrial2_20230627_EXP120A_HILICZ_USHXG02065_POS_MS2_5_RtExu-A-EcoFAB-Brachy-Axenic_5__212.raw
LabA_06_Axe_6,20240225_EB_VN_106100-001_RingTrial2_20230627_EXP120A_HILICZ_USHXG02065_POS_MS2_6_RtExu-A-EcoFAB-Brachy-Axenic_6__318.raw
LabA_07_Axe_7,20240225_EB_VN_106100-001_RingTrial2_20230627_EXP120A_HILICZ_USHXG02065_POS_MS2_7_RtExu-A-EcoFAB-Brachy-Axenic_7__384.raw
LabA_08_Syn16_1,20240225_EB_VN_106100-001_RingTrial2_20230627_EXP120A_HILICZ_USHXG02065_POS_MS2_8_RtExu-A-EcoFAB-Brachy-SynCom16_1__046.raw
LabA_09_Syn16_2,20240225_EB_VN_106100-001_RingTrial2_20230627_EXP120A_HILICZ_USHXG02065_POS_MS2_9_RtExu-A-EcoFAB-Brachy-SynCom16_2__089.raw
LabA_10_Syn16_3,20240225_EB_VN_106100-001_RingTrial2_20230627_EXP120A_HILICZ_USHXG02065_POS_MS2_10_RtExu-A-EcoFAB-Brachy-SynCom16_3__145.raw
LabA_11_Syn16_4,20240225_EB_VN_106100-001_RingTrial2_20230627_EXP120A_HILICZ_USHXG02065_POS_MS2_11_RtExu-A-EcoFAB-Brachy-SynCom16_4__165.raw
LabA_12_Syn16_5,20240225_EB_VN_106100-001_RingTrial2_20230627_EXP120A_HILICZ_USHXG02065_POS_MS2_12_RtExu-A-EcoFAB-Brachy-SynCom16_5__262.raw
LabA_13_Syn16_6,20240225_EB_VN_106100-001_RingTrial2_20230627_EXP120A_HILICZ_USHXG02065_POS_MS2_13_RtExu-A-EcoFAB-Brachy-SynCom16_6__328.raw
LabA_14_Syn16_7,20240225_EB_VN_106100-001_RingTrial2_20230627_EXP120A_HILICZ_USHXG02065_POS_MS2_14_RtExu-A-EcoFAB-Brachy-SynCom16_7__340.raw
LabA_15_Syn17_1,20240225_EB_VN_106100-001_RingTrial2_20230627_EXP120A_HILICZ_USHXG02065_POS_MS2_15_RtExu-A-EcoFAB-Brachy-SynCom17_1__025.raw
LabA_16_Syn17_2,20240225_EB_VN_106100-001_RingTrial2_20230627_EXP120A_HILICZ_USHXG02065_POS_MS2_16_RtExu-A-EcoFAB-Brachy-SynCom17_2__072.raw
LabA_17_Syn17_3,20240225_EB_VN_106100-001_RingTrial2_20230627_EXP120A_HILICZ_USHXG02065_POS_MS2_17_RtExu-A-EcoFAB-Brachy-SynCom17_3__147.raw
LabA_18_Syn17_4,20240225_EB_VN_106100-001_RingTrial2_20230627_EXP120A_HILICZ_USHXG02065_POS_MS2_18_RtExu-A-EcoFAB-Brachy-SynCom17_4_badinj_181.raw
LabA_19_Syn17_5,20240225_EB_VN_106100-001_RingTrial2_20230627_EXP120A_HILICZ_USHXG02065_POS_MS2_19_RtExu-A-EcoFAB-Brachy-SynCom17_5__214.raw
LabA_20_Syn17_6,20240225_EB_VN_106100-001_RingTrial2_20230627_EXP120A_HILICZ_USHXG02065_POS_MS2_20_RtExu-A-EcoFAB-Brachy-SynCom17_6__312.raw
LabA_21_Syn17_7,20240225_EB_VN_106100-001_RingTrial2_20230627_EXP120A_HILICZ_USHXG02065_POS_MS2_21_RtExu-A-EcoFAB-Brachy-SynCom17_7__336.raw
LabA_22_TxCtrl_1,20240225_EB_VN_106100-001_RingTrial2_20230627_EXP120A_HILICZ_USHXG02065_POS_MS2_22_TxCtrl-A-EcoFAB-Medium-Sterile_1__048.raw
LabA_23_TxCtrl_2,20240225_EB_VN_106100-001_RingTrial2_20230627_EXP120A_HILICZ_USHXG02065_POS_MS2_23_TxCtrl-A-EcoFAB-Medium-Sterile_2__068.raw
LabA_24_TxCtrl_3,20240225_EB_VN_106100-001_RingTrial2_20230627_EXP120A_HILICZ_USHXG02065_POS_MS2_24_TxCtrl-A-EcoFAB-Medium-Sterile_3__114.raw
LabA_25_TxCtrl_4,20240225_EB_VN_106100-001_RingTrial2_20230627_EXP120A_HILICZ_USHXG02065_POS_MS2_25_TxCtrl-A-EcoFAB-Medium-Sterile_4__191.raw
LabA_26_TxCtrl_5,20240225_EB_VN_106100-001_RingTrial2_20230627_EXP120A_HILICZ_USHXG02065_POS_MS2_26_TxCtrl-A-EcoFAB-Medium-Sterile_5__279.raw
LabA_27_TxCtrl_6,20240225_EB_VN_106100-001_RingTrial2_20230627_EXP120A_HILICZ_USHXG02065_POS_MS2_27_TxCtrl-A-EcoFAB-Medium-Sterile_6__293.raw
LabA_28_TxCtrl_7,20240225_EB_VN_106100-001_RingTrial2_20230627_EXP120A_HILICZ_USHXG02065_POS_MS2_28_TxCtrl-A-EcoFAB-Medium-Sterile_7__347.raw
LabB_01_Axe_1,20240225_EB_VN_106100-001_RingTrial2_20230627_EXP120A_HILICZ_USHXG02065_POS_MS2_33_RtExu-B-EcoFAB-Brachy-Axenic_1__050.raw
LabB_02_Axe_2,20240225_EB_VN_106100-001_RingTrial2_20230627_EXP120A_HILICZ_USHXG02065_POS_MS2_34_RtExu-B-EcoFAB-Brachy-Axenic_2__103.raw
LabB_03_Axe_3,20240225_EB_VN_106100-001_RingTrial2_20230627_EXP120A_HILICZ_USHXG02065_POS_MS2_35_RtExu-B-EcoFAB-Brachy-Axenic_3__105.raw
LabB_04_Axe_4,20240225_EB_VN_106100-001_RingTrial2_20230627_EXP120A_HILICZ_USHXG02065_POS_MS2_36_RtExu-B-EcoFAB-Brachy-Axenic_4_badinj_169.raw
LabB_05_Axe_5,20240225_EB_VN_106100-001_RingTrial2_20230627_EXP120A_HILICZ_USHXG02065_POS_MS2_37_RtExu-B-EcoFAB-Brachy-Axenic_5__216.raw
LabB_06_Axe_6,20240225_EB_VN_106100-001_RingTrial2_20230627_EXP120A_HILICZ_USHXG02065_POS_MS2_38_RtExu-B-EcoFAB-Brachy-Axenic_6__322.raw
LabB_07_Axe_7,20240225_EB_VN_106100-001_RingTrial2_20230627_EXP120A_HILICZ_USHXG02065_POS_MS2_39_RtExu-B-EcoFAB-Brachy-Axenic_7__380.raw
LabB_08_Syn16_1,20240225_EB_VN_106100-001_RingTrial2_20230627_EXP120A_HILICZ_USHXG02065_POS_MS2_40_RtExu-B-EcoFAB-Brachy-SynCom16_1__027.raw
LabB_09_Syn16_2,20240225_EB_VN_106100-001_RingTrial2_20230627_EXP120A_HILICZ_USHXG02065_POS_MS2_41_RtExu-B-EcoFAB-Brachy-SynCom16_2_Reinj_500.raw
LabB_10_Syn16_3,20240225_EB_VN_106100-001_RingTrial2_20230627_EXP120A_HILICZ_USHXG02065_POS_MS2_42_RtExu-B-EcoFAB-Brachy-SynCom16_3__132.raw
LabB_11_Syn16_4,20240225_EB_VN_106100-001_RingTrial2_20230627_EXP120A_HILICZ_USHXG02065_POS_MS2_43_RtExu-B-EcoFAB-Brachy-SynCom16_4_Reinj_448.raw
LabB_12_Syn16_5,20240225_EB_VN_106100-001_RingTrial2_20230627_EXP120A_HILICZ_USHXG02065_POS_MS2_44_RtExu-B-EcoFAB-Brachy-SynCom16_5__258.raw
LabB_13_Syn16_6,20240225_EB_VN_106100-001_RingTrial2_20230627_EXP120A_HILICZ_USHXG02065_POS_MS2_45_RtExu-B-EcoFAB-Brachy-SynCom16_6_Reinj2_570.raw
LabB_14_Syn16_7,20240225_EB_VN_106100-001_RingTrial2_20230627_EXP120A_HILICZ_USHXG02065_POS_MS2_46_RtExu-B-EcoFAB-Brachy-SynCom16_7__355.raw
LabB_15_Syn17_1,20240225_EB_VN_106100-001_RingTrial2_20230627_EXP120A_HILICZ_USHXG02065_POS_MS2_47_RtExu-B-EcoFAB-Brachy-SynCom17_1__031.raw
LabB_16_Syn17_2,20240225_EB_VN_106100-001_RingTrial2_20230627_EXP120A_HILICZ_USHXG02065_POS_MS2_48_RtExu-B-EcoFAB-Brachy-SynCom17_2_Reinj_440.raw
LabB_17_Syn17_3,20240225_EB_VN_106100-001_RingTrial2_20230627_EXP120A_HILICZ_USHXG02065_POS_MS2_49_RtExu-B-EcoFAB-Brachy-SynCom17_3_Reinj_465.raw
LabB_18_Syn17_4,20240225_EB_VN_106100-001_RingTrial2_20230627_EXP120A_HILICZ_USHXG02065_POS_MS2_50_RtExu-B-EcoFAB-Brachy-SynCom17_4__167.raw
LabB_19_Syn17_5,20240225_EB_VN_106100-001_RingTrial2_20230627_EXP120A_HILICZ_USHXG02065_POS_MS2_51_RtExu-B-EcoFAB-Brachy-SynCom17_5__268.raw
LabB_20_Syn17_6,20240225_EB_VN_106100-001_RingTrial2_20230627_EXP120A_HILICZ_USHXG02065_POS_MS2_52_RtExu-B-EcoFAB-Brachy-SynCom17_6__307.raw
LabB_21_Syn17_7,20240225_EB_VN_106100-001_RingTrial2_20230627_EXP120A_HILICZ_USHXG02065_POS_MS2_53_RtExu-B-EcoFAB-Brachy-SynCom17_7__382.raw
LabB_22_TxCtrl_1,20240225_EB_VN_106100-001_RingTrial2_20230627_EXP120A_HILICZ_USHXG02065_POS_MS2_54_TxCtrl-B-EcoFAB-Medium-Sterile_1__033.raw
LabB_23_TxCtrl_2,20240225_EB_VN_106100-001_RingTrial2_20230627_EXP120A_HILICZ_USHXG02065_POS_MS2_55_TxCtrl-B-EcoFAB-Medium-Sterile_2__087.raw
LabB_24_TxCtrl_3,20240225_EB_VN_106100-001_RingTrial2_20230627_EXP120A_HILICZ_USHXG02065_POS_MS2_56_TxCtrl-B-EcoFAB-Medium-Sterile_3__138.raw
LabB_25_TxCtrl_4,20240225_EB_VN_106100-001_RingTrial2_20230627_EXP120A_HILICZ_USHXG02065_POS_MS2_57_TxCtrl-B-EcoFAB-Medium-Sterile_4__179.raw
LabB_26_TxCtrl_5,20240225_EB_VN_106100-001_RingTrial2_20230627_EXP120A_HILICZ_USHXG02065_POS_MS2_58_TxCtrl-B-EcoFAB-Medium-Sterile_5__256.raw
LabB_27_TxCtrl_6,20240225_EB_VN_106100-001_RingTrial2_20230627_EXP120A_HILICZ_USHXG02065_POS_MS2_59_TxCtrl-B-EcoFAB-Medium-Sterile_6__299.raw
LabB_28_TxCtrl_7,20240225_EB_VN_106100-001_RingTrial2_20230627_EXP120A_HILICZ_USHXG02065_POS_MS2_60_TxCtrl-B-EcoFAB-Medium-Sterile_7__371.raw
LabC_01_Axe_1,20240225_EB_VN_106100-001_RingTrial2_20230627_EXP120A_HILICZ_USHXG02065_POS_MS2_65_RtExu-C-EcoFAB-Brachy-Axenic_1__011.raw
LabC_02_Axe_2,20240225_EB_VN_106100-001_RingTrial2_20230627_EXP120A_HILICZ_USHXG02065_POS_MS2_66_RtExu-C-EcoFAB-Brachy-Axenic_2__081.raw
LabC_03_Axe_3,20240225_EB_VN_106100-001_RingTrial2_20230627_EXP120A_HILICZ_USHXG02065_POS_MS2_67_RtExu-C-EcoFAB-Brachy-Axenic_3__149.raw
LabC_04_Axe_4,20240225_EB_VN_106100-001_RingTrial2_20230627_EXP120A_HILICZ_USHXG02065_POS_MS2_68_RtExu-C-EcoFAB-Brachy-Axenic_4__195.raw
LabC_05_Axe_5,20240225_EB_VN_106100-001_RingTrial2_20230627_EXP120A_HILICZ_USHXG02065_POS_MS2_69_RtExu-C-EcoFAB-Brachy-Axenic_5__274.raw
LabC_06_Axe_6,20240225_EB_VN_106100-001_RingTrial2_20230627_EXP120A_HILICZ_USHXG02065_POS_MS2_70_RtExu-C-EcoFAB-Brachy-Axenic_6__297.raw
LabC_07_Axe_7,20240225_EB_VN_106100-001_RingTrial2_20230627_EXP120A_HILICZ_USHXG02065_POS_MS2_71_RtExu-C-EcoFAB-Brachy-Axenic_7__365.raw
LabC_08_Syn16_1,20240225_EB_VN_106100-001_RingTrial2_20230627_EXP120A_HILICZ_USHXG02065_POS_MS2_72_RtExu-C-EcoFAB-Brachy-SynCom16_1__029.raw
LabC_09_Syn16_2,20240225_EB_VN_106100-001_RingTrial2_20230627_EXP120A_HILICZ_USHXG02065_POS_MS2_73_RtExu-C-EcoFAB-Brachy-SynCom16_2__064.raw
LabC_10_Syn16_3,20240225_EB_VN_106100-001_RingTrial2_20230627_EXP120A_HILICZ_USHXG02065_POS_MS2_74_RtExu-C-EcoFAB-Brachy-SynCom16_3__122.raw
LabC_11_Syn16_4,20240225_EB_VN_106100-001_RingTrial2_20230627_EXP120A_HILICZ_USHXG02065_POS_MS2_75_RtExu-C-EcoFAB-Brachy-SynCom16_4_Reinj_399.raw
LabC_12_Syn16_5,20240225_EB_VN_106100-001_RingTrial2_20230627_EXP120A_HILICZ_USHXG02065_POS_MS2_76_RtExu-C-EcoFAB-Brachy-SynCom16_5__285.raw
LabC_13_Syn16_6,20240225_EB_VN_106100-001_RingTrial2_20230627_EXP120A_HILICZ_USHXG02065_POS_MS2_77_RtExu-C-EcoFAB-Brachy-SynCom16_6__326.raw
LabC_14_Syn16_7,20240225_EB_VN_106100-001_RingTrial2_20230627_EXP120A_HILICZ_USHXG02065_POS_MS2_78_RtExu-C-EcoFAB-Brachy-SynCom16_7__353.raw
LabC_15_Syn17_1,20240225_EB_VN_106100-001_RingTrial2_20230627_EXP120A_HILICZ_USHXG02065_POS_MS2_79_RtExu-C-EcoFAB-Brachy-SynCom17_1__054.raw
LabC_16_Syn17_2,20240225_EB_VN_106100-001_RingTrial2_20230627_EXP120A_HILICZ_USHXG02065_POS_MS2_80_RtExu-C-EcoFAB-Brachy-SynCom17_2__095.raw
LabC_17_Syn17_3,20240225_EB_VN_106100-001_RingTrial2_20230627_EXP120A_HILICZ_USHXG02065_POS_MS2_81_RtExu-C-EcoFAB-Brachy-SynCom17_3__130.raw
LabC_18_Syn17_4,20240225_EB_VN_106100-001_RingTrial2_20230627_EXP120A_HILICZ_USHXG02065_POS_MS2_82_RtExu-C-EcoFAB-Brachy-SynCom17_4_Reinj_423.raw
LabC_19_Syn17_5,20240225_EB_VN_106100-001_RingTrial2_20230627_EXP120A_HILICZ_USHXG02065_POS_MS2_83_RtExu-C-EcoFAB-Brachy-SynCom17_5__272.raw
LabC_20_Syn17_6,20240225_EB_VN_106100-001_RingTrial2_20230627_EXP120A_HILICZ_USHXG02065_POS_MS2_84_RtExu-C-EcoFAB-Brachy-SynCom17_6__314.raw
LabC_21_Syn17_7,20240225_EB_VN_106100-001_RingTrial2_20230627_EXP120A_HILICZ_USHXG02065_POS_MS2_85_RtExu-C-EcoFAB-Brachy-SynCom17_7__345.raw
LabC_22_TxCtrl_1,20240225_EB_VN_106100-001_RingTrial2_20230627_EXP120A_HILICZ_USHXG02065_POS_MS2_86_TxCtrl-C-EcoFAB-Medium-Sterile_1__035.raw
LabC_23_TxCtrl_2,20240225_EB_VN_106100-001_RingTrial2_20230627_EXP120A_HILICZ_USHXG02065_POS_MS2_87_TxCtrl-C-EcoFAB-Medium-Sterile_2__058.raw
LabC_24_TxCtrl_3,20240225_EB_VN_106100-001_RingTrial2_20230627_EXP120A_HILICZ_USHXG02065_POS_MS2_88_TxCtrl-C-EcoFAB-Medium-Sterile_3__110.raw
LabC_25_TxCtrl_4,20240225_EB_VN_106100-001_RingTrial2_20230627_EXP120A_HILICZ_USHXG02065_POS_MS2_89_TxCtrl-C-EcoFAB-Medium-Sterile_4__163.raw
LabC_26_TxCtrl_5,20240225_EB_VN_106100-001_RingTrial2_20230627_EXP120A_HILICZ_USHXG02065_POS_MS2_90_TxCtrl-C-EcoFAB-Medium-Sterile_5_Reinj_413.raw
LabC_27_TxCtrl_6,20240225_EB_VN_106100-001_RingTrial2_20230627_EXP120A_HILICZ_USHXG02065_POS_MS2_91_TxCtrl-C-EcoFAB-Medium-Sterile_6__332.raw
LabC_28_TxCtrl_7,20240225_EB_VN_106100-001_RingTrial2_20230627_EXP120A_HILICZ_USHXG02065_POS_MS2_92_TxCtrl-C-EcoFAB-Medium-Sterile_7__349.raw
LabD_01_Axe_1,20240225_EB_VN_106100-001_RingTrial2_20230627_EXP120A_HILICZ_USHXG02065_POS_MS2_97_RtExu-D-EcoFAB-Brachy-Axenic_1__019.raw
LabD_02_Axe_2,20240225_EB_VN_106100-001_RingTrial2_20230627_EXP120A_HILICZ_USHXG02065_POS_MS2_98_RtExu-D-EcoFAB-Brachy-Axenic_2_Reinj_481.raw
LabD_03_Axe_3,20240225_EB_VN_106100-001_RingTrial2_20230627_EXP120A_HILICZ_USHXG02065_POS_MS2_99_RtExu-D-EcoFAB-Brachy-Axenic_3__128.raw
LabD_04_Axe_4,20240225_EB_VN_106100-001_RingTrial2_20230627_EXP120A_HILICZ_USHXG02065_POS_MS2_100_RtExu-D-EcoFAB-Brachy-Axenic_4_Reinj_444.raw
LabD_05_Axe_5,20240225_EB_VN_106100-001_RingTrial2_20230627_EXP120A_HILICZ_USHXG02065_POS_MS2_101_RtExu-D-EcoFAB-Brachy-Axenic_5__266.raw
LabD_06_Axe_6,20240225_EB_VN_106100-001_RingTrial2_20230627_EXP120A_HILICZ_USHXG02065_POS_MS2_102_RtExu-D-EcoFAB-Brachy-Axenic_6__305.raw
LabD_07_Axe_7,20240225_EB_VN_106100-001_RingTrial2_20230627_EXP120A_HILICZ_USHXG02065_POS_MS2_103_RtExu-D-EcoFAB-Brachy-Axenic_7__363.raw
LabD_08_Syn16_1,20240225_EB_VN_106100-001_RingTrial2_20230627_EXP120A_HILICZ_USHXG02065_POS_MS2_104_RtExu-D-EcoFAB-Brachy-SynCom16_1__037.raw
LabD_09_Syn16_2,20240225_EB_VN_106100-001_RingTrial2_20230627_EXP120A_HILICZ_USHXG02065_POS_MS2_105_RtExu-D-EcoFAB-Brachy-SynCom16_2_Reinj_438.raw
LabD_10_Syn16_3,20240225_EB_VN_106100-001_RingTrial2_20230627_EXP120A_HILICZ_USHXG02065_POS_MS2_106_RtExu-D-EcoFAB-Brachy-SynCom16_3__126.raw
LabD_11_Syn16_4,20240225_EB_VN_106100-001_RingTrial2_20230627_EXP120A_HILICZ_USHXG02065_POS_MS2_107_RtExu-D-EcoFAB-Brachy-SynCom16_4__161.raw
LabD_12_Syn16_5,20240225_EB_VN_106100-001_RingTrial2_20230627_EXP120A_HILICZ_USHXG02065_POS_MS2_108_RtExu-D-EcoFAB-Brachy-SynCom16_5__283.raw
LabD_13_Syn16_6,20240225_EB_VN_106100-001_RingTrial2_20230627_EXP120A_HILICZ_USHXG02065_POS_MS2_109_RtExu-D-EcoFAB-Brachy-SynCom16_6__295.raw
LabD_14_Syn16_7,20240225_EB_VN_106100-001_RingTrial2_20230627_EXP120A_HILICZ_USHXG02065_POS_MS2_110_RtExu-D-EcoFAB-Brachy-SynCom16_7_Reinj2_576.raw
LabD_15_Syn17_1,20240225_EB_VN_106100-001_RingTrial2_20230627_EXP120A_HILICZ_USHXG02065_POS_MS2_111_RtExu-D-EcoFAB-Brachy-SynCom17_1__044.raw
LabD_16_Syn17_2,20240225_EB_VN_106100-001_RingTrial2_20230627_EXP120A_HILICZ_USHXG02065_POS_MS2_112_RtExu-D-EcoFAB-Brachy-SynCom17_2__066.raw
LabD_17_Syn17_3,20240225_EB_VN_106100-001_RingTrial2_20230627_EXP120A_HILICZ_USHXG02065_POS_MS2_113_RtExu-D-EcoFAB-Brachy-SynCom17_3__153.raw
LabD_18_Syn17_4,20240225_EB_VN_106100-001_RingTrial2_20230627_EXP120A_HILICZ_USHXG02065_POS_MS2_114_RtExu-D-EcoFAB-Brachy-SynCom17_4__203.raw
LabD_19_Syn17_5,20240225_EB_VN_106100-001_RingTrial2_20230627_EXP120A_HILICZ_USHXG02065_POS_MS2_115_RtExu-D-EcoFAB-Brachy-SynCom17_5_Reinj2_593.raw
LabD_20_Syn17_6,20240225_EB_VN_106100-001_RingTrial2_20230627_EXP120A_HILICZ_USHXG02065_POS_MS2_116_RtExu-D-EcoFAB-Brachy-SynCom17_6__334.raw
LabD_21_Syn17_7,20240225_EB_VN_106100-001_RingTrial2_20230627_EXP120A_HILICZ_USHXG02065_POS_MS2_117_RtExu-D-EcoFAB-Brachy-SynCom17_7__357.raw
LabD_22_TxCtrl_1,20240225_EB_VN_106100-001_RingTrial2_20230627_EXP120A_HILICZ_USHXG02065_POS_MS2_118_TxCtrl-D-EcoFAB-Medium-Sterile_1__056.raw
LabD_23_TxCtrl_2,20240225_EB_VN_106100-001_RingTrial2_20230627_EXP120A_HILICZ_USHXG02065_POS_MS2_119_TxCtrl-D-EcoFAB-Medium-Sterile_2__077.raw
LabD_24_TxCtrl_3,20240225_EB_VN_106100-001_RingTrial2_20230627_EXP120A_HILICZ_USHXG02065_POS_MS2_120_TxCtrl-D-EcoFAB-Medium-Sterile_3__151.raw
LabD_25_TxCtrl_4,20240225_EB_VN_106100-001_RingTrial2_20230627_EXP120A_HILICZ_USHXG02065_POS_MS2_121_TxCtrl-D-EcoFAB-Medium-Sterile_4_Reinj_475.raw
LabD_26_TxCtrl_5,20240225_EB_VN_106100-001_RingTrial2_20230627_EXP120A_HILICZ_USHXG02065_POS_MS2_122_TxCtrl-D-EcoFAB-Medium-Sterile_5_Reinj2_522.raw
LabD_27_TxCtrl_6,20240225_EB_VN_106100-001_RingTrial2_20230627_EXP120A_HILICZ_USHXG02065_POS_MS2_123_TxCtrl-D-EcoFAB-Medium-Sterile_6__330.raw
LabD_28_TxCtrl_7,20240225_EB_VN_106100-001_RingTrial2_20230627_EXP120A_HILICZ_USHXG02065_POS_MS2_124_TxCtrl-D-EcoFAB-Medium-Sterile_7__378.raw
LabE_01_Axe_1,20240225_EB_VN_106100-001_RingTrial2_20230627_EXP120A_HILICZ_USHXG02065_POS_MS2_129_RtExu-E-EcoFAB-Brachy-Axenic_1_Reinj_487.raw
LabE_02_Axe_2,20240225_EB_VN_106100-001_RingTrial2_20230627_EXP120A_HILICZ_USHXG02065_POS_MS2_130_RtExu-E-EcoFAB-Brachy-Axenic_2__083.raw
LabE_03_Axe_3,20240225_EB_VN_106100-001_RingTrial2_20230627_EXP120A_HILICZ_USHXG02065_POS_MS2_131_RtExu-E-EcoFAB-Brachy-Axenic_3_Reinj2_534.raw
LabE_04_Axe_4,20240225_EB_VN_106100-001_RingTrial2_20230627_EXP120A_HILICZ_USHXG02065_POS_MS2_132_RtExu-E-EcoFAB-Brachy-Axenic_4_Reinj_403.raw
LabE_05_Axe_5,20240225_EB_VN_106100-001_RingTrial2_20230627_EXP120A_HILICZ_USHXG02065_POS_MS2_133_RtExu-E-EcoFAB-Brachy-Axenic_5__218.raw
LabE_06_Axe_6,20240225_EB_VN_106100-001_RingTrial2_20230627_EXP120A_HILICZ_USHXG02065_POS_MS2_134_RtExu-E-EcoFAB-Brachy-Axenic_6__291.raw
LabE_07_Axe_7,20240225_EB_VN_106100-001_RingTrial2_20230627_EXP120A_HILICZ_USHXG02065_POS_MS2_135_RtExu-E-EcoFAB-Brachy-Axenic_7__373.raw
LabE_08_Syn16_1,20240225_EB_VN_106100-001_RingTrial2_20230627_EXP120A_HILICZ_USHXG02065_POS_MS2_136_RtExu-E-EcoFAB-Brachy-SynCom16_1__013.raw
LabE_09_Syn16_2,20240225_EB_VN_106100-001_RingTrial2_20230627_EXP120A_HILICZ_USHXG02065_POS_MS2_137_RtExu-E-EcoFAB-Brachy-SynCom16_2__093.raw
LabE_10_Syn16_3,20240225_EB_VN_106100-001_RingTrial2_20230627_EXP120A_HILICZ_USHXG02065_POS_MS2_138_RtExu-E-EcoFAB-Brachy-SynCom16_3_Reinj_452.raw
LabE_11_Syn16_4,20240225_EB_VN_106100-001_RingTrial2_20230627_EXP120A_HILICZ_USHXG02065_POS_MS2_139_RtExu-E-EcoFAB-Brachy-SynCom16_4_Reinj_421.raw
LabE_12_Syn16_5,20240225_EB_VN_106100-001_RingTrial2_20230627_EXP120A_HILICZ_USHXG02065_POS_MS2_140_RtExu-E-EcoFAB-Brachy-SynCom16_5__264.raw
LabE_13_Syn16_6,20240225_EB_VN_106100-001_RingTrial2_20230627_EXP120A_HILICZ_USHXG02065_POS_MS2_141_RtExu-E-EcoFAB-Brachy-SynCom16_6_Reinj2_574.raw
LabE_14_Syn16_7,20240225_EB_VN_106100-001_RingTrial2_20230627_EXP120A_HILICZ_USHXG02065_POS_MS2_142_RtExu-E-EcoFAB-Brachy-SynCom16_7__359.raw
LabE_15_Syn17_1,20240225_EB_VN_106100-001_RingTrial2_20230627_EXP120A_HILICZ_USHXG02065_POS_MS2_143_RtExu-E-EcoFAB-Brachy-SynCom17_1_Reinj2_595.raw
LabE_16_Syn17_2,20240225_EB_VN_106100-001_RingTrial2_20230627_EXP120A_HILICZ_USHXG02065_POS_MS2_144_RtExu-E-EcoFAB-Brachy-SynCom17_2__097.raw
LabE_17_Syn17_3,20240225_EB_VN_106100-001_RingTrial2_20230627_EXP120A_HILICZ_USHXG02065_POS_MS2_145_RtExu-E-EcoFAB-Brachy-SynCom17_3__112.raw
LabE_18_Syn17_4,20240225_EB_VN_106100-001_RingTrial2_20230627_EXP120A_HILICZ_USHXG02065_POS_MS2_146_RtExu-E-EcoFAB-Brachy-SynCom17_4__183.raw
LabE_19_Syn17_5,20240225_EB_VN_106100-001_RingTrial2_20230627_EXP120A_HILICZ_USHXG02065_POS_MS2_147_RtExu-E-EcoFAB-Brachy-SynCom17_5__287.raw
LabE_20_Syn17_6,20240225_EB_VN_106100-001_RingTrial2_20230627_EXP120A_HILICZ_USHXG02065_POS_MS2_148_RtExu-E-EcoFAB-Brachy-SynCom17_6__316.raw
LabE_21_Syn17_7,20240225_EB_VN_106100-001_RingTrial2_20230627_EXP120A_HILICZ_USHXG02065_POS_MS2_149_RtExu-E-EcoFAB-Brachy-SynCom17_7__361.raw
LabE_22_TxCtrl_1,20240225_EB_VN_106100-001_RingTrial2_20230627_EXP120A_HILICZ_USHXG02065_POS_MS2_150_TxCtrl-E-EcoFAB-Medium-Sterile_1__015.raw
LabE_23_TxCtrl_2,20240225_EB_VN_106100-001_RingTrial2_20230627_EXP120A_HILICZ_USHXG02065_POS_MS2_151_TxCtrl-E-EcoFAB-Medium-Sterile_2__079.raw
LabE_24_TxCtrl_3,20240225_EB_VN_106100-001_RingTrial2_20230627_EXP120A_HILICZ_USHXG02065_POS_MS2_152_TxCtrl-E-EcoFAB-Medium-Sterile_3__124.raw
LabE_25_TxCtrl_4,20240225_EB_VN_106100-001_RingTrial2_20230627_EXP120A_HILICZ_USHXG02065_POS_MS2_153_TxCtrl-E-EcoFAB-Medium-Sterile_4__157.raw
LabE_26_TxCtrl_5,20240225_EB_VN_106100-001_RingTrial2_20230627_EXP120A_HILICZ_USHXG02065_POS_MS2_154_TxCtrl-E-EcoFAB-Medium-Sterile_5_Added_249.raw
LabE_27_TxCtrl_6,20240225_EB_VN_106100-001_RingTrial2_20230627_EXP120A_HILICZ_USHXG02065_POS_MS2_155_TxCtrl-E-EcoFAB-Medium-Sterile_6__303.raw
LabE_28_TxCtrl_7,20240225_EB_VN_106100-001_RingTrial2_20230627_EXP120A_HILICZ_USHXG02065_POS_MS2_156_TxCtrl-E-EcoFAB-Medium-Sterile_7__369.raw