ftp_location,raw_data_file_short
ftp://massive-ftp.ucsd.edu/v08/MSV000095476/raw/20240225_EB_VN_106100-001_RingTrial2_20230627_EXP120A_HILICZ_USHXG02065_POS_MS2_100_RtExu-D-EcoFAB-Brachy-Axenic_4_Reinj_444.raw,20240225_EB_VN_106100-001_RingTrial2_20230627_EXP120A_HILICZ_USHXG02065_POS_MS2_100_RtExu-D-EcoFAB-Brachy-Axenic_4_Reinj_444.raw
ftp://massive-ftp.ucsd.edu/v08/MSV000095476/raw/20240225_EB_VN_106100-001_RingTrial2_20230627_EXP120A_HILICZ_USHXG02065_POS_MS2_101_RtExu-D-EcoFAB-Brachy-Axenic_5__266.raw,20240225_EB_VN_106100-001_RingTrial2_20230627_EXP120A_HILICZ_USHXG02065_POS_MS2_101_RtExu-D-EcoFAB-Brachy-Axenic_5__266.raw
ftp://massive-ftp.ucsd.edu/v08/MSV000095476/raw/20240225_EB_VN_106100-001_RingTrial2_20230627_EXP120A_HILICZ_USHXG02065_POS_MS2_102_RtExu-D-EcoFAB-Brachy-Axenic_6__305.raw,20240225_EB_VN_106100-001_RingTrial2_20230627_EXP120A_HILICZ_USHXG02065_POS_MS2_102_RtExu-D-EcoFAB-Brachy-Axenic_6__305.raw
ftp://massive-ftp.ucsd.edu/v08/MSV000095476/raw/20240225_EB_VN_106100-001_RingTrial2_20230627_EXP120A_HILICZ_USHXG02065_POS_MS2_103_RtExu-D-EcoFAB-Brachy-Axenic_7__363.raw,20240225_EB_VN_106100-001_RingTrial2_20230627_EXP120A_HILICZ_USHXG02065_POS_MS2_103_RtExu-D-EcoFAB-Brachy-Axenic_7__363.raw
ftp://massive-ftp.ucsd.edu/v08/MSV000095476/raw/20240225_EB_VN_106100-001_RingTrial2_20230627_EXP120A_HILICZ_USHXG02065_POS_MS2_104_RtExu-D-EcoFAB-Brachy-SynCom16_1__037.raw,20240225_EB_VN_106100-001_RingTrial2_20230627_EXP120A_HILICZ_USHXG02065_POS_MS2_104_RtExu-D-EcoFAB-Brachy-SynCom16_1__037.raw
ftp://massive-ftp.ucsd.edu/v08/MSV000095476/raw/20240225_EB_VN_106100-001_RingTrial2_20230627_EXP120A_HILICZ_USHXG02065_POS_MS2_105_RtExu-D-EcoFAB-Brachy-SynCom16_2_Reinj_438.raw,20240225_EB_VN_106100-001_RingTrial2_20230627_EXP120A_HILICZ_USHXG02065_POS_MS2_105_RtExu-D-EcoFAB-Brachy-SynCom16_2_Reinj_438.raw
ftp://massive-ftp.ucsd.edu/v08/MSV000095476/raw/20240225_EB_VN_106100-001_RingTrial2_20230627_EXP120A_HILICZ_USHXG02065_POS_MS2_106_RtExu-D-EcoFAB-Brachy-SynCom16_3__126.raw,20240225_EB_VN_106100-001_RingTrial2_20230627_EXP120A_HILICZ_USHXG02065_POS_MS2_106_RtExu-D-EcoFAB-Brachy-SynCom16_3__126.raw
ftp://massive-ftp.ucsd.edu/v08/MSV000095476/raw/20240225_EB_VN_106100-001_RingTrial2_20230627_EXP120A_HILICZ_USHXG02065_POS_MS2_107_RtExu-D-EcoFAB-Brachy-SynCom16_4__161.raw,20240225_EB_VN_106100-001_RingTrial2_20230627_EXP120A_HILICZ_USHXG02065_POS_MS2_107_RtExu-D-EcoFAB-Brachy-SynCom16_4__161.raw
ftp://massive-ftp.ucsd.edu/v08/MSV000095476/raw/20240225_EB_VN_106100-001_RingTrial2_20230627_EXP120A_HILICZ_USHXG02065_POS_MS2_108_RtExu-D-EcoFAB-Brachy-SynCom16_5__283.raw,20240225_EB_VN_106100-001_RingTrial2_20230627_EXP120A_HILICZ_USHXG02065_POS_MS2_108_RtExu-D-EcoFAB-Brachy-SynCom16_5__283.raw
ftp://massive-ftp.ucsd.edu/v08/MSV000095476/raw/20240225_EB_VN_106100-001_RingTrial2_20230627_EXP120A_HILICZ_USHXG02065_POS_MS2_109_RtExu-D-EcoFAB-Brachy-SynCom16_6__295.raw,20240225_EB_VN_106100-001_RingTrial2_20230627_EXP120A_HILICZ_USHXG02065_POS_MS2_109_RtExu-D-EcoFAB-Brachy-SynCom16_6__295.raw
ftp://massive-ftp.ucsd.edu/v08/MSV000095476/raw/20240225_EB_VN_106100-001_RingTrial2_20230627_EXP120A_HILICZ_USHXG02065_POS_MS2_10_RtExu-A-EcoFAB-Brachy-SynCom16_3__145.raw,20240225_EB_VN_106100-001_RingTrial2_20230627_EXP120A_HILICZ_USHXG02065_POS_MS2_10_RtExu-A-EcoFAB-Brachy-SynCom16_3__145.raw
ftp://massive-ftp.ucsd.edu/v08/MSV000095476/raw/20240225_EB_VN_106100-001_RingTrial2_20230627_EXP120A_HILICZ_USHXG02065_POS_MS2_110_RtExu-D-EcoFAB-Brachy-SynCom16_7_Reinj2_576.raw,20240225_EB_VN_106100-001_RingTrial2_20230627_EXP120A_HILICZ_USHXG02065_POS_MS2_110_RtExu-D-EcoFAB-Brachy-SynCom16_7_Reinj2_576.raw
ftp://massive-ftp.ucsd.edu/v08/MSV000095476/raw/20240225_EB_VN_106100-001_RingTrial2_20230627_EXP120A_HILICZ_USHXG02065_POS_MS2_111_RtExu-D-EcoFAB-Brachy-SynCom17_1__044.raw,20240225_EB_VN_106100-001_RingTrial2_20230627_EXP120A_HILICZ_USHXG02065_POS_MS2_111_RtExu-D-EcoFAB-Brachy-SynCom17_1__044.raw
ftp://massive-ftp.ucsd.edu/v08/MSV000095476/raw/20240225_EB_VN_106100-001_RingTrial2_20230627_EXP120A_HILICZ_USHXG02065_POS_MS2_112_RtExu-D-EcoFAB-Brachy-SynCom17_2__066.raw,20240225_EB_VN_106100-001_RingTrial2_20230627_EXP120A_HILICZ_USHXG02065_POS_MS2_112_RtExu-D-EcoFAB-Brachy-SynCom17_2__066.raw
ftp://massive-ftp.ucsd.edu/v08/MSV000095476/raw/20240225_EB_VN_106100-001_RingTrial2_20230627_EXP120A_HILICZ_USHXG02065_POS_MS2_113_RtExu-D-EcoFAB-Brachy-SynCom17_3__153.raw,20240225_EB_VN_106100-001_RingTrial2_20230627_EXP120A_HILICZ_USHXG02065_POS_MS2_113_RtExu-D-EcoFAB-Brachy-SynCom17_3__153.raw
ftp://massive-ftp.ucsd.edu/v08/MSV000095476/raw/20240225_EB_VN_106100-001_RingTrial2_20230627_EXP120A_HILICZ_USHXG02065_POS_MS2_114_RtExu-D-EcoFAB-Brachy-SynCom17_4__203.raw,20240225_EB_VN_106100-001_RingTrial2_20230627_EXP120A_HILICZ_USHXG02065_POS_MS2_114_RtExu-D-EcoFAB-Brachy-SynCom17_4__203.raw
ftp://massive-ftp.ucsd.edu/v08/MSV000095476/raw/20240225_EB_VN_106100-001_RingTrial2_20230627_EXP120A_HILICZ_USHXG02065_POS_MS2_115_RtExu-D-EcoFAB-Brachy-SynCom17_5_Reinj2_593.raw,20240225_EB_VN_106100-001_RingTrial2_20230627_EXP120A_HILICZ_USHXG02065_POS_MS2_115_RtExu-D-EcoFAB-Brachy-SynCom17_5_Reinj2_593.raw
ftp://massive-ftp.ucsd.edu/v08/MSV000095476/raw/20240225_EB_VN_106100-001_RingTrial2_20230627_EXP120A_HILICZ_USHXG02065_POS_MS2_116_RtExu-D-EcoFAB-Brachy-SynCom17_6__334.raw,20240225_EB_VN_106100-001_RingTrial2_20230627_EXP120A_HILICZ_USHXG02065_POS_MS2_116_RtExu-D-EcoFAB-Brachy-SynCom17_6__334.raw
ftp://massive-ftp.ucsd.edu/v08/MSV000095476/raw/20240225_EB_VN_106100-001_RingTrial2_20230627_EXP120A_HILICZ_USHXG02065_POS_MS2_117_RtExu-D-EcoFAB-Brachy-SynCom17_7__357.raw,20240225_EB_VN_106100-001_RingTrial2_20230627_EXP120A_HILICZ_USHXG02065_POS_MS2_117_RtExu-D-EcoFAB-Brachy-SynCom17_7__357.raw
ftp://massive-ftp.ucsd.edu/v08/MSV000095476/raw/20240225_EB_VN_106100-001_RingTrial2_20230627_EXP120A_HILICZ_USHXG02065_POS_MS2_118_TxCtrl-D-EcoFAB-Medium-Sterile_1__056.raw,20240225_EB_VN_106100-001_RingTrial2_20230627_EXP120A_HILICZ_USHXG02065_POS_MS2_118_TxCtrl-D-EcoFAB-Medium-Sterile_1__056.raw
ftp://massive-ftp.ucsd.edu/v08/MSV000095476/raw/20240225_EB_VN_106100-001_RingTrial2_20230627_EXP120A_HILICZ_USHXG02065_POS_MS2_119_TxCtrl-D-EcoFAB-Medium-Sterile_2__077.raw,20240225_EB_VN_106100-001_RingTrial2_20230627_EXP120A_HILICZ_USHXG02065_POS_MS2_119_TxCtrl-D-EcoFAB-Medium-Sterile_2__077.raw
ftp://massive-ftp.ucsd.edu/v08/MSV000095476/raw/20240225_EB_VN_106100-001_RingTrial2_20230627_EXP120A_HILICZ_USHXG02065_POS_MS2_11_RtExu-A-EcoFAB-Brachy-SynCom16_4__165.raw,20240225_EB_VN_106100-001_RingTrial2_20230627_EXP120A_HILICZ_USHXG02065_POS_MS2_11_RtExu-A-EcoFAB-Brachy-SynCom16_4__165.raw
ftp://massive-ftp.ucsd.edu/v08/MSV000095476/raw/20240225_EB_VN_106100-001_RingTrial2_20230627_EXP120A_HILICZ_USHXG02065_POS_MS2_120_TxCtrl-D-EcoFAB-Medium-Sterile_3__151.raw,20240225_EB_VN_106100-001_RingTrial2_20230627_EXP120A_HILICZ_USHXG02065_POS_MS2_120_TxCtrl-D-EcoFAB-Medium-Sterile_3__151.raw
ftp://massive-ftp.ucsd.edu/v08/MSV000095476/raw/20240225_EB_VN_106100-001_RingTrial2_20230627_EXP120A_HILICZ_USHXG02065_POS_MS2_121_TxCtrl-D-EcoFAB-Medium-Sterile_4_Reinj_475.raw,20240225_EB_VN_106100-001_RingTrial2_20230627_EXP120A_HILICZ_USHXG02065_POS_MS2_121_TxCtrl-D-EcoFAB-Medium-Sterile_4_Reinj_475.raw
ftp://massive-ftp.ucsd.edu/v08/MSV000095476/raw/20240225_EB_VN_106100-001_RingTrial2_20230627_EXP120A_HILICZ_USHXG02065_POS_MS2_122_TxCtrl-D-EcoFAB-Medium-Sterile_5_Reinj2_522.raw,20240225_EB_VN_106100-001_RingTrial2_20230627_EXP120A_HILICZ_USHXG02065_POS_MS2_122_TxCtrl-D-EcoFAB-Medium-Sterile_5_Reinj2_522.raw
ftp://massive-ftp.ucsd.edu/v08/MSV000095476/raw/20240225_EB_VN_106100-001_RingTrial2_20230627_EXP120A_HILICZ_USHXG02065_POS_MS2_123_TxCtrl-D-EcoFAB-Medium-Sterile_6__330.raw,20240225_EB_VN_106100-001_RingTrial2_20230627_EXP120A_HILICZ_USHXG02065_POS_MS2_123_TxCtrl-D-EcoFAB-Medium-Sterile_6__330.raw
ftp://massive-ftp.ucsd.edu/v08/MSV000095476/raw/20240225_EB_VN_106100-001_RingTrial2_20230627_EXP120A_HILICZ_USHXG02065_POS_MS2_124_TxCtrl-D-EcoFAB-Medium-Sterile_7__378.raw,20240225_EB_VN_106100-001_RingTrial2_20230627_EXP120A_HILICZ_USHXG02065_POS_MS2_124_TxCtrl-D-EcoFAB-Medium-Sterile_7__378.raw
ftp://massive-ftp.ucsd.edu/v08/MSV000095476/raw/20240225_EB_VN_106100-001_RingTrial2_20230627_EXP120A_HILICZ_USHXG02065_POS_MS2_129_RtExu-E-EcoFAB-Brachy-Axenic_1_Reinj_487.raw,20240225_EB_VN_106100-001_RingTrial2_20230627_EXP120A_HILICZ_USHXG02065_POS_MS2_129_RtExu-E-EcoFAB-Brachy-Axenic_1_Reinj_487.raw
ftp://massive-ftp.ucsd.edu/v08/MSV000095476/raw/20240225_EB_VN_106100-001_RingTrial2_20230627_EXP120A_HILICZ_USHXG02065_POS_MS2_12_RtExu-A-EcoFAB-Brachy-SynCom16_5__262.raw,20240225_EB_VN_106100-001_RingTrial2_20230627_EXP120A_HILICZ_USHXG02065_POS_MS2_12_RtExu-A-EcoFAB-Brachy-SynCom16_5__262.raw
ftp://massive-ftp.ucsd.edu/v08/MSV000095476/raw/20240225_EB_VN_106100-001_RingTrial2_20230627_EXP120A_HILICZ_USHXG02065_POS_MS2_130_RtExu-E-EcoFAB-Brachy-Axenic_2__083.raw,20240225_EB_VN_106100-001_RingTrial2_20230627_EXP120A_HILICZ_USHXG02065_POS_MS2_130_RtExu-E-EcoFAB-Brachy-Axenic_2__083.raw
ftp://massive-ftp.ucsd.edu/v08/MSV000095476/raw/20240225_EB_VN_106100-001_RingTrial2_20230627_EXP120A_HILICZ_USHXG02065_POS_MS2_131_RtExu-E-EcoFAB-Brachy-Axenic_3_Reinj2_534.raw,20240225_EB_VN_106100-001_RingTrial2_20230627_EXP120A_HILICZ_USHXG02065_POS_MS2_131_RtExu-E-EcoFAB-Brachy-Axenic_3_Reinj2_534.raw
ftp://massive-ftp.ucsd.edu/v08/MSV000095476/raw/20240225_EB_VN_106100-001_RingTrial2_20230627_EXP120A_HILICZ_USHXG02065_POS_MS2_132_RtExu-E-EcoFAB-Brachy-Axenic_4_Reinj_403.raw,20240225_EB_VN_106100-001_RingTrial2_20230627_EXP120A_HILICZ_USHXG02065_POS_MS2_132_RtExu-E-EcoFAB-Brachy-Axenic_4_Reinj_403.raw
ftp://massive-ftp.ucsd.edu/v08/MSV000095476/raw/20240225_EB_VN_106100-001_RingTrial2_20230627_EXP120A_HILICZ_USHXG02065_POS_MS2_133_RtExu-E-EcoFAB-Brachy-Axenic_5__218.raw,20240225_EB_VN_106100-001_RingTrial2_20230627_EXP120A_HILICZ_USHXG02065_POS_MS2_133_RtExu-E-EcoFAB-Brachy-Axenic_5__218.raw
ftp://massive-ftp.ucsd.edu/v08/MSV000095476/raw/20240225_EB_VN_106100-001_RingTrial2_20230627_EXP120A_HILICZ_USHXG02065_POS_MS2_134_RtExu-E-EcoFAB-Brachy-Axenic_6__291.raw,20240225_EB_VN_106100-001_RingTrial2_20230627_EXP120A_HILICZ_USHXG02065_POS_MS2_134_RtExu-E-EcoFAB-Brachy-Axenic_6__291.raw
ftp://massive-ftp.ucsd.edu/v08/MSV000095476/raw/20240225_EB_VN_106100-001_RingTrial2_20230627_EXP120A_HILICZ_USHXG02065_POS_MS2_135_RtExu-E-EcoFAB-Brachy-Axenic_7__373.raw,20240225_EB_VN_106100-001_RingTrial2_20230627_EXP120A_HILICZ_USHXG02065_POS_MS2_135_RtExu-E-EcoFAB-Brachy-Axenic_7__373.raw
ftp://massive-ftp.ucsd.edu/v08/MSV000095476/raw/20240225_EB_VN_106100-001_RingTrial2_20230627_EXP120A_HILICZ_USHXG02065_POS_MS2_136_RtExu-E-EcoFAB-Brachy-SynCom16_1__013.raw,20240225_EB_VN_106100-001_RingTrial2_20230627_EXP120A_HILICZ_USHXG02065_POS_MS2_136_RtExu-E-EcoFAB-Brachy-SynCom16_1__013.raw
ftp://massive-ftp.ucsd.edu/v08/MSV000095476/raw/20240225_EB_VN_106100-001_RingTrial2_20230627_EXP120A_HILICZ_USHXG02065_POS_MS2_137_RtExu-E-EcoFAB-Brachy-SynCom16_2__093.raw,20240225_EB_VN_106100-001_RingTrial2_20230627_EXP120A_HILICZ_USHXG02065_POS_MS2_137_RtExu-E-EcoFAB-Brachy-SynCom16_2__093.raw
ftp://massive-ftp.ucsd.edu/v08/MSV000095476/raw/20240225_EB_VN_106100-001_RingTrial2_20230627_EXP120A_HILICZ_USHXG02065_POS_MS2_138_RtExu-E-EcoFAB-Brachy-SynCom16_3_Reinj_452.raw,20240225_EB_VN_106100-001_RingTrial2_20230627_EXP120A_HILICZ_USHXG02065_POS_MS2_138_RtExu-E-EcoFAB-Brachy-SynCom16_3_Reinj_452.raw
ftp://massive-ftp.ucsd.edu/v08/MSV000095476/raw/20240225_EB_VN_106100-001_RingTrial2_20230627_EXP120A_HILICZ_USHXG02065_POS_MS2_139_RtExu-E-EcoFAB-Brachy-SynCom16_4_Reinj_421.raw,20240225_EB_VN_106100-001_RingTrial2_20230627_EXP120A_HILICZ_USHXG02065_POS_MS2_139_RtExu-E-EcoFAB-Brachy-SynCom16_4_Reinj_421.raw
ftp://massive-ftp.ucsd.edu/v08/MSV000095476/raw/20240225_EB_VN_106100-001_RingTrial2_20230627_EXP120A_HILICZ_USHXG02065_POS_MS2_13_RtExu-A-EcoFAB-Brachy-SynCom16_6__328.raw,20240225_EB_VN_106100-001_RingTrial2_20230627_EXP120A_HILICZ_USHXG02065_POS_MS2_13_RtExu-A-EcoFAB-Brachy-SynCom16_6__328.raw
ftp://massive-ftp.ucsd.edu/v08/MSV000095476/raw/20240225_EB_VN_106100-001_RingTrial2_20230627_EXP120A_HILICZ_USHXG02065_POS_MS2_140_RtExu-E-EcoFAB-Brachy-SynCom16_5__264.raw,20240225_EB_VN_106100-001_RingTrial2_20230627_EXP120A_HILICZ_USHXG02065_POS_MS2_140_RtExu-E-EcoFAB-Brachy-SynCom16_5__264.raw
ftp://massive-ftp.ucsd.edu/v08/MSV000095476/raw/20240225_EB_VN_106100-001_RingTrial2_20230627_EXP120A_HILICZ_USHXG02065_POS_MS2_141_RtExu-E-EcoFAB-Brachy-SynCom16_6_Reinj2_574.raw,20240225_EB_VN_106100-001_RingTrial2_20230627_EXP120A_HILICZ_USHXG02065_POS_MS2_141_RtExu-E-EcoFAB-Brachy-SynCom16_6_Reinj2_574.raw
ftp://massive-ftp.ucsd.edu/v08/MSV000095476/raw/20240225_EB_VN_106100-001_RingTrial2_20230627_EXP120A_HILICZ_USHXG02065_POS_MS2_142_RtExu-E-EcoFAB-Brachy-SynCom16_7__359.raw,20240225_EB_VN_106100-001_RingTrial2_20230627_EXP120A_HILICZ_USHXG02065_POS_MS2_142_RtExu-E-EcoFAB-Brachy-SynCom16_7__359.raw
ftp://massive-ftp.ucsd.edu/v08/MSV000095476/raw/20240225_EB_VN_106100-001_RingTrial2_20230627_EXP120A_HILICZ_USHXG02065_POS_MS2_143_RtExu-E-EcoFAB-Brachy-SynCom17_1_Reinj2_595.raw,20240225_EB_VN_106100-001_RingTrial2_20230627_EXP120A_HILICZ_USHXG02065_POS_MS2_143_RtExu-E-EcoFAB-Brachy-SynCom17_1_Reinj2_595.raw
ftp://massive-ftp.ucsd.edu/v08/MSV000095476/raw/20240225_EB_VN_106100-001_RingTrial2_20230627_EXP120A_HILICZ_USHXG02065_POS_MS2_144_RtExu-E-EcoFAB-Brachy-SynCom17_2__097.raw,20240225_EB_VN_106100-001_RingTrial2_20230627_EXP120A_HILICZ_USHXG02065_POS_MS2_144_RtExu-E-EcoFAB-Brachy-SynCom17_2__097.raw
ftp://massive-ftp.ucsd.edu/v08/MSV000095476/raw/20240225_EB_VN_106100-001_RingTrial2_20230627_EXP120A_HILICZ_USHXG02065_POS_MS2_145_RtExu-E-EcoFAB-Brachy-SynCom17_3__112.raw,20240225_EB_VN_106100-001_RingTrial2_20230627_EXP120A_HILICZ_USHXG02065_POS_MS2_145_RtExu-E-EcoFAB-Brachy-SynCom17_3__112.raw
ftp://massive-ftp.ucsd.edu/v08/MSV000095476/raw/20240225_EB_VN_106100-001_RingTrial2_20230627_EXP120A_HILICZ_USHXG02065_POS_MS2_146_RtExu-E-EcoFAB-Brachy-SynCom17_4__183.raw,20240225_EB_VN_106100-001_RingTrial2_20230627_EXP120A_HILICZ_USHXG02065_POS_MS2_146_RtExu-E-EcoFAB-Brachy-SynCom17_4__183.raw
ftp://massive-ftp.ucsd.edu/v08/MSV000095476/raw/20240225_EB_VN_106100-001_RingTrial2_20230627_EXP120A_HILICZ_USHXG02065_POS_MS2_147_RtExu-E-EcoFAB-Brachy-SynCom17_5__287.raw,20240225_EB_VN_106100-001_RingTrial2_20230627_EXP120A_HILICZ_USHXG02065_POS_MS2_147_RtExu-E-EcoFAB-Brachy-SynCom17_5__287.raw
ftp://massive-ftp.ucsd.edu/v08/MSV000095476/raw/20240225_EB_VN_106100-001_RingTrial2_20230627_EXP120A_HILICZ_USHXG02065_POS_MS2_148_RtExu-E-EcoFAB-Brachy-SynCom17_6__316.raw,20240225_EB_VN_106100-001_RingTrial2_20230627_EXP120A_HILICZ_USHXG02065_POS_MS2_148_RtExu-E-EcoFAB-Brachy-SynCom17_6__316.raw
ftp://massive-ftp.ucsd.edu/v08/MSV000095476/raw/20240225_EB_VN_106100-001_RingTrial2_20230627_EXP120A_HILICZ_USHXG02065_POS_MS2_149_RtExu-E-EcoFAB-Brachy-SynCom17_7__361.raw,20240225_EB_VN_106100-001_RingTrial2_20230627_EXP120A_HILICZ_USHXG02065_POS_MS2_149_RtExu-E-EcoFAB-Brachy-SynCom17_7__361.raw
ftp://massive-ftp.ucsd.edu/v08/MSV000095476/raw/20240225_EB_VN_106100-001_RingTrial2_20230627_EXP120A_HILICZ_USHXG02065_POS_MS2_14_RtExu-A-EcoFAB-Brachy-SynCom16_7__340.raw,20240225_EB_VN_106100-001_RingTrial2_20230627_EXP120A_HILICZ_USHXG02065_POS_MS2_14_RtExu-A-EcoFAB-Brachy-SynCom16_7__340.raw
ftp://massive-ftp.ucsd.edu/v08/MSV000095476/raw/20240225_EB_VN_106100-001_RingTrial2_20230627_EXP120A_HILICZ_USHXG02065_POS_MS2_150_TxCtrl-E-EcoFAB-Medium-Sterile_1__015.raw,20240225_EB_VN_106100-001_RingTrial2_20230627_EXP120A_HILICZ_USHXG02065_POS_MS2_150_TxCtrl-E-EcoFAB-Medium-Sterile_1__015.raw
ftp://massive-ftp.ucsd.edu/v08/MSV000095476/raw/20240225_EB_VN_106100-001_RingTrial2_20230627_EXP120A_HILICZ_USHXG02065_POS_MS2_151_TxCtrl-E-EcoFAB-Medium-Sterile_2__079.raw,20240225_EB_VN_106100-001_RingTrial2_20230627_EXP120A_HILICZ_USHXG02065_POS_MS2_151_TxCtrl-E-EcoFAB-Medium-Sterile_2__079.raw
ftp://massive-ftp.ucsd.edu/v08/MSV000095476/raw/20240225_EB_VN_106100-001_RingTrial2_20230627_EXP120A_HILICZ_USHXG02065_POS_MS2_152_TxCtrl-E-EcoFAB-Medium-Sterile_3__124.raw,20240225_EB_VN_106100-001_RingTrial2_20230627_EXP120A_HILICZ_USHXG02065_POS_MS2_152_TxCtrl-E-EcoFAB-Medium-Sterile_3__124.raw
ftp://massive-ftp.ucsd.edu/v08/MSV000095476/raw/20240225_EB_VN_106100-001_RingTrial2_20230627_EXP120A_HILICZ_USHXG02065_POS_MS2_153_TxCtrl-E-EcoFAB-Medium-Sterile_4__157.raw,20240225_EB_VN_106100-001_RingTrial2_20230627_EXP120A_HILICZ_USHXG02065_POS_MS2_153_TxCtrl-E-EcoFAB-Medium-Sterile_4__157.raw
ftp://massive-ftp.ucsd.edu/v08/MSV000095476/raw/20240225_EB_VN_106100-001_RingTrial2_20230627_EXP120A_HILICZ_USHXG02065_POS_MS2_154_TxCtrl-E-EcoFAB-Medium-Sterile_5_Added_249.raw,20240225_EB_VN_106100-001_RingTrial2_20230627_EXP120A_HILICZ_USHXG02065_POS_MS2_154_TxCtrl-E-EcoFAB-Medium-Sterile_5_Added_249.raw
ftp://massive-ftp.ucsd.edu/v08/MSV000095476/raw/20240225_EB_VN_106100-001_RingTrial2_20230627_EXP120A_HILICZ_USHXG02065_POS_MS2_155_TxCtrl-E-EcoFAB-Medium-Sterile_6__303.raw,20240225_EB_VN_106100-001_RingTrial2_20230627_EXP120A_HILICZ_USHXG02065_POS_MS2_155_TxCtrl-E-EcoFAB-Medium-Sterile_6__303.raw
ftp://massive-ftp.ucsd.edu/v08/MSV000095476/raw/20240225_EB_VN_106100-001_RingTrial2_20230627_EXP120A_HILICZ_USHXG02065_POS_MS2_156_TxCtrl-E-EcoFAB-Medium-Sterile_7__369.raw,20240225_EB_VN_106100-001_RingTrial2_20230627_EXP120A_HILICZ_USHXG02065_POS_MS2_156_TxCtrl-E-EcoFAB-Medium-Sterile_7__369.raw
ftp://massive-ftp.ucsd.edu/v08/MSV000095476/raw/20240225_EB_VN_106100-001_RingTrial2_20230627_EXP120A_HILICZ_USHXG02065_POS_MS2_15_RtExu-A-EcoFAB-Brachy-SynCom17_1__025.raw,20240225_EB_VN_106100-001_RingTrial2_20230627_EXP120A_HILICZ_USHXG02065_POS_MS2_15_RtExu-A-EcoFAB-Brachy-SynCom17_1__025.raw
ftp://massive-ftp.ucsd.edu/v08/MSV000095476/raw/20240225_EB_VN_106100-001_RingTrial2_20230627_EXP120A_HILICZ_USHXG02065_POS_MS2_161_ExCtrl-A-Tube-Empty_1__021.raw,20240225_EB_VN_106100-001_RingTrial2_20230627_EXP120A_HILICZ_USHXG02065_POS_MS2_161_ExCtrl-A-Tube-Empty_1__021.raw
ftp://massive-ftp.ucsd.edu/v08/MSV000095476/raw/20240225_EB_VN_106100-001_RingTrial2_20230627_EXP120A_HILICZ_USHXG02065_POS_MS2_162_ExCtrl-A-Tube-Empty_2__101.raw,20240225_EB_VN_106100-001_RingTrial2_20230627_EXP120A_HILICZ_USHXG02065_POS_MS2_162_ExCtrl-A-Tube-Empty_2__101.raw
ftp://massive-ftp.ucsd.edu/v08/MSV000095476/raw/20240225_EB_VN_106100-001_RingTrial2_20230627_EXP120A_HILICZ_USHXG02065_POS_MS2_163_ExCtrl-A-Tube-Empty_3__116.raw,20240225_EB_VN_106100-001_RingTrial2_20230627_EXP120A_HILICZ_USHXG02065_POS_MS2_163_ExCtrl-A-Tube-Empty_3__116.raw
ftp://massive-ftp.ucsd.edu/v08/MSV000095476/raw/20240225_EB_VN_106100-001_RingTrial2_20230627_EXP120A_HILICZ_USHXG02065_POS_MS2_164_ExCtrl-A-Tube-Empty_4__185.raw,20240225_EB_VN_106100-001_RingTrial2_20230627_EXP120A_HILICZ_USHXG02065_POS_MS2_164_ExCtrl-A-Tube-Empty_4__185.raw
ftp://massive-ftp.ucsd.edu/v08/MSV000095476/raw/20240225_EB_VN_106100-001_RingTrial2_20230627_EXP120A_HILICZ_USHXG02065_POS_MS2_165_ExCtrl-A-Tube-Empty_5__281.raw,20240225_EB_VN_106100-001_RingTrial2_20230627_EXP120A_HILICZ_USHXG02065_POS_MS2_165_ExCtrl-A-Tube-Empty_5__281.raw
ftp://massive-ftp.ucsd.edu/v08/MSV000095476/raw/20240225_EB_VN_106100-001_RingTrial2_20230627_EXP120A_HILICZ_USHXG02065_POS_MS2_166_ExCtrl-A-Tube-Empty_6__301.raw,20240225_EB_VN_106100-001_RingTrial2_20230627_EXP120A_HILICZ_USHXG02065_POS_MS2_166_ExCtrl-A-Tube-Empty_6__301.raw
ftp://massive-ftp.ucsd.edu/v08/MSV000095476/raw/20240225_EB_VN_106100-001_RingTrial2_20230627_EXP120A_HILICZ_USHXG02065_POS_MS2_167_ExCtrl-A-Tube-Empty_7__351.raw,20240225_EB_VN_106100-001_RingTrial2_20230627_EXP120A_HILICZ_USHXG02065_POS_MS2_167_ExCtrl-A-Tube-Empty_7__351.raw
ftp://massive-ftp.ucsd.edu/v08/MSV000095476/raw/20240225_EB_VN_106100-001_RingTrial2_20230627_EXP120A_HILICZ_USHXG02065_POS_MS2_168_ExCtrl-B-E-Tube-Empty_1__023.raw,20240225_EB_VN_106100-001_RingTrial2_20230627_EXP120A_HILICZ_USHXG02065_POS_MS2_168_ExCtrl-B-E-Tube-Empty_1__023.raw
ftp://massive-ftp.ucsd.edu/v08/MSV000095476/raw/20240225_EB_VN_106100-001_RingTrial2_20230627_EXP120A_HILICZ_USHXG02065_POS_MS2_169_ExCtrl-B-E-Tube-Empty_2__085.raw,20240225_EB_VN_106100-001_RingTrial2_20230627_EXP120A_HILICZ_USHXG02065_POS_MS2_169_ExCtrl-B-E-Tube-Empty_2__085.raw
ftp://massive-ftp.ucsd.edu/v08/MSV000095476/raw/20240225_EB_VN_106100-001_RingTrial2_20230627_EXP120A_HILICZ_USHXG02065_POS_MS2_16_RtExu-A-EcoFAB-Brachy-SynCom17_2__072.raw,20240225_EB_VN_106100-001_RingTrial2_20230627_EXP120A_HILICZ_USHXG02065_POS_MS2_16_RtExu-A-EcoFAB-Brachy-SynCom17_2__072.raw
ftp://massive-ftp.ucsd.edu/v08/MSV000095476/raw/20240225_EB_VN_106100-001_RingTrial2_20230627_EXP120A_HILICZ_USHXG02065_POS_MS2_170_ExCtrl-B-E-Tube-Empty_3__120.raw,20240225_EB_VN_106100-001_RingTrial2_20230627_EXP120A_HILICZ_USHXG02065_POS_MS2_170_ExCtrl-B-E-Tube-Empty_3__120.raw
ftp://massive-ftp.ucsd.edu/v08/MSV000095476/raw/20240225_EB_VN_106100-001_RingTrial2_20230627_EXP120A_HILICZ_USHXG02065_POS_MS2_171_ExCtrl-B-E-Tube-Empty_4__175.raw,20240225_EB_VN_106100-001_RingTrial2_20230627_EXP120A_HILICZ_USHXG02065_POS_MS2_171_ExCtrl-B-E-Tube-Empty_4__175.raw
ftp://massive-ftp.ucsd.edu/v08/MSV000095476/raw/20240225_EB_VN_106100-001_RingTrial2_20230627_EXP120A_HILICZ_USHXG02065_POS_MS2_172_ExCtrl-B-E-Tube-Empty_5__270.raw,20240225_EB_VN_106100-001_RingTrial2_20230627_EXP120A_HILICZ_USHXG02065_POS_MS2_172_ExCtrl-B-E-Tube-Empty_5__270.raw
ftp://massive-ftp.ucsd.edu/v08/MSV000095476/raw/20240225_EB_VN_106100-001_RingTrial2_20230627_EXP120A_HILICZ_USHXG02065_POS_MS2_173_ExCtrl-B-E-Tube-Empty_6__289.raw,20240225_EB_VN_106100-001_RingTrial2_20230627_EXP120A_HILICZ_USHXG02065_POS_MS2_173_ExCtrl-B-E-Tube-Empty_6__289.raw
ftp://massive-ftp.ucsd.edu/v08/MSV000095476/raw/20240225_EB_VN_106100-001_RingTrial2_20230627_EXP120A_HILICZ_USHXG02065_POS_MS2_174_ExCtrl-B-E-Tube-Empty_7__367.raw,20240225_EB_VN_106100-001_RingTrial2_20230627_EXP120A_HILICZ_USHXG02065_POS_MS2_174_ExCtrl-B-E-Tube-Empty_7__367.raw
ftp://massive-ftp.ucsd.edu/v08/MSV000095476/raw/20240225_EB_VN_106100-001_RingTrial2_20230627_EXP120A_HILICZ_USHXG02065_POS_MS2_17_RtExu-A-EcoFAB-Brachy-SynCom17_3__147.raw,20240225_EB_VN_106100-001_RingTrial2_20230627_EXP120A_HILICZ_USHXG02065_POS_MS2_17_RtExu-A-EcoFAB-Brachy-SynCom17_3__147.raw
ftp://massive-ftp.ucsd.edu/v08/MSV000095476/raw/20240225_EB_VN_106100-001_RingTrial2_20230627_EXP120A_HILICZ_USHXG02065_POS_MS2_18_RtExu-A-EcoFAB-Brachy-SynCom17_4_badinj_181.raw,20240225_EB_VN_106100-001_RingTrial2_20230627_EXP120A_HILICZ_USHXG02065_POS_MS2_18_RtExu-A-EcoFAB-Brachy-SynCom17_4_badinj_181.raw
ftp://massive-ftp.ucsd.edu/v08/MSV000095476/raw/20240225_EB_VN_106100-001_RingTrial2_20230627_EXP120A_HILICZ_USHXG02065_POS_MS2_19_RtExu-A-EcoFAB-Brachy-SynCom17_5__214.raw,20240225_EB_VN_106100-001_RingTrial2_20230627_EXP120A_HILICZ_USHXG02065_POS_MS2_19_RtExu-A-EcoFAB-Brachy-SynCom17_5__214.raw
ftp://massive-ftp.ucsd.edu/v08/MSV000095476/raw/20240225_EB_VN_106100-001_RingTrial2_20230627_EXP120A_HILICZ_USHXG02065_POS_MS2_1_RtExu-A-EcoFAB-Brachy-Axenic_1__052.raw,20240225_EB_VN_106100-001_RingTrial2_20230627_EXP120A_HILICZ_USHXG02065_POS_MS2_1_RtExu-A-EcoFAB-Brachy-Axenic_1__052.raw
ftp://massive-ftp.ucsd.edu/v08/MSV000095476/raw/20240225_EB_VN_106100-001_RingTrial2_20230627_EXP120A_HILICZ_USHXG02065_POS_MS2_20_RtExu-A-EcoFAB-Brachy-SynCom17_6__312.raw,20240225_EB_VN_106100-001_RingTrial2_20230627_EXP120A_HILICZ_USHXG02065_POS_MS2_20_RtExu-A-EcoFAB-Brachy-SynCom17_6__312.raw
ftp://massive-ftp.ucsd.edu/v08/MSV000095476/raw/20240225_EB_VN_106100-001_RingTrial2_20230627_EXP120A_HILICZ_USHXG02065_POS_MS2_21_RtExu-A-EcoFAB-Brachy-SynCom17_7__336.raw,20240225_EB_VN_106100-001_RingTrial2_20230627_EXP120A_HILICZ_USHXG02065_POS_MS2_21_RtExu-A-EcoFAB-Brachy-SynCom17_7__336.raw
ftp://massive-ftp.ucsd.edu/v08/MSV000095476/raw/20240225_EB_VN_106100-001_RingTrial2_20230627_EXP120A_HILICZ_USHXG02065_POS_MS2_22_TxCtrl-A-EcoFAB-Medium-Sterile_1__048.raw,20240225_EB_VN_106100-001_RingTrial2_20230627_EXP120A_HILICZ_USHXG02065_POS_MS2_22_TxCtrl-A-EcoFAB-Medium-Sterile_1__048.raw
ftp://massive-ftp.ucsd.edu/v08/MSV000095476/raw/20240225_EB_VN_106100-001_RingTrial2_20230627_EXP120A_HILICZ_USHXG02065_POS_MS2_23_TxCtrl-A-EcoFAB-Medium-Sterile_2__068.raw,20240225_EB_VN_106100-001_RingTrial2_20230627_EXP120A_HILICZ_USHXG02065_POS_MS2_23_TxCtrl-A-EcoFAB-Medium-Sterile_2__068.raw
ftp://massive-ftp.ucsd.edu/v08/MSV000095476/raw/20240225_EB_VN_106100-001_RingTrial2_20230627_EXP120A_HILICZ_USHXG02065_POS_MS2_24_TxCtrl-A-EcoFAB-Medium-Sterile_3__114.raw,20240225_EB_VN_106100-001_RingTrial2_20230627_EXP120A_HILICZ_USHXG02065_POS_MS2_24_TxCtrl-A-EcoFAB-Medium-Sterile_3__114.raw
ftp://massive-ftp.ucsd.edu/v08/MSV000095476/raw/20240225_EB_VN_106100-001_RingTrial2_20230627_EXP120A_HILICZ_USHXG02065_POS_MS2_25_TxCtrl-A-EcoFAB-Medium-Sterile_4__191.raw,20240225_EB_VN_106100-001_RingTrial2_20230627_EXP120A_HILICZ_USHXG02065_POS_MS2_25_TxCtrl-A-EcoFAB-Medium-Sterile_4__191.raw
ftp://massive-ftp.ucsd.edu/v08/MSV000095476/raw/20240225_EB_VN_106100-001_RingTrial2_20230627_EXP120A_HILICZ_USHXG02065_POS_MS2_26_TxCtrl-A-EcoFAB-Medium-Sterile_5__279.raw,20240225_EB_VN_106100-001_RingTrial2_20230627_EXP120A_HILICZ_USHXG02065_POS_MS2_26_TxCtrl-A-EcoFAB-Medium-Sterile_5__279.raw
ftp://massive-ftp.ucsd.edu/v08/MSV000095476/raw/20240225_EB_VN_106100-001_RingTrial2_20230627_EXP120A_HILICZ_USHXG02065_POS_MS2_27_TxCtrl-A-EcoFAB-Medium-Sterile_6__293.raw,20240225_EB_VN_106100-001_RingTrial2_20230627_EXP120A_HILICZ_USHXG02065_POS_MS2_27_TxCtrl-A-EcoFAB-Medium-Sterile_6__293.raw
ftp://massive-ftp.ucsd.edu/v08/MSV000095476/raw/20240225_EB_VN_106100-001_RingTrial2_20230627_EXP120A_HILICZ_USHXG02065_POS_MS2_28_TxCtrl-A-EcoFAB-Medium-Sterile_7__347.raw,20240225_EB_VN_106100-001_RingTrial2_20230627_EXP120A_HILICZ_USHXG02065_POS_MS2_28_TxCtrl-A-EcoFAB-Medium-Sterile_7__347.raw
ftp://massive-ftp.ucsd.edu/v08/MSV000095476/raw/20240225_EB_VN_106100-001_RingTrial2_20230627_EXP120A_HILICZ_USHXG02065_POS_MS2_2_RtExu-A-EcoFAB-Brachy-Axenic_2__070.raw,20240225_EB_VN_106100-001_RingTrial2_20230627_EXP120A_HILICZ_USHXG02065_POS_MS2_2_RtExu-A-EcoFAB-Brachy-Axenic_2__070.raw
ftp://massive-ftp.ucsd.edu/v08/MSV000095476/raw/20240225_EB_VN_106100-001_RingTrial2_20230627_EXP120A_HILICZ_USHXG02065_POS_MS2_33_RtExu-B-EcoFAB-Brachy-Axenic_1__050.raw,20240225_EB_VN_106100-001_RingTrial2_20230627_EXP120A_HILICZ_USHXG02065_POS_MS2_33_RtExu-B-EcoFAB-Brachy-Axenic_1__050.raw
ftp://massive-ftp.ucsd.edu/v08/MSV000095476/raw/20240225_EB_VN_106100-001_RingTrial2_20230627_EXP120A_HILICZ_USHXG02065_POS_MS2_34_RtExu-B-EcoFAB-Brachy-Axenic_2__103.raw,20240225_EB_VN_106100-001_RingTrial2_20230627_EXP120A_HILICZ_USHXG02065_POS_MS2_34_RtExu-B-EcoFAB-Brachy-Axenic_2__103.raw
ftp://massive-ftp.ucsd.edu/v08/MSV000095476/raw/20240225_EB_VN_106100-001_RingTrial2_20230627_EXP120A_HILICZ_USHXG02065_POS_MS2_35_RtExu-B-EcoFAB-Brachy-Axenic_3__105.raw,20240225_EB_VN_106100-001_RingTrial2_20230627_EXP120A_HILICZ_USHXG02065_POS_MS2_35_RtExu-B-EcoFAB-Brachy-Axenic_3__105.raw
ftp://massive-ftp.ucsd.edu/v08/MSV000095476/raw/20240225_EB_VN_106100-001_RingTrial2_20230627_EXP120A_HILICZ_USHXG02065_POS_MS2_36_RtExu-B-EcoFAB-Brachy-Axenic_4_badinj_169.raw,20240225_EB_VN_106100-001_RingTrial2_20230627_EXP120A_HILICZ_USHXG02065_POS_MS2_36_RtExu-B-EcoFAB-Brachy-Axenic_4_badinj_169.raw
ftp://massive-ftp.ucsd.edu/v08/MSV000095476/raw/20240225_EB_VN_106100-001_RingTrial2_20230627_EXP120A_HILICZ_USHXG02065_POS_MS2_37_RtExu-B-EcoFAB-Brachy-Axenic_5__216.raw,20240225_EB_VN_106100-001_RingTrial2_20230627_EXP120A_HILICZ_USHXG02065_POS_MS2_37_RtExu-B-EcoFAB-Brachy-Axenic_5__216.raw
ftp://massive-ftp.ucsd.edu/v08/MSV000095476/raw/20240225_EB_VN_106100-001_RingTrial2_20230627_EXP120A_HILICZ_USHXG02065_POS_MS2_38_RtExu-B-EcoFAB-Brachy-Axenic_6__322.raw,20240225_EB_VN_106100-001_RingTrial2_20230627_EXP120A_HILICZ_USHXG02065_POS_MS2_38_RtExu-B-EcoFAB-Brachy-Axenic_6__322.raw
ftp://massive-ftp.ucsd.edu/v08/MSV000095476/raw/20240225_EB_VN_106100-001_RingTrial2_20230627_EXP120A_HILICZ_USHXG02065_POS_MS2_39_RtExu-B-EcoFAB-Brachy-Axenic_7__380.raw,20240225_EB_VN_106100-001_RingTrial2_20230627_EXP120A_HILICZ_USHXG02065_POS_MS2_39_RtExu-B-EcoFAB-Brachy-Axenic_7__380.raw
ftp://massive-ftp.ucsd.edu/v08/MSV000095476/raw/20240225_EB_VN_106100-001_RingTrial2_20230627_EXP120A_HILICZ_USHXG02065_POS_MS2_3_RtExu-A-EcoFAB-Brachy-Axenic_3__118.raw,20240225_EB_VN_106100-001_RingTrial2_20230627_EXP120A_HILICZ_USHXG02065_POS_MS2_3_RtExu-A-EcoFAB-Brachy-Axenic_3__118.raw
ftp://massive-ftp.ucsd.edu/v08/MSV000095476/raw/20240225_EB_VN_106100-001_RingTrial2_20230627_EXP120A_HILICZ_USHXG02065_POS_MS2_40_RtExu-B-EcoFAB-Brachy-SynCom16_1__027.raw,20240225_EB_VN_106100-001_RingTrial2_20230627_EXP120A_HILICZ_USHXG02065_POS_MS2_40_RtExu-B-EcoFAB-Brachy-SynCom16_1__027.raw
ftp://massive-ftp.ucsd.edu/v08/MSV000095476/raw/20240225_EB_VN_106100-001_RingTrial2_20230627_EXP120A_HILICZ_USHXG02065_POS_MS2_41_RtExu-B-EcoFAB-Brachy-SynCom16_2_Reinj_500.raw,20240225_EB_VN_106100-001_RingTrial2_20230627_EXP120A_HILICZ_USHXG02065_POS_MS2_41_RtExu-B-EcoFAB-Brachy-SynCom16_2_Reinj_500.raw
ftp://massive-ftp.ucsd.edu/v08/MSV000095476/raw/20240225_EB_VN_106100-001_RingTrial2_20230627_EXP120A_HILICZ_USHXG02065_POS_MS2_42_RtExu-B-EcoFAB-Brachy-SynCom16_3__132.raw,20240225_EB_VN_106100-001_RingTrial2_20230627_EXP120A_HILICZ_USHXG02065_POS_MS2_42_RtExu-B-EcoFAB-Brachy-SynCom16_3__132.raw
ftp://massive-ftp.ucsd.edu/v08/MSV000095476/raw/20240225_EB_VN_106100-001_RingTrial2_20230627_EXP120A_HILICZ_USHXG02065_POS_MS2_43_RtExu-B-EcoFAB-Brachy-SynCom16_4_Reinj_448.raw,20240225_EB_VN_106100-001_RingTrial2_20230627_EXP120A_HILICZ_USHXG02065_POS_MS2_43_RtExu-B-EcoFAB-Brachy-SynCom16_4_Reinj_448.raw
ftp://massive-ftp.ucsd.edu/v08/MSV000095476/raw/20240225_EB_VN_106100-001_RingTrial2_20230627_EXP120A_HILICZ_USHXG02065_POS_MS2_44_RtExu-B-EcoFAB-Brachy-SynCom16_5__258.raw,20240225_EB_VN_106100-001_RingTrial2_20230627_EXP120A_HILICZ_USHXG02065_POS_MS2_44_RtExu-B-EcoFAB-Brachy-SynCom16_5__258.raw
ftp://massive-ftp.ucsd.edu/v08/MSV000095476/raw/20240225_EB_VN_106100-001_RingTrial2_20230627_EXP120A_HILICZ_USHXG02065_POS_MS2_45_RtExu-B-EcoFAB-Brachy-SynCom16_6_Reinj2_570.raw,20240225_EB_VN_106100-001_RingTrial2_20230627_EXP120A_HILICZ_USHXG02065_POS_MS2_45_RtExu-B-EcoFAB-Brachy-SynCom16_6_Reinj2_570.raw
ftp://massive-ftp.ucsd.edu/v08/MSV000095476/raw/20240225_EB_VN_106100-001_RingTrial2_20230627_EXP120A_HILICZ_USHXG02065_POS_MS2_46_RtExu-B-EcoFAB-Brachy-SynCom16_7__355.raw,20240225_EB_VN_106100-001_RingTrial2_20230627_EXP120A_HILICZ_USHXG02065_POS_MS2_46_RtExu-B-EcoFAB-Brachy-SynCom16_7__355.raw
ftp://massive-ftp.ucsd.edu/v08/MSV000095476/raw/20240225_EB_VN_106100-001_RingTrial2_20230627_EXP120A_HILICZ_USHXG02065_POS_MS2_47_RtExu-B-EcoFAB-Brachy-SynCom17_1__031.raw,20240225_EB_VN_106100-001_RingTrial2_20230627_EXP120A_HILICZ_USHXG02065_POS_MS2_47_RtExu-B-EcoFAB-Brachy-SynCom17_1__031.raw
ftp://massive-ftp.ucsd.edu/v08/MSV000095476/raw/20240225_EB_VN_106100-001_RingTrial2_20230627_EXP120A_HILICZ_USHXG02065_POS_MS2_48_RtExu-B-EcoFAB-Brachy-SynCom17_2_Reinj_440.raw,20240225_EB_VN_106100-001_RingTrial2_20230627_EXP120A_HILICZ_USHXG02065_POS_MS2_48_RtExu-B-EcoFAB-Brachy-SynCom17_2_Reinj_440.raw
ftp://massive-ftp.ucsd.edu/v08/MSV000095476/raw/20240225_EB_VN_106100-001_RingTrial2_20230627_EXP120A_HILICZ_USHXG02065_POS_MS2_49_RtExu-B-EcoFAB-Brachy-SynCom17_3_Reinj_465.raw,20240225_EB_VN_106100-001_RingTrial2_20230627_EXP120A_HILICZ_USHXG02065_POS_MS2_49_RtExu-B-EcoFAB-Brachy-SynCom17_3_Reinj_465.raw
ftp://massive-ftp.ucsd.edu/v08/MSV000095476/raw/20240225_EB_VN_106100-001_RingTrial2_20230627_EXP120A_HILICZ_USHXG02065_POS_MS2_4_RtExu-A-EcoFAB-Brachy-Axenic_4_Reinj_436.raw,20240225_EB_VN_106100-001_RingTrial2_20230627_EXP120A_HILICZ_USHXG02065_POS_MS2_4_RtExu-A-EcoFAB-Brachy-Axenic_4_Reinj_436.raw
ftp://massive-ftp.ucsd.edu/v08/MSV000095476/raw/20240225_EB_VN_106100-001_RingTrial2_20230627_EXP120A_HILICZ_USHXG02065_POS_MS2_50_RtExu-B-EcoFAB-Brachy-SynCom17_4__167.raw,20240225_EB_VN_106100-001_RingTrial2_20230627_EXP120A_HILICZ_USHXG02065_POS_MS2_50_RtExu-B-EcoFAB-Brachy-SynCom17_4__167.raw
ftp://massive-ftp.ucsd.edu/v08/MSV000095476/raw/20240225_EB_VN_106100-001_RingTrial2_20230627_EXP120A_HILICZ_USHXG02065_POS_MS2_51_RtExu-B-EcoFAB-Brachy-SynCom17_5__268.raw,20240225_EB_VN_106100-001_RingTrial2_20230627_EXP120A_HILICZ_USHXG02065_POS_MS2_51_RtExu-B-EcoFAB-Brachy-SynCom17_5__268.raw
ftp://massive-ftp.ucsd.edu/v08/MSV000095476/raw/20240225_EB_VN_106100-001_RingTrial2_20230627_EXP120A_HILICZ_USHXG02065_POS_MS2_52_RtExu-B-EcoFAB-Brachy-SynCom17_6__307.raw,20240225_EB_VN_106100-001_RingTrial2_20230627_EXP120A_HILICZ_USHXG02065_POS_MS2_52_RtExu-B-EcoFAB-Brachy-SynCom17_6__307.raw
ftp://massive-ftp.ucsd.edu/v08/MSV000095476/raw/20240225_EB_VN_106100-001_RingTrial2_20230627_EXP120A_HILICZ_USHXG02065_POS_MS2_53_RtExu-B-EcoFAB-Brachy-SynCom17_7__382.raw,20240225_EB_VN_106100-001_RingTrial2_20230627_EXP120A_HILICZ_USHXG02065_POS_MS2_53_RtExu-B-EcoFAB-Brachy-SynCom17_7__382.raw
ftp://massive-ftp.ucsd.edu/v08/MSV000095476/raw/20240225_EB_VN_106100-001_RingTrial2_20230627_EXP120A_HILICZ_USHXG02065_POS_MS2_54_TxCtrl-B-EcoFAB-Medium-Sterile_1__033.raw,20240225_EB_VN_106100-001_RingTrial2_20230627_EXP120A_HILICZ_USHXG02065_POS_MS2_54_TxCtrl-B-EcoFAB-Medium-Sterile_1__033.raw
ftp://massive-ftp.ucsd.edu/v08/MSV000095476/raw/20240225_EB_VN_106100-001_RingTrial2_20230627_EXP120A_HILICZ_USHXG02065_POS_MS2_55_TxCtrl-B-EcoFAB-Medium-Sterile_2__087.raw,20240225_EB_VN_106100-001_RingTrial2_20230627_EXP120A_HILICZ_USHXG02065_POS_MS2_55_TxCtrl-B-EcoFAB-Medium-Sterile_2__087.raw
ftp://massive-ftp.ucsd.edu/v08/MSV000095476/raw/20240225_EB_VN_106100-001_RingTrial2_20230627_EXP120A_HILICZ_USHXG02065_POS_MS2_56_TxCtrl-B-EcoFAB-Medium-Sterile_3__138.raw,20240225_EB_VN_106100-001_RingTrial2_20230627_EXP120A_HILICZ_USHXG02065_POS_MS2_56_TxCtrl-B-EcoFAB-Medium-Sterile_3__138.raw
ftp://massive-ftp.ucsd.edu/v08/MSV000095476/raw/20240225_EB_VN_106100-001_RingTrial2_20230627_EXP120A_HILICZ_USHXG02065_POS_MS2_57_TxCtrl-B-EcoFAB-Medium-Sterile_4__179.raw,20240225_EB_VN_106100-001_RingTrial2_20230627_EXP120A_HILICZ_USHXG02065_POS_MS2_57_TxCtrl-B-EcoFAB-Medium-Sterile_4__179.raw
ftp://massive-ftp.ucsd.edu/v08/MSV000095476/raw/20240225_EB_VN_106100-001_RingTrial2_20230627_EXP120A_HILICZ_USHXG02065_POS_MS2_58_TxCtrl-B-EcoFAB-Medium-Sterile_5__256.raw,20240225_EB_VN_106100-001_RingTrial2_20230627_EXP120A_HILICZ_USHXG02065_POS_MS2_58_TxCtrl-B-EcoFAB-Medium-Sterile_5__256.raw
ftp://massive-ftp.ucsd.edu/v08/MSV000095476/raw/20240225_EB_VN_106100-001_RingTrial2_20230627_EXP120A_HILICZ_USHXG02065_POS_MS2_59_TxCtrl-B-EcoFAB-Medium-Sterile_6__299.raw,20240225_EB_VN_106100-001_RingTrial2_20230627_EXP120A_HILICZ_USHXG02065_POS_MS2_59_TxCtrl-B-EcoFAB-Medium-Sterile_6__299.raw
ftp://massive-ftp.ucsd.edu/v08/MSV000095476/raw/20240225_EB_VN_106100-001_RingTrial2_20230627_EXP120A_HILICZ_USHXG02065_POS_MS2_5_RtExu-A-EcoFAB-Brachy-Axenic_5__212.raw,20240225_EB_VN_106100-001_RingTrial2_20230627_EXP120A_HILICZ_USHXG02065_POS_MS2_5_RtExu-A-EcoFAB-Brachy-Axenic_5__212.raw
ftp://massive-ftp.ucsd.edu/v08/MSV000095476/raw/20240225_EB_VN_106100-001_RingTrial2_20230627_EXP120A_HILICZ_USHXG02065_POS_MS2_60_TxCtrl-B-EcoFAB-Medium-Sterile_7__371.raw,20240225_EB_VN_106100-001_RingTrial2_20230627_EXP120A_HILICZ_USHXG02065_POS_MS2_60_TxCtrl-B-EcoFAB-Medium-Sterile_7__371.raw
ftp://massive-ftp.ucsd.edu/v08/MSV000095476/raw/20240225_EB_VN_106100-001_RingTrial2_20230627_EXP120A_HILICZ_USHXG02065_POS_MS2_65_RtExu-C-EcoFAB-Brachy-Axenic_1__011.raw,20240225_EB_VN_106100-001_RingTrial2_20230627_EXP120A_HILICZ_USHXG02065_POS_MS2_65_RtExu-C-EcoFAB-Brachy-Axenic_1__011.raw
ftp://massive-ftp.ucsd.edu/v08/MSV000095476/raw/20240225_EB_VN_106100-001_RingTrial2_20230627_EXP120A_HILICZ_USHXG02065_POS_MS2_66_RtExu-C-EcoFAB-Brachy-Axenic_2__081.raw,20240225_EB_VN_106100-001_RingTrial2_20230627_EXP120A_HILICZ_USHXG02065_POS_MS2_66_RtExu-C-EcoFAB-Brachy-Axenic_2__081.raw
ftp://massive-ftp.ucsd.edu/v08/MSV000095476/raw/20240225_EB_VN_106100-001_RingTrial2_20230627_EXP120A_HILICZ_USHXG02065_POS_MS2_67_RtExu-C-EcoFAB-Brachy-Axenic_3__149.raw,20240225_EB_VN_106100-001_RingTrial2_20230627_EXP120A_HILICZ_USHXG02065_POS_MS2_67_RtExu-C-EcoFAB-Brachy-Axenic_3__149.raw
ftp://massive-ftp.ucsd.edu/v08/MSV000095476/raw/20240225_EB_VN_106100-001_RingTrial2_20230627_EXP120A_HILICZ_USHXG02065_POS_MS2_68_RtExu-C-EcoFAB-Brachy-Axenic_4__195.raw,20240225_EB_VN_106100-001_RingTrial2_20230627_EXP120A_HILICZ_USHXG02065_POS_MS2_68_RtExu-C-EcoFAB-Brachy-Axenic_4__195.raw
ftp://massive-ftp.ucsd.edu/v08/MSV000095476/raw/20240225_EB_VN_106100-001_RingTrial2_20230627_EXP120A_HILICZ_USHXG02065_POS_MS2_69_RtExu-C-EcoFAB-Brachy-Axenic_5__274.raw,20240225_EB_VN_106100-001_RingTrial2_20230627_EXP120A_HILICZ_USHXG02065_POS_MS2_69_RtExu-C-EcoFAB-Brachy-Axenic_5__274.raw
ftp://massive-ftp.ucsd.edu/v08/MSV000095476/raw/20240225_EB_VN_106100-001_RingTrial2_20230627_EXP120A_HILICZ_USHXG02065_POS_MS2_6_RtExu-A-EcoFAB-Brachy-Axenic_6__318.raw,20240225_EB_VN_106100-001_RingTrial2_20230627_EXP120A_HILICZ_USHXG02065_POS_MS2_6_RtExu-A-EcoFAB-Brachy-Axenic_6__318.raw
ftp://massive-ftp.ucsd.edu/v08/MSV000095476/raw/20240225_EB_VN_106100-001_RingTrial2_20230627_EXP120A_HILICZ_USHXG02065_POS_MS2_70_RtExu-C-EcoFAB-Brachy-Axenic_6__297.raw,20240225_EB_VN_106100-001_RingTrial2_20230627_EXP120A_HILICZ_USHXG02065_POS_MS2_70_RtExu-C-EcoFAB-Brachy-Axenic_6__297.raw
ftp://massive-ftp.ucsd.edu/v08/MSV000095476/raw/20240225_EB_VN_106100-001_RingTrial2_20230627_EXP120A_HILICZ_USHXG02065_POS_MS2_71_RtExu-C-EcoFAB-Brachy-Axenic_7__365.raw,20240225_EB_VN_106100-001_RingTrial2_20230627_EXP120A_HILICZ_USHXG02065_POS_MS2_71_RtExu-C-EcoFAB-Brachy-Axenic_7__365.raw
ftp://massive-ftp.ucsd.edu/v08/MSV000095476/raw/20240225_EB_VN_106100-001_RingTrial2_20230627_EXP120A_HILICZ_USHXG02065_POS_MS2_72_RtExu-C-EcoFAB-Brachy-SynCom16_1__029.raw,20240225_EB_VN_106100-001_RingTrial2_20230627_EXP120A_HILICZ_USHXG02065_POS_MS2_72_RtExu-C-EcoFAB-Brachy-SynCom16_1__029.raw
ftp://massive-ftp.ucsd.edu/v08/MSV000095476/raw/20240225_EB_VN_106100-001_RingTrial2_20230627_EXP120A_HILICZ_USHXG02065_POS_MS2_73_RtExu-C-EcoFAB-Brachy-SynCom16_2__064.raw,20240225_EB_VN_106100-001_RingTrial2_20230627_EXP120A_HILICZ_USHXG02065_POS_MS2_73_RtExu-C-EcoFAB-Brachy-SynCom16_2__064.raw
ftp://massive-ftp.ucsd.edu/v08/MSV000095476/raw/20240225_EB_VN_106100-001_RingTrial2_20230627_EXP120A_HILICZ_USHXG02065_POS_MS2_74_RtExu-C-EcoFAB-Brachy-SynCom16_3__122.raw,20240225_EB_VN_106100-001_RingTrial2_20230627_EXP120A_HILICZ_USHXG02065_POS_MS2_74_RtExu-C-EcoFAB-Brachy-SynCom16_3__122.raw
ftp://massive-ftp.ucsd.edu/v08/MSV000095476/raw/20240225_EB_VN_106100-001_RingTrial2_20230627_EXP120A_HILICZ_USHXG02065_POS_MS2_75_RtExu-C-EcoFAB-Brachy-SynCom16_4_Reinj_399.raw,20240225_EB_VN_106100-001_RingTrial2_20230627_EXP120A_HILICZ_USHXG02065_POS_MS2_75_RtExu-C-EcoFAB-Brachy-SynCom16_4_Reinj_399.raw
ftp://massive-ftp.ucsd.edu/v08/MSV000095476/raw/20240225_EB_VN_106100-001_RingTrial2_20230627_EXP120A_HILICZ_USHXG02065_POS_MS2_76_RtExu-C-EcoFAB-Brachy-SynCom16_5__285.raw,20240225_EB_VN_106100-001_RingTrial2_20230627_EXP120A_HILICZ_USHXG02065_POS_MS2_76_RtExu-C-EcoFAB-Brachy-SynCom16_5__285.raw
ftp://massive-ftp.ucsd.edu/v08/MSV000095476/raw/20240225_EB_VN_106100-001_RingTrial2_20230627_EXP120A_HILICZ_USHXG02065_POS_MS2_77_RtExu-C-EcoFAB-Brachy-SynCom16_6__326.raw,20240225_EB_VN_106100-001_RingTrial2_20230627_EXP120A_HILICZ_USHXG02065_POS_MS2_77_RtExu-C-EcoFAB-Brachy-SynCom16_6__326.raw
ftp://massive-ftp.ucsd.edu/v08/MSV000095476/raw/20240225_EB_VN_106100-001_RingTrial2_20230627_EXP120A_HILICZ_USHXG02065_POS_MS2_78_RtExu-C-EcoFAB-Brachy-SynCom16_7__353.raw,20240225_EB_VN_106100-001_RingTrial2_20230627_EXP120A_HILICZ_USHXG02065_POS_MS2_78_RtExu-C-EcoFAB-Brachy-SynCom16_7__353.raw
ftp://massive-ftp.ucsd.edu/v08/MSV000095476/raw/20240225_EB_VN_106100-001_RingTrial2_20230627_EXP120A_HILICZ_USHXG02065_POS_MS2_79_RtExu-C-EcoFAB-Brachy-SynCom17_1__054.raw,20240225_EB_VN_106100-001_RingTrial2_20230627_EXP120A_HILICZ_USHXG02065_POS_MS2_79_RtExu-C-EcoFAB-Brachy-SynCom17_1__054.raw
ftp://massive-ftp.ucsd.edu/v08/MSV000095476/raw/20240225_EB_VN_106100-001_RingTrial2_20230627_EXP120A_HILICZ_USHXG02065_POS_MS2_7_RtExu-A-EcoFAB-Brachy-Axenic_7__384.raw,20240225_EB_VN_106100-001_RingTrial2_20230627_EXP120A_HILICZ_USHXG02065_POS_MS2_7_RtExu-A-EcoFAB-Brachy-Axenic_7__384.raw
ftp://massive-ftp.ucsd.edu/v08/MSV000095476/raw/20240225_EB_VN_106100-001_RingTrial2_20230627_EXP120A_HILICZ_USHXG02065_POS_MS2_80_RtExu-C-EcoFAB-Brachy-SynCom17_2__095.raw,20240225_EB_VN_106100-001_RingTrial2_20230627_EXP120A_HILICZ_USHXG02065_POS_MS2_80_RtExu-C-EcoFAB-Brachy-SynCom17_2__095.raw
ftp://massive-ftp.ucsd.edu/v08/MSV000095476/raw/20240225_EB_VN_106100-001_RingTrial2_20230627_EXP120A_HILICZ_USHXG02065_POS_MS2_81_RtExu-C-EcoFAB-Brachy-SynCom17_3__130.raw,20240225_EB_VN_106100-001_RingTrial2_20230627_EXP120A_HILICZ_USHXG02065_POS_MS2_81_RtExu-C-EcoFAB-Brachy-SynCom17_3__130.raw
ftp://massive-ftp.ucsd.edu/v08/MSV000095476/raw/20240225_EB_VN_106100-001_RingTrial2_20230627_EXP120A_HILICZ_USHXG02065_POS_MS2_82_RtExu-C-EcoFAB-Brachy-SynCom17_4_Reinj_423.raw,20240225_EB_VN_106100-001_RingTrial2_20230627_EXP120A_HILICZ_USHXG02065_POS_MS2_82_RtExu-C-EcoFAB-Brachy-SynCom17_4_Reinj_423.raw
ftp://massive-ftp.ucsd.edu/v08/MSV000095476/raw/20240225_EB_VN_106100-001_RingTrial2_20230627_EXP120A_HILICZ_USHXG02065_POS_MS2_83_RtExu-C-EcoFAB-Brachy-SynCom17_5__272.raw,20240225_EB_VN_106100-001_RingTrial2_20230627_EXP120A_HILICZ_USHXG02065_POS_MS2_83_RtExu-C-EcoFAB-Brachy-SynCom17_5__272.raw
ftp://massive-ftp.ucsd.edu/v08/MSV000095476/raw/20240225_EB_VN_106100-001_RingTrial2_20230627_EXP120A_HILICZ_USHXG02065_POS_MS2_84_RtExu-C-EcoFAB-Brachy-SynCom17_6__314.raw,20240225_EB_VN_106100-001_RingTrial2_20230627_EXP120A_HILICZ_USHXG02065_POS_MS2_84_RtExu-C-EcoFAB-Brachy-SynCom17_6__314.raw
ftp://massive-ftp.ucsd.edu/v08/MSV000095476/raw/20240225_EB_VN_106100-001_RingTrial2_20230627_EXP120A_HILICZ_USHXG02065_POS_MS2_85_RtExu-C-EcoFAB-Brachy-SynCom17_7__345.raw,20240225_EB_VN_106100-001_RingTrial2_20230627_EXP120A_HILICZ_USHXG02065_POS_MS2_85_RtExu-C-EcoFAB-Brachy-SynCom17_7__345.raw
ftp://massive-ftp.ucsd.edu/v08/MSV000095476/raw/20240225_EB_VN_106100-001_RingTrial2_20230627_EXP120A_HILICZ_USHXG02065_POS_MS2_86_TxCtrl-C-EcoFAB-Medium-Sterile_1__035.raw,20240225_EB_VN_106100-001_RingTrial2_20230627_EXP120A_HILICZ_USHXG02065_POS_MS2_86_TxCtrl-C-EcoFAB-Medium-Sterile_1__035.raw
ftp://massive-ftp.ucsd.edu/v08/MSV000095476/raw/20240225_EB_VN_106100-001_RingTrial2_20230627_EXP120A_HILICZ_USHXG02065_POS_MS2_87_TxCtrl-C-EcoFAB-Medium-Sterile_2__058.raw,20240225_EB_VN_106100-001_RingTrial2_20230627_EXP120A_HILICZ_USHXG02065_POS_MS2_87_TxCtrl-C-EcoFAB-Medium-Sterile_2__058.raw
ftp://massive-ftp.ucsd.edu/v08/MSV000095476/raw/20240225_EB_VN_106100-001_RingTrial2_20230627_EXP120A_HILICZ_USHXG02065_POS_MS2_88_TxCtrl-C-EcoFAB-Medium-Sterile_3__110.raw,20240225_EB_VN_106100-001_RingTrial2_20230627_EXP120A_HILICZ_USHXG02065_POS_MS2_88_TxCtrl-C-EcoFAB-Medium-Sterile_3__110.raw
ftp://massive-ftp.ucsd.edu/v08/MSV000095476/raw/20240225_EB_VN_106100-001_RingTrial2_20230627_EXP120A_HILICZ_USHXG02065_POS_MS2_89_TxCtrl-C-EcoFAB-Medium-Sterile_4__163.raw,20240225_EB_VN_106100-001_RingTrial2_20230627_EXP120A_HILICZ_USHXG02065_POS_MS2_89_TxCtrl-C-EcoFAB-Medium-Sterile_4__163.raw
ftp://massive-ftp.ucsd.edu/v08/MSV000095476/raw/20240225_EB_VN_106100-001_RingTrial2_20230627_EXP120A_HILICZ_USHXG02065_POS_MS2_8_RtExu-A-EcoFAB-Brachy-SynCom16_1__046.raw,20240225_EB_VN_106100-001_RingTrial2_20230627_EXP120A_HILICZ_USHXG02065_POS_MS2_8_RtExu-A-EcoFAB-Brachy-SynCom16_1__046.raw
ftp://massive-ftp.ucsd.edu/v08/MSV000095476/raw/20240225_EB_VN_106100-001_RingTrial2_20230627_EXP120A_HILICZ_USHXG02065_POS_MS2_90_TxCtrl-C-EcoFAB-Medium-Sterile_5_Reinj_413.raw,20240225_EB_VN_106100-001_RingTrial2_20230627_EXP120A_HILICZ_USHXG02065_POS_MS2_90_TxCtrl-C-EcoFAB-Medium-Sterile_5_Reinj_413.raw
ftp://massive-ftp.ucsd.edu/v08/MSV000095476/raw/20240225_EB_VN_106100-001_RingTrial2_20230627_EXP120A_HILICZ_USHXG02065_POS_MS2_91_TxCtrl-C-EcoFAB-Medium-Sterile_6__332.raw,20240225_EB_VN_106100-001_RingTrial2_20230627_EXP120A_HILICZ_USHXG02065_POS_MS2_91_TxCtrl-C-EcoFAB-Medium-Sterile_6__332.raw
ftp://massive-ftp.ucsd.edu/v08/MSV000095476/raw/20240225_EB_VN_106100-001_RingTrial2_20230627_EXP120A_HILICZ_USHXG02065_POS_MS2_92_TxCtrl-C-EcoFAB-Medium-Sterile_7__349.raw,20240225_EB_VN_106100-001_RingTrial2_20230627_EXP120A_HILICZ_USHXG02065_POS_MS2_92_TxCtrl-C-EcoFAB-Medium-Sterile_7__349.raw
ftp://massive-ftp.ucsd.edu/v08/MSV000095476/raw/20240225_EB_VN_106100-001_RingTrial2_20230627_EXP120A_HILICZ_USHXG02065_POS_MS2_97_RtExu-D-EcoFAB-Brachy-Axenic_1__019.raw,20240225_EB_VN_106100-001_RingTrial2_20230627_EXP120A_HILICZ_USHXG02065_POS_MS2_97_RtExu-D-EcoFAB-Brachy-Axenic_1__019.raw
ftp://massive-ftp.ucsd.edu/v08/MSV000095476/raw/20240225_EB_VN_106100-001_RingTrial2_20230627_EXP120A_HILICZ_USHXG02065_POS_MS2_98_RtExu-D-EcoFAB-Brachy-Axenic_2_Reinj_481.raw,20240225_EB_VN_106100-001_RingTrial2_20230627_EXP120A_HILICZ_USHXG02065_POS_MS2_98_RtExu-D-EcoFAB-Brachy-Axenic_2_Reinj_481.raw
ftp://massive-ftp.ucsd.edu/v08/MSV000095476/raw/20240225_EB_VN_106100-001_RingTrial2_20230627_EXP120A_HILICZ_USHXG02065_POS_MS2_99_RtExu-D-EcoFAB-Brachy-Axenic_3__128.raw,20240225_EB_VN_106100-001_RingTrial2_20230627_EXP120A_HILICZ_USHXG02065_POS_MS2_99_RtExu-D-EcoFAB-Brachy-Axenic_3__128.raw
ftp://massive-ftp.ucsd.edu/v08/MSV000095476/raw/20240225_EB_VN_106100-001_RingTrial2_20230627_EXP120A_HILICZ_USHXG02065_POS_MS2_9_RtExu-A-EcoFAB-Brachy-SynCom16_2__089.raw,20240225_EB_VN_106100-001_RingTrial2_20230627_EXP120A_HILICZ_USHXG02065_POS_MS2_9_RtExu-A-EcoFAB-Brachy-SynCom16_2__089.raw
